bearing_half_error_deg,crossing_angle_deg,estimated_diameter_m
0.8,8.0,294.95745746648004
0.8,8.25,286.0784299378824
0.8,8.5,277.7234798054281
0.8,8.75,269.84768768989966
0.8,9.0,262.41112529997537
0.8,9.25,255.37818096098331
0.8,9.5,248.71699163911816
0.8,9.75,242.39896234654995
0.8,10.0,236.3983576357695
0.8,10.25,230.69195287525127
0.8,10.5,225.25873534288178
0.8,10.75,220.0796470272835
0.8,11.0,215.13736250168802
0.8,11.25,210.41609641462887
0.8,11.5,205.9014360905457
0.8,11.75,201.58019550052694
0.8,12.0,197.44028748671127
0.8,12.25,193.4706116326834
0.8,12.5,189.66095558942413
0.8,12.75,186.00190800997478
0.8,13.0,182.48478153010345
0.8,13.25,179.10154446814352
0.8,13.5,175.84476011374085
0.8,13.75,172.70753263964897
0.8,14.0,169.6834588086909
0.8,14.25,166.76658476420042
0.8,14.5,163.95136729042022
0.8,14.75,161.2326390125219
0.8,15.0,158.60557707662616
0.8,15.25,156.06567491047846
0.8,15.5,153.60871671696472
0.8,15.75,151.23075439681725
0.8,16.0,148.92808663481955
0.8,16.25,146.69723991651625
0.8,16.5,144.53495127067927
0.8,16.75,142.43815255722603
0.8,17.0,140.4039561414997
0.8,17.25,138.42964181426615
0.8,17.5,136.5126448328553
0.8,17.75,134.6505449729126
0.8,18.0,132.8410564925055
0.8,18.25,131.08201892110026
0.8,18.5,129.37138859537978
0.8,18.75,127.70723087219768
0.8,19.0,126.08771295630098
0.8,19.25,124.51109728693302
0.8,19.5,122.97573543316102
0.8,19.75,121.4800624528511
0.8,20.0,120.02259167472201
0.8,20.25,118.60190986691482
0.8,20.5,117.21667275908364
0.8,20.75,115.86560088819208
0.8,21.0,114.5474757410403
0.8,21.25,113.26113616908572
0.8,21.5,112.00547505339415
0.8,21.75,110.77943619959586
0.8,22.0,109.58201144455073
0.8,22.25,108.41223795807127
0.8,22.5,107.2691957245323
0.8,22.75,106.15200519053002
0.8,23.0,105.05982506595589
0.8,23.25,103.9918502669386
0.8,23.5,102.94730999008887
0.8,23.75,101.9254659083726
0.8,24.0,100.92561047974341
0.8,24.25,99.9470653603974
0.8,24.5,98.98917991517709
0.8,24.75,98.05132981825548
0.8,25.0,97.13291573778052
0.8,25.25,96.23336209866112
0.8,25.5,95.35211591813184
0.8,25.75,94.48864570915045
0.8,26.0,93.6424404470624
0.8,26.25,92.81300859531467
0.8,26.5,91.99987718631925
0.8,26.75,91.20259095385862
0.8,27.0,90.42071151369247
0.8,27.25,89.65381658927004
0.8,27.5,88.90149927967789
0.8,27.75,88.16336736715968
0.8,28.0,87.43904266173442
0.8,28.25,86.72816038061546
0.8,28.5,86.03036856029307
0.8,28.75,85.34532749929245
0.8,29.0,84.67270922975622
0.8,29.25,84.01219701612676
0.8,29.5,83.36348487932067
0.8,29.75,82.72627714489612
0.8,30.0,82.10028801381328
0.8,30.25,81.4852411544809
0.8,30.5,80.88086931486778
0.8,30.75,80.28691395353692
0.8,31.0,79.70312488853489
0.8,31.25,79.12925996313537
0.8,31.5,78.56508472750187
0.8,31.75,78.01037213539111
0.8,32.0,77.46490225507529
0.8,32.25,76.92846199371104
0.8,32.5,76.40084483443174
0.8,32.75,75.88185058548275
0.8,33.0,75.3712851407612
0.8,33.25,74.86896025116012
0.8,33.5,74.37469330615234
0.8,33.75,73.88830712508361
0.8,34.0,73.40962975767467
0.8,34.25,72.93849429326227
0.8,34.5,72.47473867833548
0.8,34.75,72.01820554195001
0.8,35.0,71.568742028626
0.8,35.25,71.1261996383585
0.8,35.5,70.69043407338954
0.8,35.75,70.26130509141099
0.8,36.0,69.83867636488556
0.8,36.25,69.42241534619079
0.8,36.5,69.01239313830654
0.8,36.75,68.60848437078234
0.8,37.0,68.2105670807346
0.8,37.25,67.81852259863781
0.8,37.5,67.43223543868542
0.8,37.75,67.05159319350926
0.8,38.0,66.67648643305623
0.8,38.25,66.30680860743243
0.8,38.5,65.94245595353429
0.8,38.75,65.58332740529569
0.8,39.0,65.22932450738875
0.8,39.25,64.88035133222459
0.8,39.5,64.53631440010754
0.8,39.75,64.19712260240428
0.8,40.0,63.86268712759582
0.8,40.25,63.53292139008706
0.8,40.5,63.207740961654984
0.8,40.75,62.88706350542179
0.8,41.0,62.57080871224562
0.8,41.25,62.25889823942609
0.8,41.5,61.95125565162711
0.8,41.75,61.647806363924126
0.8,42.0,61.34847758688717
0.8,42.25,61.05319827361549
0.8,42.5,60.76189906864347
0.8,42.75,60.47451225864114
0.8,43.0,60.190971724836395
0.8,43.25,59.911212897089094
0.8,43.5,59.635172709550886
0.8,43.75,59.36278955784709
0.8,44.0,59.09400325772027
0.8,44.25,58.828755005077596
0.8,44.5,58.56698733738704
0.8,44.75,58.308644096369406
0.8,45.0,58.053670391935995
0.8,45.25,57.802012567323686
0.8,45.5,57.55361816538152
0.8,45.75,57.30843589596457
0.8,46.0,57.06641560439313
0.8,46.25,56.827508240936965
0.8,46.5,56.59166583128598
0.8,46.75,56.35884144797042
0.8,47.0,56.12898918269537
0.8,47.25,55.90206411955557
0.8,47.5,55.67802230909825
0.8,47.75,55.456820743203
0.8,48.0,55.2384173307486
0.8,48.25,55.022770874038684
0.8,48.5,54.809841045958706
0.8,48.75,54.59958836783787
0.8,49.0,54.39197418799113
0.8,49.25,54.18696066091692
0.8,49.5,53.98451072712753
0.8,49.75,53.784588093589925
0.8,50.0,53.58715721475567
0.8,50.25,53.39218327415939
0.8,50.5,53.19963216656625
0.8,50.75,53.00947048064938
0.8,51.0,52.821665482179185
0.8,51.25,52.63618509770721
0.8,51.5,52.45299789872745
0.8,51.75,52.2720730862994
0.8,52.0,52.09338047611697
0.8,52.25,51.916890484008704
0.8,52.5,51.742574111854594
0.8,52.75,51.57040293390614
0.8,53.0,51.40034908349588
0.8,53.25,51.232385240124074
0.8,53.5,51.066484616909925
0.8,53.75,50.90262094839569
0.8,54.0,50.740768478692196
0.8,54.25,50.58090194995476
0.8,54.5,50.42299659117903
0.8,54.75,50.26702810730654
0.8,55.0,50.11297266863
0.8,55.25,49.96080690048916
0.8,55.5,49.81050787324782
0.8,55.75,49.662053092543474
0.8,56.0,49.5154204898008
0.8,56.25,49.370588413001194
0.8,56.5,49.22753561770008
0.8,56.75,49.086241258284744
0.8,57.0,48.946684879465025
0.8,57.25,48.80884640799011
0.8,57.5,48.672706144584254
0.8,57.75,48.53824475609513
0.8,58.0,48.4054432678483
0.8,58.25,48.274283056201604
0.8,58.5,48.14474584129368
0.8,58.75,48.01681367998071
0.8,59.0,47.89046895895602
0.8,59.25,47.7656943880471
0.8,59.5,47.64247299368473
0.8,59.75,47.52078811253954
0.8,60.0,47.4006233853209
0.8,60.25,47.28196275073353
0.8,60.5,47.16479043958742
0.8,60.75,47.04909096905655
0.8,61.0,46.93484913708229
0.8,61.25,46.82205001691738
0.8,61.5,46.71067895180651
0.8,61.75,46.60072154979965
0.8,62.0,46.49216367869461
0.8,62.25,46.38499146110495
0.8,62.5,46.27919126965012
0.8,62.75,46.17474972226422
0.8,63.0,46.071653677620226
0.8,63.25,45.969890230666635
0.8,63.5,45.86944670827325
0.8,63.75,45.77031066498354
0.8,64.0,45.672469878870274
0.8,64.25,45.575912347492
0.8,64.5,45.48062628394766
0.8,64.75,45.38660011302652
0.8,65.0,45.29382246745125
0.8,65.25,45.20228218421136
0.8,65.5,45.11196830098499
0.8,65.75,45.022870052646454
0.8,66.0,44.93497686785758
0.8,66.25,44.8482783657405
0.8,66.5,44.762764352629986
0.8,66.75,44.67842481890319
0.8,67.0,44.59524993588485
0.8,67.25,44.51323005282615
0.8,67.5,44.4323556939553
0.8,67.75,44.35261755559811
0.8,68.0,44.27400650336679
0.8,68.25,44.19651356941538
0.8,68.5,44.120129949760056
0.8,68.75,44.04484700166284
0.8,69.0,43.97065624107713
0.8,69.25,43.89754934015366
0.8,69.5,43.82551812480522
0.8,69.75,43.754554572329056
0.8,70.0,43.68465080908532
0.8,70.25,43.615799108230384
0.8,70.5,43.54799188750376
0.8,70.75,43.481221707067306
0.8,71.0,43.41548126739553
0.8,71.25,43.3507634072159
0.8,71.5,43.28706110149796
0.8,71.75,43.22436745949014
0.8,72.0,43.16267572280323
0.8,72.25,43.10197926353943
0.8,72.5,43.04227158246611
0.8,72.75,42.98354630723307
0.8,73.0,42.92579719063257
0.8,73.25,42.869018108901074
0.8,73.5,42.81320306006187
0.8,73.75,42.758346162307696
0.8,74.0,42.704441652422496
0.8,74.25,42.65148388424156
0.8,74.5,42.59946732714912
0.8,74.75,42.54838656461283
0.8,75.0,42.498236292754164
0.8,75.25,42.44901131895417
0.8,75.5,42.40070656049381
0.8,75.75,42.35331704322818
0.8,76.0,42.30683790029401
0.8,76.25,42.26126437084975
0.8,76.5,42.21659179884759
0.8,76.75,42.172815631836926
0.8,77.0,42.12993141979855
0.8,77.25,42.08793481400908
0.8,77.5,42.04682156593499
0.8,77.75,42.00658752615584
0.8,78.0,41.96722864331605
0.8,78.25,41.92874096310477
0.8,78.5,41.891120627263405
0.8,78.75,41.8543638726202
0.8,79.0,41.818467030151524
0.8,79.25,41.78342652406944
0.8,79.5,41.74923887093498
0.8,79.75,41.71590067879686
0.8,80.0,41.683408646355126
0.8,80.25,41.651759562149465
0.8,80.5,41.62095030377165
0.8,80.75,41.590977837101825
0.8,81.0,41.56183921556836
0.8,81.25,41.53353157943077
0.8,81.5,41.5060521550855
0.8,81.75,41.479398254394205
0.8,82.0,41.45356727403423
0.8,82.25,41.428556694870956
0.8,82.5,41.40436408135182
0.8,82.75,41.38098708092167
0.8,83.0,41.358423423459094
0.8,83.25,41.336670920733745
0.8,83.5,41.315727465884116
0.8,83.75,41.295591032915695
0.8,84.0,41.27625967621928
0.8,84.25,41.25773153010916
0.8,84.5,41.240004808381016
0.8,84.75,41.2230778038893
0.8,85.0,41.206948888144034
0.8,85.25,41.19161651092658
0.8,85.5,41.17707919992456
0.8,85.75,41.163335560385455
0.8,86.0,41.15038427478894
0.8,86.25,41.1382241025377
0.8,86.5,41.12685387966664
0.8,86.75,41.11627251857032
0.8,87.0,41.1064790077486
0.8,87.25,41.097472411570166
0.8,87.5,41.08925187005416
0.8,87.75,41.08181659866948
0.8,88.0,41.07516588815186
0.8,88.25,41.069299104338675
0.8,88.5,41.06421568802125
0.8,88.75,41.05991515481471
0.8,89.0,41.056397095045334
0.8,89.25,41.05366117365528
0.8,89.5,41.05170713012469
0.8,89.75,41.05053477841119
0.8,90.0,41.050144006906635
1.0,8.0,368.6968218331
1.0,8.25,357.59803742235295
1.0,8.5,347.15434975678505
1.0,8.75,337.3096096123745
1.0,9.0,328.01390662496914
1.0,9.25,319.2227262012291
1.0,9.5,310.89623954889765
1.0,9.75,302.9987029331874
1.0,10.0,295.4979470447118
1.0,10.25,288.3649410940641
1.0,10.5,281.5734191786022
1.0,10.75,275.0995587841043
1.0,11.0,268.92170312711
1.0,11.25,263.02012051828603
1.0,11.5,257.3767951131821
1.0,11.75,251.97524437565866
1.0,12.0,246.80035935838907
1.0,12.25,241.8382645408542
1.0,12.5,237.07619448678014
1.0,12.75,232.50238501246844
1.0,13.0,228.10597691262927
1.0,13.25,223.87693058517937
1.0,13.5,219.80595014217604
1.0,13.75,215.8844157995612
1.0,14.0,212.10432351086357
1.0,14.25,208.45823095525049
1.0,14.5,204.93920911302527
1.0,14.75,201.54079876565237
1.0,15.0,198.25697134578266
1.0,15.25,195.08209363809806
1.0,15.5,192.01089589620585
1.0,15.75,189.03844299602156
1.0,16.0,186.16010829352442
1.0,16.25,183.37154989564527
1.0,16.5,180.66868908834905
1.0,16.75,178.04769069653253
1.0,17.0,175.5049451768746
1.0,17.25,173.03705226783268
1.0,17.5,170.6408060410691
1.0,17.75,168.31318121614072
1.0,18.0,166.05132061563182
1.0,18.25,163.8525236513753
1.0,18.5,161.71423574422468
1.0,18.75,159.6340385902471
1.0,19.0,157.6096411953762
1.0,19.25,155.63887160866625
1.0,19.5,153.71966929145125
1.0,19.75,151.85007806606387
1.0,20.0,150.0282395934025
1.0,20.25,148.25238733364353
1.0,20.5,146.52084094885453
1.0,20.75,144.83200111024007
1.0,21.0,143.18434467630036
1.0,21.25,141.57642021135715
1.0,21.5,140.00684381674267
1.0,21.75,138.47429524949482
1.0,22.0,136.9775143056884
1.0,22.25,135.51529744758906
1.0,22.5,134.08649465566535
1.0,22.75,132.6900064881625
1.0,23.0,131.32478133244484
1.0,23.25,129.98981283367323
1.0,23.5,128.68413748761108
1.0,23.75,127.40683238546573
1.0,24.0,126.15701309967925
1.0,24.25,124.93383170049673
1.0,24.5,123.73647489397135
1.0,24.75,122.56416227281933
1.0,25.0,121.41614467222564
1.0,25.25,120.29170262332639
1.0,25.5,119.19014489766478
1.0,25.75,118.11080713643804
1.0,26.0,117.05305055882798
1.0,26.25,116.01626074414332
1.0,26.5,114.99984648289904
1.0,26.75,114.00323869232327
1.0,27.0,113.02588939211556
1.0,27.25,112.06727073658753
1.0,27.5,111.12687409959736
1.0,27.75,110.20420920894958
1.0,28.0,109.298803327168
1.0,28.25,108.41020047576932
1.0,28.5,107.53796070036633
1.0,28.75,106.68165937411554
1.0,29.0,105.84088653719527
1.0,29.25,105.01524627015844
1.0,29.5,104.20435609915081
1.0,29.75,103.40784643112013
1.0,30.0,102.62536001726659
1.0,30.25,101.85655144310111
1.0,30.5,101.10108664358471
1.0,30.75,100.35864244192115
1.0,31.0,99.6289061106686
1.0,31.25,98.91157495391919
1.0,31.5,98.20635590937732
1.0,31.75,97.51296516923888
1.0,32.0,96.83112781884411
1.0,32.25,96.16057749213878
1.0,32.5,95.50105604303965
1.0,32.75,94.85231323185343
1.0,33.0,94.2141064259515
1.0,33.25,93.58620031395013
1.0,33.5,92.96836663269042
1.0,33.75,92.3603839063545
1.0,34.0,91.7620371970933
1.0,34.25,91.17311786657781
1.0,34.5,90.59342334791934
1.0,34.75,90.0227569274375
1.0,35.0,89.46092753578249
1.0,35.25,88.90774954794811
1.0,35.5,88.36304259173691
1.0,35.75,87.82663136426372
1.0,36.0,87.29834545610693
1.0,36.25,86.77801918273846
1.0,36.5,86.26549142288316
1.0,36.75,85.7606054634779
1.0,37.0,85.26320885091823
1.0,37.25,84.77315324829725
1.0,37.5,84.29029429835677
1.0,37.75,83.81449149188657
1.0,38.0,83.34560804132028
1.0,38.25,82.88351075929053
1.0,38.5,82.42806994191785
1.0,38.75,81.9791592566196
1.0,39.0,81.53665563423594
1.0,39.25,81.10043916528073
1.0,39.5,80.67039300013441
1.0,39.75,80.24640325300534
1.0,40.0,79.82835890949477
1.0,40.25,79.41615173760881
1.0,40.5,79.00967620206872
1.0,40.75,78.60882938177723
1.0,41.0,78.21351089030702
1.0,41.25,77.8236227992826
1.0,41.5,77.43906956453388
1.0,41.75,77.05975795490515
1.0,42.0,76.68559698360895
1.0,42.25,76.31649784201936
1.0,42.5,75.95237383580432
1.0,42.75,75.59314032330141
1.0,43.0,75.23871465604547
1.0,43.25,74.88901612136135
1.0,43.5,74.5439658869386
1.0,43.75,74.20348694730885
1.0,44.0,73.86750407215033
1.0,44.25,73.53594375634698
1.0,44.5,73.2087341717338
1.0,44.75,72.88580512046175
1.0,45.0,72.56708798991998
1.0,45.25,72.2525157091546
1.0,45.5,71.94202270672689
1.0,45.75,71.63554486995571
1.0,46.0,71.3330195054914
1.0,46.25,71.0343853011712
1.0,46.5,70.73958228910746
1.0,46.75,70.44855180996302
1.0,47.0,70.1612364783692
1.0,47.25,69.87758014944444
1.0,47.5,69.5975278863728
1.0,47.75,69.32102592900374
1.0,48.0,69.04802166343573
1.0,48.25,68.77846359254835
1.0,48.5,68.51230130744837
1.0,48.75,68.24948545979733
1.0,49.0,67.9899677349889
1.0,49.25,67.73370082614613
1.0,49.5,67.4806384089094
1.0,49.75,67.23073511698739
1.0,50.0,66.98394651844458
1.0,50.25,66.74022909269924
1.0,50.5,66.4995402082078
1.0,50.75,66.26183810081172
1.0,51.0,66.02708185272397
1.0,51.25,65.79523137213401
1.0,51.5,65.56624737340931
1.0,51.75,65.34009135787424
1.0,52.0,65.1167255951462
1.0,52.25,64.89611310501087
1.0,52.5,64.67821763981824
1.0,52.75,64.46300366738267
1.0,53.0,64.25043635436984
1.0,53.25,64.04048155015508
1.0,53.5,63.833105771137404
1.0,53.75,63.62827618549461
1.0,54.0,63.425960598365236
1.0,54.25,63.22612743744343
1.0,54.5,63.02874573897378
1.0,54.75,62.83378513413316
1.0,55.0,62.641215835787484
1.0,55.25,62.45100862561144
1.0,55.5,62.263134841559776
1.0,55.75,62.07756636567934
1.0,56.0,61.894275612251
1.0,56.25,61.71323551625149
1.0,56.5,61.53441952212509
1.0,56.75,61.35780157285592
1.0,57.0,61.18335609933128
1.0,57.25,61.01105800998763
1.0,57.5,60.84088268073031
1.0,57.75,60.6728059451189
1.0,58.0,60.50680408481036
1.0,58.25,60.342853820251996
1.0,58.5,60.180932301617084
1.0,58.75,60.02101709997588
1.0,59.0,59.86308619869502
1.0,59.25,59.707117985058865
1.0,59.5,59.5530912421059
1.0,59.75,59.40098514067442
1.0,60.0,59.250779231651116
1.0,60.25,59.1024534384169
1.0,60.5,58.95598804948426
1.0,60.75,58.81136371132068
1.0,61.0,58.668561421352855
1.0,61.25,58.52756252114671
1.0,61.5,58.388348689758125
1.0,61.75,58.25090193724956
1.0,62.0,58.11520459836825
1.0,62.25,57.98123932638118
1.0,62.5,57.84898908706264
1.0,62.75,57.71843715283026
1.0,63.0,57.589567097025274
1.0,63.25,57.46236278833328
1.0,63.5,57.336808385341556
1.0,63.75,57.21288833122942
1.0,64.0,57.09058734858783
1.0,64.25,56.96989043436499
1.0,64.5,56.850782854934565
1.0,64.75,56.73325014128314
1.0,65.0,56.61727808431405
1.0,65.25,56.502852730264195
1.0,65.5,56.38996037623123
1.0,65.75,56.27858756580807
1.0,66.0,56.16872108482197
1.0,66.25,56.060347957175615
1.0,66.5,55.95345544078748
1.0,66.75,55.84803102362898
1.0,67.0,55.74406241985606
1.0,67.25,55.64153756603268
1.0,67.5,55.54044461744412
1.0,67.75,55.44077194449763
1.0,68.0,55.34250812920848
1.0,68.25,55.24564196176922
1.0,68.5,55.15016243720006
1.0,68.75,55.05605875207854
1.0,69.0,54.96332030134641
1.0,69.25,54.87193667519206
1.0,69.5,54.78189765600652
1.0,69.75,54.69319321541131
1.0,70.0,54.605813511356644
1.0,70.25,54.51974888528797
1.0,70.5,54.43498985937969
1.0,70.75,54.351527133834125
1.0,71.0,54.2693515842444
1.0,71.25,54.18845425901986
1.0,71.5,54.10882637687244
1.0,71.75,54.03045932436267
1.0,72.0,53.953344653504026
1.0,72.25,53.877474079424275
1.0,72.5,53.802839478082625
1.0,72.75,53.72943288404133
1.0,73.0,53.65724648829071
1.0,73.25,53.58627263612634
1.0,73.5,53.51650382507733
1.0,73.75,53.44793270288461
1.0,74.0,53.380552065528114
1.0,74.25,53.31435485530194
1.0,74.5,53.2493341589364
1.0,74.75,53.185483205766026
1.0,75.0,53.12279536594269
1.0,75.25,53.06126414869271
1.0,75.5,53.00088320061725
1.0,75.75,52.94164630403522
1.0,76.0,52.88354737536751
1.0,76.25,52.82658046356218
1.0,76.5,52.77073974855948
1.0,76.75,52.71601953979615
1.0,77.0,52.66241427474819
1.0,77.25,52.609918517511346
1.0,77.5,52.55852695741873
1.0,77.75,52.50823440769479
1.0,78.0,52.45903580414505
1.0,78.25,52.410926203880955
1.0,78.5,52.36390078407925
1.0,78.75,52.317954840775236
1.0,79.0,52.273083787689394
1.0,79.25,52.22928315508679
1.0,79.5,52.18654858866872
1.0,79.75,52.144875848496056
1.0,80.0,52.1042608079439
1.0,80.25,52.064699452686824
1.0,80.5,52.02618787971455
1.0,80.75,51.988722296377276
1.0,81.0,51.95229901946044
1.0,81.25,51.916914474288454
1.0,81.5,51.88256519385687
1.0,81.75,51.84924781799275
1.0,82.0,51.816959092542774
1.0,82.25,51.78569586858868
1.0,82.5,51.755455101689776
1.0,82.75,51.72623385115208
1.0,83.0,51.69802927932386
1.0,83.25,51.670838650917176
1.0,83.5,51.64465933235514
1.0,83.75,51.61948879114461
1.0,84.0,51.5953245952741
1.0,84.25,51.57216441263645
1.0,84.5,51.55000601047626
1.0,84.75,51.528847254861624
1.0,85.0,51.50868611018004
1.0,85.25,51.48952063865822
1.0,85.5,51.47134899990569
1.0,85.75,51.45416945048181
1.0,86.0,51.43798034348617
1.0,86.25,51.42278012817212
1.0,86.5,51.408567349583286
1.0,86.75,51.395340648212894
1.0,87.0,51.38309875968574
1.0,87.25,51.3718405144627
1.0,87.5,51.36156483756769
1.0,87.75,51.35227074833684
1.0,88.0,51.34395736018981
1.0,88.25,51.33662388042334
1.0,88.5,51.330269610026555
1.0,88.75,51.32489394351838
1.0,89.0,51.32049636880666
1.0,89.25,51.317076467069086
1.0,89.5,51.31463391265585
1.0,89.75,51.31316847301398
1.0,90.0,51.312680008633286
1.2,8.0,442.43618619971994
1.2,8.25,429.1176449068235
1.2,8.5,416.585219708142
1.2,8.75,404.7715315348494
1.2,9.0,393.6166879499629
1.2,9.25,383.0672714414749
1.2,9.5,373.0754874586772
1.2,9.75,363.59844351982485
1.2,10.0,354.59753645365413
1.2,10.25,346.0379293128768
1.2,10.5,337.8881030143226
1.2,10.75,330.1194705409252
1.2,11.0,322.70604375253197
1.2,11.25,315.62414462194323
1.2,11.5,308.85215413581847
1.2,11.75,302.3702932507903
1.2,12.0,296.1604312300669
1.2,12.25,290.20591744902504
1.2,12.5,284.49143338413614
1.2,12.75,279.0028620149621
1.2,13.0,273.7271722951551
1.2,13.25,268.6523167022152
1.2,13.5,263.76714017061124
1.2,13.75,259.06129895947345
1.2,14.0,254.52518821303627
1.2,14.25,250.14987714630058
1.2,14.5,245.9270509356303
1.2,14.75,241.8489585187828
1.2,15.0,237.90836561493919
1.2,15.25,234.09851236571765
1.2,15.5,230.413075075447
1.2,15.75,226.84613159522584
1.2,16.0,223.39212995222928
1.2,16.25,220.0458598747743
1.2,16.5,216.80242690601887
1.2,16.75,213.657228835839
1.2,17.0,210.6059342122495
1.2,17.25,207.64446272139918
1.2,17.5,204.76896724928292
1.2,17.75,201.97581745936884
1.2,18.0,199.26158473875816
1.2,18.25,196.62302838165033
1.2,18.5,194.0570828930696
1.2,18.75,191.56084630829648
1.2,19.0,189.13156943445142
1.2,19.25,186.7666459303995
1.2,19.5,184.4636031497415
1.2,19.75,182.22009367927663
1.2,20.0,180.03388751208297
1.2,20.25,177.90286480037219
1.2,20.5,175.82500913862543
1.2,20.75,173.79840133228808
1.2,21.0,171.8212136115604
1.2,21.25,169.89170425362855
1.2,21.5,168.0082125800912
1.2,21.75,166.16915429939377
1.2,22.0,164.37301716682606
1.2,22.25,162.61835693710688
1.2,22.5,160.9037935867984
1.2,22.75,159.22800778579497
1.2,23.0,157.5897375989338
1.2,23.25,155.98777540040788
1.2,23.5,154.42096498513328
1.2,23.75,152.88819886255885
1.2,24.0,151.38841571961507
1.2,24.25,149.92059804059605
1.2,24.5,148.4837698727656
1.2,24.75,147.07699472738318
1.2,25.0,145.69937360667075
1.2,25.25,144.35004314799164
1.2,25.5,143.02817387719773
1.2,25.75,141.73296856372562
1.2,26.0,140.46366067059355
1.2,26.25,139.21951289297198
1.2,26.5,137.99981577947884
1.2,26.75,136.8038864307879
1.2,27.0,135.63106727053867
1.2,27.25,134.48072488390503
1.2,27.5,133.35224891951682
1.2,27.75,132.24505105073948
1.2,28.0,131.1585639926016
1.2,28.25,130.09224057092317
1.2,28.5,129.04555284043957
1.2,28.75,128.01799124893864
1.2,29.0,127.00906384463431
1.2,29.25,126.01829552419012
1.2,29.5,125.04522731898096
1.2,29.75,124.08941571734414
1.2,30.0,123.15043202071989
1.2,30.25,122.22786173172132
1.2,30.5,121.32130397230164
1.2,30.75,120.43037093030536
1.2,31.0,119.5546873328023
1.2,31.25,118.69388994470302
1.2,31.5,117.84762709125278
1.2,31.75,117.01555820308664
1.2,32.0,116.19735338261292
1.2,32.25,115.39269299056654
1.2,32.5,114.60126725164758
1.2,32.75,113.8227758782241
1.2,33.0,113.05692771114178
1.2,33.25,112.30344037674016
1.2,33.5,111.56203995922849
1.2,33.75,110.8324606876254
1.2,34.0,110.11444463651196
1.2,34.25,109.40774143989337
1.2,34.5,108.7121080175032
1.2,34.75,108.02730831292499
1.2,35.0,107.35311304293897
1.2,35.25,106.68929945753773
1.2,35.5,106.03565111008429
1.2,35.75,105.39195763711645
1.2,36.0,104.7580145473283
1.2,36.25,104.13362301928615
1.2,36.5,103.51858970745978
1.2,36.75,102.91272655617347
1.2,37.0,102.31585062110187
1.2,37.25,101.72778389795668
1.2,37.5,101.14835315802812
1.2,37.75,100.57738979026387
1.2,38.0,100.01472964958431
1.2,38.25,99.46021291114862
1.2,38.5,98.9136839303014
1.2,38.75,98.37499110794352
1.2,39.0,97.84398676108312
1.2,39.25,97.32052699833686
1.2,39.5,96.80447160016129
1.2,39.75,96.2956839036064
1.2,40.0,95.7940306913937
1.2,40.25,95.29938208513057
1.2,40.5,94.81161144248246
1.2,40.75,94.33059525813266
1.2,41.0,93.8562130683684
1.2,41.25,93.3883473591391
1.2,41.5,92.92688347744064
1.2,41.75,92.47170954588617
1.2,42.0,92.02271638033073
1.2,42.25,91.57979741042321
1.2,42.5,91.14284860296519
1.2,42.75,90.7117683879617
1.2,43.0,90.28645758725457
1.2,43.25,89.86681934563362
1.2,43.5,89.45275906432632
1.2,43.75,89.04418433677061
1.2,44.0,88.64100488658038
1.2,44.25,88.24313250761638
1.2,44.5,87.85048100608054
1.2,44.75,87.46296614455409
1.2,45.0,87.08050558790397
1.2,45.25,86.7030188509855
1.2,45.5,86.33042724807227
1.2,45.75,85.96265384394684
1.2,46.0,85.59962340658967
1.2,46.25,85.24126236140543
1.2,46.5,84.88749874692894
1.2,46.75,84.53826217195561
1.2,47.0,84.19348377404303
1.2,47.25,83.85309617933333
1.2,47.5,83.51703346364737
1.2,47.75,83.18523111480448
1.2,48.0,82.85762599612288
1.2,48.25,82.534156311058
1.2,48.5,82.21476156893804
1.2,48.75,81.89938255175679
1.2,49.0,81.58796128198668
1.2,49.25,81.28044099137536
1.2,49.5,80.97676609069127
1.2,49.75,80.67688214038486
1.2,50.0,80.38073582213349
1.2,50.25,80.08827491123907
1.2,50.5,79.79944824984936
1.2,50.75,79.51420572097405
1.2,51.0,79.23249822326876
1.2,51.25,78.9542776465608
1.2,51.5,78.67949684809116
1.2,51.75,78.40810962944909
1.2,52.0,78.14007071417544
1.2,52.25,77.87533572601303
1.2,52.5,77.61386116778188
1.2,52.75,77.35560440085919
1.2,53.0,77.10052362524381
1.2,53.25,76.8485778601861
1.2,53.5,76.59972692536488
1.2,53.75,76.35393142259353
1.2,54.0,76.11115271803827
1.2,54.25,75.87135292493211
1.2,54.5,75.63449488676854
1.2,54.75,75.40054216095979
1.2,55.0,75.16945900294498
1.2,55.25,74.94121035073373
1.2,55.5,74.71576180987172
1.2,55.75,74.4930796388152
1.2,56.0,74.27313073470118
1.2,56.25,74.05588261950177
1.2,56.5,73.8413034265501
1.2,56.75,73.6293618874271
1.2,57.0,73.42002731919753
1.2,57.25,73.21326961198515
1.2,57.5,73.00905921687637
1.2,57.75,72.80736713414268
1.2,58.0,72.60816490177243
1.2,58.25,72.4114245843024
1.2,58.5,72.2171187619405
1.2,58.75,72.02522051997104
1.2,59.0,71.83570343843402
1.2,59.25,71.64854158207064
1.2,59.5,71.46370949052708
1.2,59.75,71.2811821688093
1.2,60.0,71.10093507798133
1.2,60.25,70.92294412610028
1.2,60.5,70.74718565938112
1.2,60.75,70.57363645358481
1.2,61.0,70.40227370562341
1.2,61.25,70.23307502537605
1.2,61.5,70.06601842770975
1.2,61.75,69.90108232469946
1.2,62.0,69.7382455180419
1.2,62.25,69.57748719165741
1.2,62.5,69.41878690447516
1.2,62.75,69.26212458339631
1.2,63.0,69.10748051643033
1.2,63.25,68.95483534599994
1.2,63.5,68.80417006240987
1.2,63.75,68.6554659974753
1.2,64.0,68.50870481830539
1.2,64.25,68.36386852123798
1.2,64.5,68.22093942592147
1.2,64.75,68.07990016953975
1.2,65.0,67.94073370117685
1.2,65.25,67.80342327631703
1.2,65.5,67.66795245147748
1.2,65.75,67.53430507896967
1.2,66.0,67.40246530178635
1.2,66.25,67.27241754861073
1.2,66.5,67.14414652894496
1.2,66.75,67.01763722835477
1.2,67.0,66.89287490382726
1.2,67.25,66.76984507923922
1.2,67.5,66.64853354093295
1.2,67.75,66.52892633339715
1.2,68.0,66.41100975505017
1.2,68.25,66.29477035412306
1.2,68.5,66.18019492464006
1.2,68.75,66.06727050249424
1.2,69.0,65.95598436161568
1.2,69.25,65.84632401023048
1.2,69.5,65.73827718720781
1.2,69.75,65.63183185849357
1.2,70.0,65.52697621362796
1.2,70.25,65.42369866234556
1.2,70.5,65.32198783125563
1.2,70.75,65.22183256060094
1.2,71.0,65.12322190109327
1.2,71.25,65.02614511082383
1.2,71.5,64.93059165224693
1.2,71.75,64.8365511892352
1.2,72.0,64.74401358420482
1.2,72.25,64.65296889530913
1.2,72.5,64.56340737369915
1.2,72.75,64.47531946084959
1.2,73.0,64.38869578594884
1.2,73.25,64.3035271633516
1.2,73.5,64.21980459009279
1.2,73.75,64.13751924346153
1.2,74.0,64.05666247863373
1.2,74.25,63.97722582636232
1.2,74.5,63.89920099072367
1.2,74.75,63.822579846919226
1.2,75.0,63.74735443913123
1.2,75.25,63.673516978431245
1.2,75.5,63.6010598407407
1.2,75.75,63.52997556484225
1.2,76.0,63.460256850441006
1.2,76.25,63.39189655627461
1.2,76.5,63.32488769827137
1.2,76.75,63.25922344775537
1.2,77.0,63.194897129697814
1.2,77.25,63.13190222101361
1.2,77.5,63.07023234890247
1.2,77.75,63.009881289233746
1.2,78.0,62.95084296497406
1.2,78.25,62.893111444657144
1.2,78.5,62.83668094089509
1.2,78.75,62.781545808930275
1.2,79.0,62.727700545227265
1.2,79.25,62.67513978610414
1.2,79.5,62.623858306402454
1.2,79.75,62.57385101819526
1.2,80.0,62.52511296953267
1.2,80.25,62.47763934322418
1.2,80.5,62.431425455657454
1.2,80.75,62.38646675565272
1.2,81.0,62.342758823352526
1.2,81.25,62.30029736914614
1.2,81.5,62.259078232628234
1.2,81.75,62.2190973815913
1.2,82.0,62.18035091105132
1.2,82.25,62.142835042306416
1.2,82.5,62.10654612202772
1.2,82.75,62.071480621382484
1.2,83.0,62.03763513518863
1.2,83.25,62.00500638110061
1.2,83.5,61.97359119882616
1.2,83.75,61.94338654937353
1.2,84.0,61.91438951432892
1.2,84.25,61.88659729516373
1.2,84.5,61.86000721257151
1.2,84.75,61.83461670583394
1.2,85.0,61.81042333221603
1.2,85.25,61.787424766389854
1.2,85.5,61.76561879988682
1.2,85.75,61.745003340578165
1.2,86.0,61.7255764121834
1.2,86.25,61.70733615380654
1.2,86.5,61.69028081949994
1.2,86.75,61.67440877785547
1.2,87.0,61.65971851162288
1.2,87.25,61.646208617355235
1.2,87.5,61.63387780508123
1.2,87.75,61.6227248980042
1.2,88.0,61.61274883222777
1.2,88.25,61.603948656508
1.2,88.5,61.59632353203186
1.2,88.75,61.58987273222205
1.2,89.0,61.58459564256798
1.2,89.25,61.5804917604829
1.2,89.5,61.57756069518702
1.2,89.75,61.57580216761677
1.2,90.0,61.57521601035994
