ring_radius_m,centre_distance_m,boundary_worst_distance_m,guaranteed_worst_distance_m,coverage_margin_m,coverage_guaranteed
990.0,990.0,1004.513292493324,1004.513292493324,-4.513292493324002,False
990.05,990.05,1004.4818479691683,1004.4818479691683,-4.481847969168257,False
990.1,990.1,1004.450404949559,1004.450404949559,-4.450404949559015,False
990.15,990.15,1004.4189634346371,1004.4189634346371,-4.418963434637135,False
990.2,990.2,1004.3875234245438,1004.3875234245438,-4.387523424543815,False
990.25,990.25,1004.3560849194204,1004.3560849194204,-4.356084919420368,False
990.3,990.3,1004.3246479194082,1004.3246479194082,-4.324647919408221,False
990.35,990.35,1004.2932124246493,1004.2932124246493,-4.293212424649255,False
990.4,990.4,1004.2617784352836,1004.2617784352836,-4.261778435283645,False
990.45,990.45,1004.2303459514538,1004.2303459514538,-4.230345951453842,False
990.5,990.5,1004.1989149733004,1004.1989149733004,-4.1989149733003615,False
990.55,990.55,1004.1674855009653,1004.1674855009653,-4.167485500965313,False
990.6,990.6,1004.1360575345898,1004.1360575345898,-4.136057534589781,False
990.65,990.65,1004.1046310743152,1004.1046310743152,-4.1046310743151935,False
990.7,990.7,1004.0732061202829,1004.0732061202829,-4.073206120282862,False
990.75,990.75,1004.0417826726343,1004.0417826726343,-4.0417826726343264,False
990.8,990.8,1004.0103607315111,1004.0103607315111,-4.010360731511128,False
990.85,990.85,1003.9789402970548,1003.9789402970548,-3.9789402970548053,False
990.9,990.9,1003.9475213694061,1003.9475213694061,-3.947521369406104,False
990.95,990.95,1003.9161039487074,1003.9161039487074,-3.9161039487073595,False
991.0,991.0,1003.8846880350998,1003.8846880350998,-3.884688035099771,False
991.05,991.05,1003.8532736287247,1003.8532736287247,-3.8532736287246507,False
991.1,991.1,1003.8218607297237,1003.8218607297237,-3.821860729723653,False
991.15,991.15,1003.7904493382381,1003.7904493382381,-3.7904493382380906,False
991.2,991.2,1003.7590394544102,1003.7590394544102,-3.7590394544101855,False
991.25,991.25,1003.7276310783803,1003.7276310783803,-3.727631078380341,False
991.3,991.3,1003.6962242102908,1003.6962242102908,-3.6962242102907794,False
991.35,991.35,1003.6648188502834,1003.6648188502834,-3.664818850283382,False
991.4,991.4,1003.6334149984992,1003.6334149984992,-3.6334149984992337,False
991.45,991.45,1003.6020126550801,1003.6020126550801,-3.6020126550801024,False
991.5,991.5,1003.5706118201673,1003.5706118201673,-3.5706118201673007,False
991.55,991.55,1003.5392124939027,1003.5392124939027,-3.53921249390271,False
991.6,991.6,1003.5078146764282,1003.5078146764282,-3.507814676428211,False
991.65,991.65,1003.4764183678847,1003.4764183678847,-3.476418367884662,False
991.7,991.7,1003.4450235684144,1003.4450235684144,-3.445023568414399,False
991.75,991.75,1003.4136302781584,1003.4136302781584,-3.4136302781583936,False
991.8,991.8,1003.3822384972591,1003.3822384972591,-3.3822384972590953,False
991.85,991.85,1003.3508482258579,1003.3508482258579,-3.3508482258579306,False
991.9,991.9,1003.3194594640962,1003.3194594640962,-3.3194594640962123,False
991.95,991.95,1003.2880722121157,1003.2880722121157,-3.2880722121157078,False
992.0,992.0,1003.2566864700583,1003.2566864700583,-3.2566864700582983,False
992.05,992.05,1003.2253022380656,1003.2253022380656,-3.2253022380656375,False
992.1,992.1,1003.1939195162798,1003.1939195162798,-3.193919516279834,False
992.15,992.15,1003.1625383048417,1003.1625383048417,-3.162538304841746,False
992.2,992.2,1003.131158603894,1003.131158603894,-3.1311586038940504,False
992.25,992.25,1003.0997804135781,1003.0997804135781,-3.09978041357806,False
992.3,992.3,1003.0684037340355,1003.0684037340355,-3.0684037340355417,False
992.35,992.35,1003.0370285654083,1003.0370285654083,-3.0370285654082636,False
992.4,992.4,1003.005654907838,1003.005654907838,-3.005654907837993,False
992.45,992.45,1002.9742827614671,1002.9742827614671,-2.974282761467066,False
992.5,992.5,1002.9429121264362,1002.9429121264362,-2.9429121264362266,False
992.55,992.55,1002.9115430028878,1002.9115430028878,-2.911543002887811,False
992.6,992.6,1002.8801753909643,1002.8801753909643,-2.8801753909642684,False
992.65,992.65,1002.8488092908068,1002.8488092908068,-2.8488092908067983,False
992.7,992.7,1002.8174447025573,1002.8174447025573,-2.8174447025572817,False
992.75,992.75,1002.7860816263577,1002.7860816263577,-2.7860816263577135,False
992.8,992.8,1002.7547200623497,1002.7547200623497,-2.7547200623497474,False
992.85,992.85,1002.723360010676,1002.723360010676,-2.723360010675947,False
992.9,992.9,1002.6920014714774,1002.6920014714774,-2.692001471477397,False
992.95,992.95,1002.6606444448965,1002.6606444448965,-2.6606444448965476,False
993.0,993.0,1002.6292889310746,1002.6292889310746,-2.6292889310745977,False
993.05,993.05,1002.5979349301543,1002.5979349301543,-2.597934930154338,False
993.1,993.1,1002.5665824422773,1002.5665824422773,-2.5665824422773085,False
993.15,993.15,1002.5352314675855,1002.5352314675855,-2.535231467585504,False
993.2,993.2,1002.5038820062208,1002.5038820062208,-2.503882006220806,False
993.25,993.25,1002.4725340583252,1002.4725340583252,-2.472534058325209,False
993.3,993.3,1002.4411876240407,1002.4411876240407,-2.441187624040708,False
993.35,993.35,1002.4098427035098,1002.4098427035098,-2.409842703509753,False
993.4,993.4,1002.3784992968734,1002.3784992968734,-2.3784992968734286,False
993.45,993.45,1002.3471574042748,1002.3471574042748,-2.3471574042747534,False
993.5,993.5,1002.3158170258552,1002.3158170258552,-2.3158170258551536,False
993.55,993.55,1002.2844781617569,1002.2844781617569,-2.2844781617568515,False
993.6,993.6,1002.2531408121217,1002.2531408121217,-2.2531408121217282,False
993.65,993.65,1002.2218049770919,1002.2218049770919,-2.2218049770918924,False
993.7,993.7,1002.1904706568099,1002.1904706568099,-2.1904706568099073,False
993.75,993.75,1002.159137851417,1002.159137851417,-2.159137851416972,False
993.8,993.8,1002.1278065610555,1002.1278065610555,-2.127806561055536,False
993.85,993.85,1002.0964767858683,1002.0964767858683,-2.0964767858682762,False
993.9,993.9,1002.0651485259967,1002.0651485259967,-2.065148525996733,False
993.95,993.95,1002.0338217815831,1002.0338217815831,-2.0338217815831285,False
994.0,994.0,1002.0024965527698,1002.0024965527698,-2.0024965527697987,False
994.05,994.05,1001.9711728396985,1001.9711728396985,-1.9711728396985109,False
994.1,994.1,1001.9398506425119,1001.9398506425119,-1.9398506425119422,False
994.15,994.15,1001.9085299613515,1001.9085299613515,-1.908529961351519,False
994.2,994.2,1001.8772107963601,1001.8772107963601,-1.8772107963601457,False
994.25,994.25,1001.8458931476792,1001.8458931476792,-1.8458931476792486,False
994.3,994.3,1001.814577015452,1001.814577015452,-1.8145770154519596,False
994.35,994.35,1001.78326239982,1001.78326239982,-1.783262399820046,False
994.4,994.4,1001.7519493009256,1001.7519493009256,-1.7519493009256166,False
994.45,994.45,1001.720637718911,1001.720637718911,-1.7206377189110071,False
994.5,994.5,1001.6893276539183,1001.6893276539183,-1.6893276539183262,False
994.55,994.55,1001.65801910609,1001.65801910609,-1.6580191060900233,False
994.6,994.6,1001.6267120755687,1001.6267120755687,-1.626712075568662,False
994.65,994.65,1001.5954065624958,1001.5954065624958,-1.595406562495782,False
994.7,994.7,1001.5641025670144,1001.5641025670144,-1.5641025670144018,False
994.75,994.75,1001.5328000892665,1001.5328000892665,-1.532800089266516,False
994.8,994.8,1001.5014991293943,1001.5014991293943,-1.5014991293943467,False
994.85,994.85,1001.4701996875402,1001.4701996875402,-1.4701996875402301,False
994.9,994.9,1001.4389017638465,1001.4389017638465,-1.438901763846502,False
994.95,994.95,1001.4076053584561,1001.4076053584561,-1.4076053584560668,False
995.0,995.0,1001.3763104715102,1001.3763104715102,-1.3763104715102372,False
995.05,995.05,1001.345017103152,1001.345017103152,-1.3450171031520313,False
995.1,995.1,1001.313725253524,1001.313725253524,-1.3137252535240123,False
995.15,995.15,1001.2824349227682,1001.2824349227682,-1.282434922768175,False
995.2,995.2,1001.251146111027,1001.251146111027,-1.2511461110269693,False
995.25,995.25,1001.2198588184428,1001.2198588184428,-1.2198588184428445,False
995.3,995.3,1001.1885730451581,1001.1885730451581,-1.1885730451581367,False
995.35,995.35,1001.1572887913159,1001.1572887913159,-1.1572887913158638,False
995.4,995.4,1001.1260060570575,1001.1260060570575,-1.1260060570574524,False
995.45,995.45,1001.0947248425263,1001.0947248425263,-1.0947248425262615,False
995.5,995.5,1001.0634451478638,1001.0634451478638,-1.0634451478638312,False
995.55,995.55,1001.0321669732137,1001.0321669732137,-1.032166973213748,False
995.6,995.6,1001.0008903187178,1001.0008903187178,-1.0008903187177793,False
995.65,995.65,1000.9696151845186,1000.9696151845186,-0.9696151845186023,False
995.7,995.7,1000.9383415707587,1000.9383415707587,-0.9383415707586664,False
995.75,995.75,1000.9070694775804,1000.9070694775804,-0.9070694775804213,False
995.8,995.8,1000.8757989051265,1000.8757989051265,-0.875798905126544,False
995.85,995.85,1000.8445298535398,1000.8445298535398,-0.8445298535398251,False
995.9,995.9,1000.8132623229621,1000.8132623229621,-0.8132623229621458,False
995.95,995.95,1000.7819963135369,1000.7819963135369,-0.7819963135368653,False
996.0,996.0,1000.750731825406,1000.750731825406,-0.7507318254059783,False
996.05,996.05,1000.7194688587123,1000.7194688587123,-0.7194688587122755,False
996.1,996.1,1000.6882074135985,1000.6882074135985,-0.6882074135985476,False
996.15,996.15,1000.6569474902069,1000.6569474902069,-0.6569474902069032,False
996.2,996.2,1000.6256890886806,1000.6256890886806,-0.6256890886805877,False
996.25,996.25,1000.5944322091613,1000.5944322091613,-0.5944322091612548,False
996.3,996.3,1000.5631768517923,1000.5631768517923,-0.5631768517922637,False
996.35,996.35,1000.5319230167165,1000.5319230167165,-0.5319230167165188,False
996.4,996.4,1000.5006707040762,1000.5006707040762,-0.5006707040762421,False
996.45,996.45,1000.4694199140142,1000.4694199140142,-0.46941991401422456,False
996.5,996.5,1000.438170646673,1000.438170646673,-0.4381706466730293,False
996.55,996.55,1000.4069229021953,1000.4069229021953,-0.40692290219533334,False
996.6,996.6,1000.3756766807244,1000.3756766807244,-0.3756766807243821,False
996.65,996.65,1000.3444319824019,1000.3444319824019,-0.34443198240194306,False
996.7,996.7,1000.3131888073716,1000.3131888073716,-0.3131888073716027,False
996.75,996.75,1000.2819471557754,1000.2819471557754,-0.2819471557753559,False
996.8,996.8,1000.2507070277567,1000.2507070277567,-0.2507070277566754,False
996.85,996.85,1000.2194684234579,1000.2194684234579,-0.2194684234578972,False
996.9,996.9,1000.1882313430219,1000.1882313430219,-0.18823134302192557,False
996.95,996.95,1000.1569957865913,1000.1569957865913,-0.15699578659132385,False
997.0,997.0,1000.1257617543091,1000.1257617543091,-0.12576175430911007,False
997.05,997.05,1000.094529246318,1000.094529246318,-0.09452924631796122,False
997.1,997.1,1000.0632982627611,1000.0632982627611,-0.06329826276112271,False
997.15,997.15,1000.0320688037806,1000.0320688037806,-0.032068803780589406,False
997.2,997.2,1000.0008408695202,1000.0008408695202,-0.000840869520175147,False
997.25,997.25,999.9696144601221,999.9696144601221,0.030385539877897827,True
997.3,997.3,999.9383895757292,999.9383895757292,0.06161042427083885,True
997.35,997.35,999.9071662164845,999.9071662164845,0.09283378351551619,True
997.4,997.4,999.8759443825307,999.8759443825307,0.12405561746925287,True
997.45,997.45,999.8447240740113,999.8447240740113,0.15527592598868978,True
997.5,997.5,999.8135052910683,999.8135052910683,0.18649470893171838,True
997.55,997.55,999.7822880338449,999.7822880338449,0.21771196615509325,True
997.6,997.6,999.7510723024845,999.7510723024845,0.2489276975154553,True
997.65,997.65,999.7198580971299,999.7198580971299,0.2801419028701275,True
997.7,997.7,999.6886454179237,999.6886454179237,0.3113545820763193,True
997.75,997.75,999.6574342650089,999.6574342650089,0.3425657349911262,True
997.8,997.8,999.6262246385286,999.6262246385286,0.37377536147141655,True
997.85,997.85,999.5950165386262,999.5950165386262,0.40498346137383123,True
997.9,997.9,999.5638099654436,999.5638099654436,0.4361900345563754,True
997.95,997.95,999.5326049191249,999.5326049191249,0.4673950808751215,True
998.0,998.0,999.5014013998122,999.5014013998122,0.4985986001878473,True
998.05,998.05,999.4701994076493,999.4701994076493,0.529800592350739,True
998.1,998.1,999.4389989427788,999.4389989427788,0.5610010572212332,True
998.15,998.15,999.4078000053438,999.4078000053438,0.5921999946561982,True
998.2,998.2,999.3766025954874,999.3766025954874,0.623397404512616,True
998.25,998.25,999.3454067133528,999.3454067133528,0.6545932866472413,True
998.3,998.3,999.3142123590826,999.3142123590826,0.6857876409173969,True
998.35,998.35,999.2830195328207,999.2830195328207,0.716980467179269,True
998.4,998.4,999.2518282347091,999.2518282347091,0.7481717652908628,True
998.45,998.45,999.2206384648921,999.2206384648921,0.7793615351079097,True
998.5,998.5,999.189450223512,999.189450223512,0.8105497764879601,True
998.55,998.55,999.1582635107122,999.1582635107122,0.8417364892877686,True
998.6,998.6,999.1270783266357,999.1270783266357,0.872921673364317,True
998.65,998.65,999.0958946714258,999.0958946714258,0.9041053285742464,True
998.7,998.7,999.0647125452259,999.0647125452259,0.9352874547740839,True
998.75,998.75,999.0335319481784,999.0335319481784,0.9664680518216073,True
998.8,998.8,999.0023528804269,999.0023528804269,0.9976471195731165,True
998.85,998.85,998.9711753421151,998.9711753421151,1.0288246578849112,True
998.9,998.9,998.9399993333857,998.9399993333857,1.0600006666143145,True
998.95,998.95,998.9088248543819,998.95,1.0499999999999545,True
999.0,999.0,998.8776519052469,999.0,1.0,True
999.05,999.05,998.846480486124,999.05,0.9500000000000455,True
999.1,999.1,998.815310597157,999.1,0.8999999999999773,True
999.15,999.15,998.7841422384881,999.15,0.8500000000000227,True
999.2,999.2,998.7529754102616,999.2,0.7999999999999545,True
999.25,999.25,998.7218101126196,999.25,0.75,True
999.3,999.3,998.6906463457068,999.3,0.7000000000000455,True
999.35,999.35,998.6594841096655,999.35,0.6499999999999773,True
999.4,999.4,998.6283234046393,999.4,0.6000000000000227,True
999.45,999.45,998.5971642307715,999.45,0.5499999999999545,True
999.5,999.5,998.5660065882053,999.5,0.5,True
999.55,999.55,998.5348504770841,999.55,0.4500000000000455,True
999.6,999.6,998.5036958975519,999.6,0.39999999999997726,True
999.65,999.65,998.472542849751,999.65,0.35000000000002274,True
999.7,999.7,998.4413913338257,999.7,0.2999999999999545,True
999.75,999.75,998.4102413499189,999.75,0.25,True
999.8,999.8,998.379092898174,999.8,0.20000000000004547,True
999.85,999.85,998.3479459787346,999.85,0.14999999999997726,True
999.9,999.9,998.3168005917439,999.9,0.10000000000002274,True
999.95,999.95,998.2856567373458,999.95,0.049999999999954525,True
1000.0,1000.0,998.2545144156829,1000.0,0.0,True
1000.05,1000.05,998.2233736268992,1000.05,-0.049999999999954525,False
1000.1,1000.1,998.1922343711385,1000.1,-0.10000000000002274,False
1000.15,1000.15,998.1610966485438,1000.15,-0.14999999999997726,False
1000.2,1000.2,998.1299604592587,1000.2,-0.20000000000004547,False
1000.25,1000.25,998.0988258034265,1000.25,-0.25,False
1000.3,1000.3,998.0676926811909,1000.3,-0.2999999999999545,False
1000.35,1000.35,998.0365610926958,1000.35,-0.35000000000002274,False
1000.4,1000.4,998.0054310380841,1000.4,-0.39999999999997726,False
1000.45,1000.45,997.9743025174997,1000.45,-0.4500000000000455,False
1000.5,1000.5,997.9431755310854,1000.5,-0.5,False
1000.55,1000.55,997.912050078986,1000.55,-0.5499999999999545,False
1000.6,1000.6,997.8809261613443,1000.6,-0.6000000000000227,False
1000.65,1000.65,997.849803778304,1000.65,-0.6499999999999773,False
1000.7,1000.7,997.8186829300088,1000.7,-0.7000000000000455,False
1000.75,1000.75,997.787563616602,1000.75,-0.75,False
1000.8,1000.8,997.7564458382275,1000.8,-0.7999999999999545,False
1000.85,1000.85,997.7253295950293,1000.85,-0.8500000000000227,False
1000.9,1000.9,997.6942148871501,1000.9,-0.8999999999999773,False
1000.95,1000.95,997.6631017147345,1000.95,-0.9500000000000455,False
1001.0,1001.0,997.6319900779256,1001.0,-1.0,False
1001.05,1001.05,997.6008799768673,1001.05,-1.0499999999999545,False
1001.1,1001.1,997.569771411703,1001.1,-1.1000000000000227,False
1001.15,1001.15,997.5386643825766,1001.15,-1.1499999999999773,False
1001.2,1001.2,997.5075588896322,1001.2,-1.2000000000000455,False
1001.25,1001.25,997.4764549330124,1001.25,-1.25,False
1001.3,1001.3,997.4453525128617,1001.3,-1.2999999999999545,False
1001.35,1001.35,997.4142516293242,1001.35,-1.3500000000000227,False
1001.4,1001.4,997.3831522825432,1001.4,-1.3999999999999773,False
1001.45,1001.45,997.3520544726625,1001.45,-1.4500000000000455,False
1001.5,1001.5,997.3209581998256,1001.5,-1.5,False
1001.55,1001.55,997.2898634641764,1001.55,-1.5499999999999545,False
1001.6,1001.6,997.2587702658592,1001.6,-1.6000000000000227,False
1001.65,1001.65,997.227678605017,1001.65,-1.6499999999999773,False
1001.7,1001.7,997.1965884817943,1001.7,-1.7000000000000455,False
1001.75,1001.75,997.1654998963342,1001.75,-1.75,False
1001.8,1001.8,997.1344128487813,1001.8,-1.7999999999999545,False
1001.85,1001.85,997.103327339279,1001.85,-1.8500000000000227,False
1001.9,1001.9,997.0722433679713,1001.9,-1.8999999999999773,False
1001.95,1001.95,997.0411609350019,1001.95,-1.9500000000000455,False
1002.0,1002.0,997.0100800405147,1002.0,-2.0,False
1002.05,1002.05,996.9790006846538,1002.05,-2.0499999999999545,False
1002.1,1002.1,996.9479228675633,1002.1,-2.1000000000000227,False
1002.15,1002.15,996.9168465893862,1002.15,-2.1499999999999773,False
1002.2,1002.2,996.8857718502676,1002.2,-2.2000000000000455,False
1002.25,1002.25,996.8546986503507,1002.25,-2.25,False
1002.3,1002.3,996.8236269897794,1002.3,-2.2999999999999545,False
1002.35,1002.35,996.792556868698,1002.35,-2.3500000000000227,False
1002.4,1002.4,996.76148828725,1002.4,-2.3999999999999773,False
1002.45,1002.45,996.7304212455803,1002.45,-2.4500000000000455,False
1002.5,1002.5,996.6993557438319,1002.5,-2.5,False
1002.55,1002.55,996.6682917821488,1002.55,-2.5499999999999545,False
1002.6,1002.6,996.6372293606759,1002.6,-2.6000000000000227,False
1002.65,1002.65,996.6061684795565,1002.65,-2.6499999999999773,False
1002.7,1002.7,996.5751091389347,1002.7,-2.7000000000000455,False
1002.75,1002.75,996.5440513389548,1002.75,-2.75,False
1002.8,1002.8,996.5129950797605,1002.8,-2.7999999999999545,False
1002.85,1002.85,996.4819403614964,1002.85,-2.8500000000000227,False
1002.9,1002.9,996.4508871843058,1002.9,-2.8999999999999773,False
1002.95,1002.95,996.4198355483335,1002.95,-2.9500000000000455,False
1003.0,1003.0,996.3887854537229,1003.0,-3.0,False
1003.05,1003.05,996.3577369006188,1003.05,-3.0499999999999545,False
1003.1,1003.1,996.326689889165,1003.1,-3.1000000000000227,False
1003.15,1003.15,996.2956444195056,1003.15,-3.1499999999999773,False
1003.2,1003.2,996.2646004917847,1003.2,-3.2000000000000455,False
1003.25,1003.25,996.2335581061465,1003.25,-3.25,False
1003.3,1003.3,996.202517262735,1003.3,-3.2999999999999545,False
1003.35,1003.35,996.171477961695,1003.35,-3.3500000000000227,False
1003.4,1003.4,996.1404402031698,1003.4,-3.3999999999999773,False
1003.45,1003.45,996.1094039873043,1003.45,-3.4500000000000455,False
1003.5,1003.5,996.0783693142424,1003.5,-3.5,False
1003.55,1003.55,996.0473361841283,1003.55,-3.5499999999999545,False
1003.6,1003.6,996.0163045971065,1003.6,-3.6000000000000227,False
1003.65,1003.65,995.9852745533206,1003.65,-3.6499999999999773,False
1003.7,1003.7,995.9542460529156,1003.7,-3.7000000000000455,False
1003.75,1003.75,995.9232190960348,1003.75,-3.75,False
1003.8,1003.8,995.8921936828231,1003.8,-3.7999999999999545,False
1003.85,1003.85,995.861169813425,1003.85,-3.8500000000000227,False
1003.9,1003.9,995.8301474879846,1003.9,-3.8999999999999773,False
1003.95,1003.95,995.799126706646,1003.95,-3.9500000000000455,False
1004.0,1004.0,995.7681074695536,1004.0,-4.0,False
1004.05,1004.05,995.7370897768516,1004.05,-4.0499999999999545,False
1004.1,1004.1,995.7060736286847,1004.1,-4.100000000000023,False
1004.15,1004.15,995.6750590251968,1004.15,-4.149999999999977,False
1004.2,1004.2,995.6440459665326,1004.2,-4.2000000000000455,False
1004.25,1004.25,995.613034452836,1004.25,-4.25,False
1004.3,1004.3,995.582024484252,1004.3,-4.2999999999999545,False
1004.35,1004.35,995.5510160609247,1004.35,-4.350000000000023,False
1004.4,1004.4,995.5200091829983,1004.4,-4.399999999999977,False
1004.45,1004.45,995.4890038506173,1004.45,-4.4500000000000455,False
1004.5,1004.5,995.4580000639262,1004.5,-4.5,False
1004.55,1004.55,995.4269978230693,1004.55,-4.5499999999999545,False
1004.6,1004.6,995.3959971281917,1004.6,-4.600000000000023,False
1004.65,1004.65,995.3649979794369,1004.65,-4.649999999999977,False
1004.7,1004.7,995.3340003769499,1004.7,-4.7000000000000455,False
1004.75,1004.75,995.3030043208751,1004.75,-4.75,False
1004.8,1004.8,995.2720098113567,1004.8,-4.7999999999999545,False
1004.85,1004.85,995.2410168485395,1004.85,-4.850000000000023,False
1004.9,1004.9,995.2100254325678,1004.9,-4.899999999999977,False
1004.95,1004.95,995.1790355635867,1004.95,-4.9500000000000455,False
1005.0,1005.0,995.1480472417396,1005.0,-5.0,False
