parameter,quartile,cases,parameter_min,parameter_max,parameter_mean,source_count_adjusted_mean_seconds_per_source,adjusted_mean_ci95_low,adjusted_mean_ci95_high
directional_share,1,250,0.0625,0.2857142857142857,0.1647276057276057,430.1737153868955,427.68708358988795,432.57983985581245
directional_share,2,250,0.2857142857142857,0.5384615384615384,0.41396555111555117,444.58184036866413,442.7157972335948,446.48949546362763
directional_share,3,250,0.5384615384615384,0.8,0.6719249583749584,456.4445353870501,454.1299812522267,458.79486997920634
directional_share,4,250,0.8,1.0,0.914121028971029,468.34059142479765,465.6352378554883,471.0151336360065
mean_receive_radius_m,1,250,1108.4123898,1219.6843359090908,1195.6226982083683,447.5933361733189,444.66608130092396,450.4487484329032
mean_receive_radius_m,2,250,1219.7224239166667,1249.4725635,1234.6420892898632,452.3544274463011,449.44384781506096,455.24346628052984
mean_receive_radius_m,3,250,1249.5744717333334,1276.1355549,1262.9326452317262,449.8445457197265,446.79120001673124,452.8475499752527
mean_receive_radius_m,4,250,1276.1387252499999,1360.1850123333334,1301.9972478499835,449.74837322806104,446.82100759105737,452.6676346972828
mean_radial_distance_m,1,250,769.5050133276848,1108.340727070789,1029.7843158099693,448.3408670239112,445.175920255851,451.5832738605899
mean_radial_distance_m,2,250,1108.777881260453,1189.107733458295,1148.7620160171216,448.5081858752993,445.64497071421795,451.34533667484527
mean_radial_distance_m,3,250,1189.1574728542535,1265.7678249585954,1225.6842047238508,449.99798704581934,446.9652178178867,453.03490053802454
mean_radial_distance_m,4,250,1266.048112839622,1487.4838236806002,1332.1161634326413,452.6936426223775,449.9941409693566,455.4611271806293
edge_source_share,1,250,0.0,0.2,0.12886848151848154,447.26020737111116,444.1588522090044,450.3377464265075
edge_source_share,2,250,0.2,0.2727272727272727,0.237384015984016,448.86746476587257,445.98887287402164,451.7346616609113
edge_source_share,3,250,0.2727272727272727,0.375,0.3246200299700299,450.2057122477603,447.39998463204506,452.99564087039187
edge_source_share,4,250,0.375,0.7,0.4533211455211456,453.2072981826634,450.1956130707126,456.19458606447097
