suite_group,case_id,original_case_group,strategy,batch,deduplication_status,replicate_count,action_count,all_cleared,analysis_success,audit_errors,audit_passed,certified_lower_bound_s,cleared_fraction,cleared_total,completion_certified,confirmation_length_lower_bound_m,confirmation_tail_s,correct_exit,cost_detection_s,cost_movement_s,cost_optical_s,cost_removal_s,cost_switching_s,error,failed_clear_count,guarantee_lower_bound_s,incorrect_exit,kind,mean_time_per_cleared_s,measurement_count,original_suite_group,physical_lower_bound_s,planner_budget_fallbacks,planner_completed_rollouts,planner_continuation_failures,planner_cover_choices,planner_event_calls,planner_fallbacks,planner_overrides,planner_planning_calls,planner_planning_wall_s,planner_risk_vetoes,planner_sampling_failures,planner_speculative_choices,policy_cpu_s,policy_wall_s,scenario_sha256,simulator_stop_reason,source_total,source_visit_length_lower_bound_m,success,time_over_certified_lower_bound,time_over_guarantee_lower_bound,time_over_physical_lower_bound,time_per_source_s,trace_file,virtual_time_s,wall_time_s
development_original_nominal,q3-random-910100,q3-random-910100,B,reference_development,primary,1,171,True,True,,True,2072.1703412489164,1.0,12,True,4425.599999999999,0.0,True,785.0,2904.535185,36.0,24.0,152.0,,0,2072.170341248916,False,local_research_only,325.12793208333335,157,development_original_nominal,1832.1703412489164,,,,,,,,,,,,,0.11399280200000003,0.11399439300294034,5b49f9835afc37290867e03a5fd809c5fc0267a15ecf979693e64bba924fe914,exited,12,8860.851706244583,True,1.8828255126209887,1.8828255126209892,2.1294609443030725,325.12793208333335,reference_development/trace-000-B.json.gz,3901.535185,0.11396795000473503
development_original_nominal,q3-random-910100,q3-random-910100,CR,reference_development,primary,1,160,True,True,,True,2072.1703412489164,1.0,12,True,4425.599999999999,0.0,True,730.0,2894.730578,36.0,24.0,139.0,,0,2072.170341248916,False,local_research_only,318.64421483333336,146,development_original_nominal,1832.1703412489164,0,428,0,,,8,4,12,25.404550224004197,,0,0,25.490288993999997,25.491951308998978,5b49f9835afc37290867e03a5fd809c5fc0267a15ecf979693e64bba924fe914,exited,12,8860.851706244583,True,1.8452781134273941,1.8452781134273946,2.08699512917206,318.64421483333336,reference_development/trace-000-CR.json.gz,3823.730578,25.490269804999116
development_original_nominal,q3-random-910101,q3-random-910101,B,reference_development,primary,1,151,True,True,,True,1952.6295868451732,1.0,14,True,4425.599999999999,0.0,True,675.0,2480.987002,42.0,28.0,127.0,,0,1952.629586845173,False,local_research_only,239.49907157142857,135,development_original_nominal,1772.6295868451732,,,,,,,,,,,,,0.09409667199999994,0.0941165300027933,292a68b7bc7a210016c392cbde920661d955a6871c7175607b69e8c812fc4fcc,exited,14,8513.147934225866,True,1.7171649065388574,1.7171649065388577,1.8915327978742915,239.49907157142857,reference_development/trace-001-B.json.gz,3352.987002,0.09409924100327771
development_original_nominal,q3-random-910101,q3-random-910101,CR,reference_development,primary,1,159,True,True,,True,1952.6295868451732,1.0,14,True,4425.599999999999,0.0,True,715.0,2651.636475,42.0,28.0,138.0,,0,1952.629586845173,False,local_research_only,255.33117678571426,143,development_original_nominal,1772.6295868451732,0,432,0,,,5,7,12,22.125030960989534,,0,0,22.197849309000002,22.199426085004234,292a68b7bc7a210016c392cbde920661d955a6871c7175607b69e8c812fc4fcc,exited,14,8513.147934225866,True,1.8306782295435113,1.8306782295435116,2.016572724232781,255.33117678571426,reference_development/trace-001-CR.json.gz,3574.636475,22.199396669995622
development_original_nominal,q3-random-910102,q3-random-910102,B,reference_development,primary,1,154,True,True,,True,2176.01105931539,1.0,15,True,4425.599999999999,0.0,True,685.0,2750.914471,45.0,30.0,132.0,,0,2176.0110593153895,False,local_research_only,242.86096473333333,137,development_original_nominal,2026.01105931539,,,,,,,,,,,,,0.12612390400000006,0.1261351090070093,6f53eee5718914807c105563d3a735b6cf49bee254e958aa37b87cffa642dc13,exited,15,9755.05529657695,True,1.6741249799282376,1.6741249799282378,1.798072352196823,242.86096473333333,reference_development/trace-002-B.json.gz,3642.914471,0.12611073999141809
development_original_nominal,q3-random-910102,q3-random-910102,CR,reference_development,primary,1,158,True,True,,True,2176.01105931539,1.0,15,True,4425.599999999999,79.2223570000001,True,705.0,2564.080976,45.0,30.0,136.0,,0,2176.0110593153895,False,local_research_only,232.00539840000002,141,development_original_nominal,2026.01105931539,0,424,0,,,8,4,12,19.420832458985387,,0,0,19.51042469,19.512493675996666,6f53eee5718914807c105563d3a735b6cf49bee254e958aa37b87cffa642dc13,exited,15,9755.05529657695,True,1.5992937908573372,1.5992937908573377,1.7177008782844234,232.00539840000002,reference_development/trace-002-CR.json.gz,3480.080976,19.512470614004997
development_original_nominal,q3-random-910103,q3-random-910103,B,reference_development,primary,1,154,True,True,,True,1964.4161277493852,1.0,13,True,4425.599999999999,101.15675499999998,True,695.0,2162.154314,39.0,26.0,130.0,,0,1964.416127749385,False,local_research_only,234.78110107692308,139,development_original_nominal,1754.4161277493852,,,,,,,,,,,,,0.072973862,0.07297528699564282,0bc0fea804ef1335e9e9a32713627cee6660f6e8b749e91aacd5313f062ae6b0,exited,13,8447.080638746926,True,1.5537208592849556,1.5537208592849558,1.7396980486695537,234.78110107692308,reference_development/trace-003-B.json.gz,3052.154314,0.07295728399185464
development_original_nominal,q3-random-910103,q3-random-910103,CR,reference_development,primary,1,153,True,True,,True,1964.4161277493852,1.0,13,True,4425.599999999999,0.0,True,690.0,2392.478458,39.0,26.0,128.0,,0,1964.416127749385,False,local_research_only,251.9598813846154,138,development_original_nominal,1754.4161277493852,0,408,0,,,10,2,12,15.394520682064467,,0,0,15.465878990000007,15.468234995001694,0bc0fea804ef1335e9e9a32713627cee6660f6e8b749e91aacd5313f062ae6b0,exited,13,8447.080638746926,True,1.6674056029832578,1.667405602983258,1.8669906222316122,251.9598813846154,reference_development/trace-003-CR.json.gz,3275.478458,15.468211628991412
development_original_nominal,q3-random-910104,q3-random-910104,B,reference_development,primary,1,190,True,True,,True,2134.1779942295793,1.0,16,True,0.0,0.0,True,860.0,2634.659492,48.0,32.0,167.0,,0,2134.177994229579,False,local_research_only,233.85371825,172,development_original_nominal,2134.1779942295793,,,,,,,,,,,,,0.1348936260000002,0.1349066800030414,8607ad57788a0b0ba6020f6c6313da64bc5995a41c9c677fe5495edc4771f089,exited,16,10270.889971147897,True,1.7532087305354809,1.7532087305354813,1.7532087305354809,233.85371825,reference_development/trace-004-B.json.gz,3741.659492,0.13488559100369457
development_original_nominal,q3-random-910104,q3-random-910104,CR,reference_development,primary,1,175,True,True,,True,2134.1779942295793,1.0,16,True,0.0,0.0,True,785.0,2646.322946,48.0,32.0,150.0,,0,2134.177994229579,False,local_research_only,228.832684125,157,development_original_nominal,2134.1779942295793,0,432,0,,,7,5,12,32.79830647999188,,0,0,32.93162517099999,32.933172678007395,8607ad57788a0b0ba6020f6c6313da64bc5995a41c9c677fe5495edc4771f089,exited,16,10270.889971147897,True,1.715565878712805,1.7155658787128052,1.715565878712805,228.832684125,reference_development/trace-004-CR.json.gz,3661.322946,32.933145539005636
development_original_nominal,q3-random-910105,q3-random-910105,B,reference_development,primary,1,151,True,True,,True,1660.4226558780124,1.0,10,True,4425.599999999999,0.0,True,695.0,2214.45693,30.0,20.0,128.0,,0,1660.4226558780122,False,local_research_only,308.74569299999996,139,development_original_nominal,1360.4226558780124,,,,,,,,,,,,,0.083386344,0.08339630100817885,3e76f4cfbab23b979d069a2d82cd5cf65f67f5167633d1d7a65db79667aa3edf,exited,10,6552.1132793900615,True,1.8594403774666566,1.8594403774666568,2.269483617212597,308.74569299999996,reference_development/trace-005-B.json.gz,3087.45693,0.08337906499218661
development_original_nominal,q3-random-910105,q3-random-910105,CR,reference_development,primary,1,148,True,True,,True,1660.4226558780124,1.0,10,True,4425.599999999999,0.0,True,680.0,2217.161757,30.0,20.0,128.0,,0,1660.4226558780122,False,local_research_only,307.51617569999996,136,development_original_nominal,1360.4226558780124,0,340,0,,,8,2,10,12.52509237396589,,0,0,12.59735795799999,12.597951401010505,3e76f4cfbab23b979d069a2d82cd5cf65f67f5167633d1d7a65db79667aa3edf,exited,10,6552.1132793900615,True,1.8520355321060646,1.8520355321060649,2.2604458575524826,307.51617569999996,reference_development/trace-005-CR.json.gz,3075.161757,12.59792932900018
development_original_nominal,q3-random-910106,q3-random-910106,B,reference_development,primary,1,157,True,True,,True,1900.5380674943597,1.0,15,True,4425.599999999999,295.21727599999986,True,700.0,2660.349906,45.0,30.0,136.0,,0,1900.5380674943594,False,local_research_only,238.08999373333333,140,development_original_nominal,1750.5380674943597,,,,,,,,,,,,,0.12033415199999986,0.12033627399068791,afe05a65890bebd2b2e2116411d31de7c124615db41d5c5ab154d49647e59b7a,exited,15,8377.690337471799,True,1.8791256892362136,1.8791256892362138,2.0401440975870164,238.08999373333333,reference_development/trace-006-B.json.gz,3571.349906,0.12031771999318153
development_original_nominal,q3-random-910106,q3-random-910106,CR,reference_development,primary,1,147,True,True,,True,1900.5380674943597,1.0,15,True,4425.599999999999,280.96195000000034,True,650.0,2651.872252,45.0,30.0,124.0,,0,1900.5380674943594,False,local_research_only,233.39148346666667,130,development_original_nominal,1750.5380674943597,0,432,0,,,7,5,12,22.876631653038203,,0,0,22.973593616000016,22.974825771001633,afe05a65890bebd2b2e2116411d31de7c124615db41d5c5ab154d49647e59b7a,exited,15,8377.690337471799,True,1.842042688792599,1.8420426887925991,1.9998835312453325,233.39148346666667,reference_development/trace-006-CR.json.gz,3500.872252,22.97480051299499
development_original_nominal,q3-random-910107,q3-random-910107,B,reference_development,primary,1,154,True,True,,True,2071.7883992002644,1.0,14,True,4425.599999999999,0.0,True,690.0,2437.541162,42.0,28.0,129.0,,0,2071.788399200264,False,local_research_only,237.610083,138,development_original_nominal,1891.7883992002644,,,,,,,,,,,,,0.10261361000000013,0.10262157300894614,c79e5cef8c657ae94ff60befb655ba66f1afd2610bc886c3f20bd3437444e076,exited,14,9108.941996001322,True,1.6056375078092364,1.6056375078092369,1.7584108050383773,237.610083,reference_development/trace-007-B.json.gz,3326.541162,0.10260467699845321
development_original_nominal,q3-random-910107,q3-random-910107,CR,reference_development,primary,1,148,True,True,,True,2071.7883992002644,1.0,14,True,4425.599999999999,0.0,True,660.0,2426.341832,42.0,28.0,122.0,,0,2071.788399200264,False,local_research_only,234.16727371428573,132,development_original_nominal,1891.7883992002644,0,424,0,,,10,2,12,22.575961440976243,,0,0,22.682626094,22.68380107700068,c79e5cef8c657ae94ff60befb655ba66f1afd2610bc886c3f20bd3437444e076,exited,14,9108.941996001322,True,1.582372907033112,1.5823729070331125,1.7329326225839465,234.16727371428573,reference_development/trace-007-CR.json.gz,3278.341832,22.68377781601157
development_original_nominal,q3-random-910108,q3-random-910108,B,reference_development,primary,1,150,True,True,,True,2081.0674898469483,1.0,14,True,4425.599999999999,0.0,True,670.0,2484.695396,42.0,28.0,126.0,,0,2081.067489846948,False,local_research_only,239.33538542857144,134,development_original_nominal,1901.0674898469483,,,,,,,,,,,,,0.10519730499999991,0.10519902600208297,c4e24e847658f2f1056d278939a3c98738061575bedac46127e3f43d36c735f2,exited,14,9155.337449234741,True,1.610084926292528,1.6100849262925283,1.7625336364411548,239.33538542857144,reference_development/trace-008-B.json.gz,3350.695396,0.10518094399594702
development_original_nominal,q3-random-910108,q3-random-910108,CR,reference_development,primary,1,138,True,True,,True,2081.0674898469483,1.0,14,True,4425.599999999999,0.0,True,610.0,2506.170278,42.0,28.0,117.0,,0,2081.067489846948,False,local_research_only,235.94073414285714,122,development_original_nominal,1901.0674898469483,0,416,0,,,7,5,12,19.377070476984954,,0,0,19.45409353300002,19.455399636994116,c4e24e847658f2f1056d278939a3c98738061575bedac46127e3f43d36c735f2,exited,14,9155.337449234741,True,1.5872480321351476,1.587248032135148,1.7375344618964226,235.94073414285714,reference_development/trace-008-CR.json.gz,3303.170278,19.455373548000352
development_original_nominal,q3-random-910109,q3-random-910109,B,reference_development,primary,1,150,True,True,,True,2057.6384695214974,1.0,16,True,0.0,0.0,True,660.0,2628.320632,48.0,32.0,127.0,,0,2057.638469521497,False,local_research_only,218.4575395,132,development_original_nominal,2057.6384695214974,,,,,,,,,,,,,0.12978860199999964,0.129790592007339,26562ec4912877a778e100ce77238c2f8b79f6a2f4b247e95d32dd6478a8c20c,exited,16,9888.192347607488,True,1.6987049395576448,1.6987049395576452,1.6987049395576448,218.4575395,reference_development/trace-009-B.json.gz,3495.320632,0.12977000200771727
development_original_nominal,q3-random-910109,q3-random-910109,CR,reference_development,primary,1,115,True,True,,True,2057.6384695214974,1.0,16,True,0.0,0.0,True,485.0,2508.530669,48.0,32.0,89.0,,0,2057.638469521497,False,local_research_only,197.6581668125,97,development_original_nominal,2057.6384695214974,0,376,0,,,7,4,11,22.407964198020636,,0,0,22.526896512999997,22.528326985993772,26562ec4912877a778e100ce77238c2f8b79f6a2f4b247e95d32dd6478a8c20c,exited,16,9888.192347607488,True,1.5369710062504054,1.5369710062504058,1.5369710062504054,197.6581668125,reference_development/trace-009-CR.json.gz,3162.530669,22.528301444996032
development_original_nominal,q3-random-910110,q3-random-910110,B,reference_development,primary,1,152,True,True,,True,1961.2177805839679,1.0,15,True,4425.599999999999,0.0,True,675.0,2589.882175,45.0,30.0,125.0,,0,1961.2177805839676,False,local_research_only,230.99214500000002,135,development_original_nominal,1811.2177805839679,,,,,,,,,,,,,0.10222209700000029,0.10226303899253253,7a5287892246d7ed44638f68bf3e3df4887a2379fe8d2486f229e13a3c52556f,exited,15,8681.088902919839,True,1.7666993483856264,1.7666993483856266,1.91301245611826,230.99214500000002,reference_development/trace-010-B.json.gz,3464.882175,0.10224494300200604
development_original_nominal,q3-random-910110,q3-random-910110,CR,reference_development,primary,1,144,True,True,,True,1961.2177805839679,1.0,15,True,4425.599999999999,0.0,True,635.0,2581.668709,45.0,30.0,118.0,,0,1961.2177805839676,False,local_research_only,227.31124726666667,127,development_original_nominal,1811.2177805839679,0,412,0,,,10,2,12,15.7775871539925,,0,0,15.859403356000001,15.86046815100417,7a5287892246d7ed44638f68bf3e3df4887a2379fe8d2486f229e13a3c52556f,exited,15,8681.088902919839,True,1.738546704377086,1.7385467043770861,1.8825282887299528,227.31124726666667,reference_development/trace-010-CR.json.gz,3409.668709,15.860443892990588
development_original_nominal,q3-random-910111,q3-random-910111,B,reference_development,primary,1,181,True,True,,True,2357.2659496510414,1.0,13,True,4425.599999999999,0.0,True,830.0,2539.415001,39.0,26.0,164.0,,0,2357.265949651041,False,local_research_only,276.8011539230769,166,development_original_nominal,2147.2659496510414,,,,,,,,,,,,,0.10821667299999937,0.10822969100263435,6fca6a038834f8e81bd54eba38aae5df89395ecb6d9e01099ecb9d46604c7914,exited,13,10411.329748255208,True,1.526520586925159,1.5265205869251592,1.675812444930163,276.8011539230769,reference_development/trace-011-B.json.gz,3598.415001,0.10821177699835971
development_original_nominal,q3-random-910111,q3-random-910111,CR,reference_development,primary,1,158,True,True,,True,2357.2659496510414,1.0,13,True,4425.599999999999,0.0,True,715.0,2547.073214,39.0,26.0,136.0,,0,2357.265949651041,False,local_research_only,266.3902472307692,143,development_original_nominal,2147.2659496510414,0,432,0,,,7,5,12,25.076689652938512,,0,0,25.174818125,25.17557387499255,6fca6a038834f8e81bd54eba38aae5df89395ecb6d9e01099ecb9d46604c7914,exited,13,10411.329748255208,True,1.4691058573652485,1.469105857365249,1.612782624603531,266.3902472307692,reference_development/trace-011-CR.json.gz,3463.073214,25.175548621991766
development_original_pressure,q3-hard-boundary_outward,q3-hard-boundary_outward,B,reference_development,primary,1,165,True,True,,True,2617.846834811964,1.0,12,True,4425.599999999999,0.0,True,755.0,3077.374467,36.0,24.0,132.0,,0,2617.8468348119636,False,local_research_only,335.3645389166667,151,development_original_pressure,2377.846834811964,,,,,,,,,,,,,0.09081377900000032,0.09081512100237887,62314f93e849ba0c40b2465c25c63df6a4127477f4f0e5a67e77c4673fa205a8,exited,12,11589.23417405982,True,1.5372841579133352,1.5372841579133354,1.6924447815909223,335.3645389166667,reference_development/trace-012-B.json.gz,4024.374467,0.09079750601085834
development_original_pressure,q3-hard-boundary_outward,q3-hard-boundary_outward,CR,reference_development,primary,1,152,True,True,,True,2617.846834811964,1.0,12,True,4425.599999999999,0.0,True,690.0,3074.312879,36.0,24.0,124.0,,0,2617.8468348119636,False,local_research_only,329.02607325,138,development_original_pressure,2377.846834811964,0,384,0,,,7,5,12,15.84949713300739,,0,0,15.912759451,15.913217962995986,62314f93e849ba0c40b2465c25c63df6a4127477f4f0e5a67e77c4673fa205a8,exited,12,11589.23417405982,True,1.5082291394957037,1.508229139495704,1.6604571922784193,329.02607325,reference_development/trace-012-CR.json.gz,3948.312879,15.913194132997887
development_original_pressure,q3-hard-minimum_radius,q3-hard-minimum_radius,B,reference_development,primary,1,159,True,True,,True,1978.2795715633056,1.0,14,True,4425.599999999999,0.0,True,715.0,2652.497539,42.0,28.0,128.0,,0,1978.2795715633054,False,local_research_only,254.67839564285714,143,development_original_pressure,1798.2795715633056,,,,,,,,,,,,,0.09821093399999992,0.09821554600785021,f4db40ec59f1d40eb75ac981b5a6735156277c65d7a41a3d0a3cdf2d9d2b8884,exited,14,8641.397857816528,True,1.802322376600401,1.8023223766004013,1.982727043882499,254.67839564285714,reference_development/trace-013-B.json.gz,3565.497539,0.0981955699971877
development_original_pressure,q3-hard-minimum_radius,q3-hard-minimum_radius,CR,reference_development,primary,1,155,True,True,,True,1978.2795715633056,1.0,14,True,4425.599999999999,0.0,True,695.0,2605.118231,42.0,28.0,126.0,,0,1978.2795715633054,False,local_research_only,249.72273078571428,139,development_original_pressure,1798.2795715633056,0,428,0,,,10,2,12,16.082780721990275,,0,0,16.174060876,16.178846139999223,f4db40ec59f1d40eb75ac981b5a6735156277c65d7a41a3d0a3cdf2d9d2b8884,exited,14,8641.397857816528,True,1.7672518491596438,1.767251849159644,1.9441461084722802,249.72273078571428,reference_development/trace-013-CR.json.gz,3496.118231,16.178819578999537
development_original_pressure,q3-hard-positive_error,q3-hard-positive_error,B,reference_development,primary,1,165,True,True,,True,1978.2795715633056,1.0,14,True,4425.599999999999,0.0,True,745.0,2668.410084,42.0,28.0,142.0,,0,1978.2795715633054,False,local_research_only,258.95786314285715,149,development_original_pressure,1798.2795715633056,,,,,,,,,,,,,0.0878902530000003,0.08789202399202622,de1667bff766c0c75e39ecc02e52cc21b5aa791a3fbb7ec8ff6aa3f45ecef0a8,exited,14,8641.397857816528,True,1.8326075525993903,1.8326075525993906,2.0160436348883772,258.95786314285715,reference_development/trace-014-B.json.gz,3625.410084,0.0878728040115675
development_original_pressure,q3-hard-positive_error,q3-hard-positive_error,CR,reference_development,primary,1,148,True,True,,True,1978.2795715633056,1.0,14,True,4425.599999999999,0.0,True,660.0,2331.569263,42.0,28.0,124.0,,0,1978.2795715633054,False,local_research_only,227.54066164285715,132,development_original_pressure,1798.2795715633056,0,428,0,,,6,6,12,21.04262559604831,,0,0,21.120559827000022,21.121209038989036,de1667bff766c0c75e39ecc02e52cc21b5aa791a3fbb7ec8ff6aa3f45ecef0a8,exited,14,8641.397857816528,True,1.6102725361929768,1.610272536192977,1.7714538458726283,227.54066164285715,reference_development/trace-014-CR.json.gz,3185.569263,21.12118151500181
development_original_pressure,q3-hard-negative_error,q3-hard-negative_error,B,reference_development,primary,1,158,True,True,,True,1978.2795715633056,1.0,14,True,4425.599999999999,0.0,True,710.0,2644.835354,42.0,28.0,127.0,,0,1978.2795715633054,False,local_research_only,253.70252528571427,142,development_original_pressure,1798.2795715633056,,,,,,,,,,,,,0.09487387900000055,0.09487776999594644,06bf6cf9e6d52406e720cc504c11c0e958f77aa226f894b6be81ec77115b78b6,exited,14,8641.397857816528,True,1.7954162824383895,1.7954162824383897,1.975129679592739,253.70252528571427,reference_development/trace-015-B.json.gz,3551.835354,0.09485986300569493
development_original_pressure,q3-hard-negative_error,q3-hard-negative_error,CR,reference_development,primary,1,159,True,True,,True,1978.2795715633056,1.0,14,True,4425.599999999999,0.0,True,715.0,2669.748206,42.0,28.0,127.0,,0,1978.2795715633054,False,local_research_only,255.8391575714286,143,development_original_pressure,1798.2795715633056,0,428,0,,,11,1,12,17.277302988019073,,0,0,17.372531702999993,17.373125092999544,06bf6cf9e6d52406e720cc504c11c0e958f77aa226f894b6be81ec77115b78b6,exited,14,8641.397857816528,True,1.8105369218212053,1.8105369218212055,1.9917638295174898,255.8391575714286,reference_development/trace-015-CR.json.gz,3581.748206,17.373097450996283
development_original_pressure,q3-hard-alternating_error,q3-hard-alternating_error,B,reference_development,primary,1,156,True,True,,True,1978.2795715633056,1.0,14,True,4425.599999999999,0.0,True,700.0,2614.367706,42.0,28.0,126.0,,0,1978.2795715633054,False,local_research_only,250.74055042857142,140,development_original_pressure,1798.2795715633056,,,,,,,,,,,,,0.08390014999999984,0.08390080800745636,089c00b8bcce125f97ded73da8e89b3161dff20c1881cc8c9162a77fa070570e,exited,14,8641.397857816528,True,1.7744548123832593,1.7744548123832595,1.9520700571315048,250.74055042857142,reference_development/trace-016-B.json.gz,3510.367706,0.08388014099909924
development_original_pressure,q3-hard-alternating_error,q3-hard-alternating_error,CR,reference_development,primary,1,152,True,True,,True,1978.2795715633056,1.0,14,True,4425.599999999999,0.0,True,680.0,2564.226642,42.0,28.0,125.0,,0,1978.2795715633054,False,local_research_only,245.65904585714287,136,development_original_pressure,1798.2795715633056,0,428,0,,,9,3,12,15.353296809073072,,0,0,15.43593055599996,15.436786414007656,089c00b8bcce125f97ded73da8e89b3161dff20c1881cc8c9162a77fa070570e,exited,14,8641.397857816528,True,1.7384937353835197,1.73849373538352,1.9125094320068172,245.65904585714287,reference_development/trace-016-CR.json.gz,3439.226642,15.4367652820074
development_original_pressure,q3-hard-close_targets,q3-hard-close_targets,B,reference_development,primary,1,100,True,True,,True,429.79784756506996,1.0,14,True,4425.599999999999,1284.137735,True,420.0,1448.461219,42.0,28.0,82.0,,0,1135.1199999999997,False,local_research_only,144.3186585,84,development_original_pressure,249.79784756506996,,,,,,,,,,,,,0.06897678700000043,0.06898101999831852,c512b6f68567f325c72a0445fd900a89c19e388cccd858c02b4c2f4779deb1e8,exited,14,898.9892378253498,True,4.700957043983588,1.7799538542180569,8.088385223069983,144.3186585,reference_development/trace-017-B.json.gz,2020.461219,0.06896217798930593
development_original_pressure,q3-hard-close_targets,q3-hard-close_targets,CR,reference_development,primary,1,100,True,True,,True,429.79784756506996,1.0,14,True,4425.599999999999,1213.946885,True,420.0,1378.270369,42.0,28.0,82.0,,0,1135.1199999999997,False,local_research_only,139.30502635714285,84,development_original_pressure,249.79784756506996,0,276,0,,,9,0,9,11.321447362046456,,0,0,11.394230570000047,11.394612522999523,c512b6f68567f325c72a0445fd900a89c19e388cccd858c02b4c2f4779deb1e8,exited,14,898.9892378253498,True,4.537645732869185,1.71811823331454,7.807394611324556,139.30502635714285,reference_development/trace-017-CR.json.gz,1950.270369,11.394587759990827
development_original_pressure,q3-hard-near_parallel,q3-hard-near_parallel,B,reference_development,primary,1,129,True,True,,True,446.00000379999994,1.0,14,True,4425.599999999999,1364.8424480000003,True,565.0,1834.316149,42.0,28.0,106.0,,0,1135.1199999999997,False,local_research_only,183.9511535,113,development_original_pressure,266.00000379999994,,,,,,,,,,,,,0.11756398200000007,0.11758792400360107,a590b42740983fe9210079e89c590e6da56965d424cb8b9d6a6209065d31afdd,exited,14,980.0000189999997,True,5.774251405959294,2.268761143315245,9.681639519585604,183.9511535,reference_development/trace-018-B.json.gz,2575.316149,0.11756903400237206
development_original_pressure,q3-hard-near_parallel,q3-hard-near_parallel,CR,reference_development,primary,1,122,True,True,,True,446.00000379999994,1.0,14,True,4425.599999999999,1293.765949,True,530.0,1541.873664,42.0,28.0,104.0,,0,1135.1199999999997,False,local_research_only,160.41954742857143,106,development_original_pressure,266.00000379999994,0,384,0,,,7,5,12,24.15273806199548,,0,0,24.253310210999985,24.254259722001734,a590b42740983fe9210079e89c590e6da56965d424cb8b9d6a6209065d31afdd,exited,14,980.0000189999997,True,5.035591131983754,1.9785341320741427,8.443133954571772,160.41954742857143,reference_development/trace-018-CR.json.gz,2245.873664,24.254231280996464
development_original_pressure,edge16-1000-positive_extreme,edge16-1000-positive_extreme,B,reference_development,primary,1,186,True,True,,True,2422.975474574185,1.0,16,True,0.0,0.0,True,840.0,3751.978607,48.0,32.0,149.0,,0,2422.9754745741843,False,local_research_only,301.3111629375,168,development_original_pressure,2422.975474574185,,,,,,,,,,,,,0.09300399299999995,0.093004557013046,b29000835259ac509e96a8549359f27593444aac67be258011d9c7cd73093117,exited,16,11714.877372870924,True,1.9896935225261583,1.9896935225261587,1.9896935225261583,301.3111629375,reference_development/trace-019-B.json.gz,4820.978607,0.09297033099574037
development_original_pressure,edge16-1000-positive_extreme,edge16-1000-positive_extreme,CR,reference_development,primary,1,180,True,True,,True,2422.975474574185,1.0,16,True,0.0,0.0,True,810.0,3734.367591,48.0,32.0,147.0,,0,2422.9754745741843,False,local_research_only,298.2104744375,162,development_original_pressure,2422.975474574185,0,392,0,,,9,3,12,15.792205394041957,,0,0,15.88678897699998,15.888000774997636,b29000835259ac509e96a8549359f27593444aac67be258011d9c7cd73093117,exited,16,11714.877372870924,True,1.9692182777205054,1.9692182777205056,1.9692182777205054,298.2104744375,reference_development/trace-019-CR.json.gz,4771.367591,15.887970853000297
development_original_pressure,edge16-1000-negative_extreme,edge16-1000-negative_extreme,B,reference_development,primary,1,186,True,True,,True,2422.975474574185,1.0,16,True,0.0,0.0,True,840.0,3751.978607,48.0,32.0,148.0,,0,2422.9754745741843,False,local_research_only,301.2486629375,168,development_original_pressure,2422.975474574185,,,,,,,,,,,,,0.09315284400000046,0.0931546430074377,a20624c3edef9a7958c9ad16e9f4b4d3981e06fd17bb12ae448f1f224f1e245c,exited,16,11714.877372870924,True,1.9892808068340295,1.98928080683403,1.9892808068340295,301.2486629375,reference_development/trace-020-B.json.gz,4819.978607,0.09313416900113225
development_original_pressure,edge16-1000-negative_extreme,edge16-1000-negative_extreme,CR,reference_development,primary,1,183,True,True,,True,2422.975474574185,1.0,16,True,0.0,0.0,True,825.0,3718.041034,48.0,32.0,144.0,,0,2422.9754745741843,False,local_research_only,297.940064625,165,development_original_pressure,2422.975474574185,0,356,0,,,10,2,12,14.821128037030576,,0,0,14.922623115999954,14.923338580003474,a20624c3edef9a7958c9ad16e9f4b4d3981e06fd17bb12ae448f1f224f1e245c,exited,16,11714.877372870924,True,1.9674326397537154,1.9674326397537159,1.9674326397537154,297.940064625,reference_development/trace-020-CR.json.gz,4767.041034,14.923313014005544
development_original_pressure,edge16-1500-positive_extreme,edge16-1500-positive_extreme,B,reference_development,primary,1,160,True,True,,True,2422.975474574185,1.0,16,True,0.0,0.0,True,710.0,3233.212664,48.0,32.0,123.0,,0,2422.9754745741843,False,local_research_only,259.1382915,142,development_original_pressure,2422.975474574185,,,,,,,,,,,,,0.11165777399999932,0.11165862700727303,33b701501e0493d5cdb3e0800008602dc6dcab08cb44bcb23592dd369fe500d6,exited,16,11714.877372870924,True,1.7112070293359687,1.711207029335969,1.7112070293359687,259.1382915,reference_development/trace-021-B.json.gz,4146.212664,0.11163784500968177
development_original_pressure,edge16-1500-positive_extreme,edge16-1500-positive_extreme,CR,reference_development,primary,1,148,True,True,,True,2422.975474574185,1.0,16,True,0.0,0.0,True,650.0,2971.253809,48.0,32.0,112.0,,0,2422.9754745741843,False,local_research_only,238.3283630625,130,development_original_pressure,2422.975474574185,0,384,0,,,8,4,12,13.132220412022434,,0,0,13.222931280000012,13.223858848999953,33b701501e0493d5cdb3e0800008602dc6dcab08cb44bcb23592dd369fe500d6,exited,16,11714.877372870924,True,1.57378968504423,1.5737896850442303,1.57378968504423,238.3283630625,reference_development/trace-021-CR.json.gz,3813.253809,13.223831662005978
development_original_pressure,edge16-1500-negative_extreme,edge16-1500-negative_extreme,B,reference_development,primary,1,160,True,True,,True,2422.975474574185,1.0,16,True,0.0,0.0,True,710.0,3233.212664,48.0,32.0,123.0,,0,2422.9754745741843,False,local_research_only,259.1382915,142,development_original_pressure,2422.975474574185,,,,,,,,,,,,,0.1103768340000002,0.11038621599436738,2d608e6b8a9ced1c145e6a2b196295df588fff82f3b6e9e7bf8b72287bf9d62e,exited,16,11714.877372870924,True,1.7112070293359687,1.711207029335969,1.7112070293359687,259.1382915,reference_development/trace-022-B.json.gz,4146.212664,0.11036309700284619
development_original_pressure,edge16-1500-negative_extreme,edge16-1500-negative_extreme,CR,reference_development,primary,1,147,True,True,,True,2422.975474574185,1.0,16,True,0.0,0.0,True,645.0,2969.077805,48.0,32.0,115.0,,0,2422.9754745741843,False,local_research_only,238.0673628125,129,development_original_pressure,2422.975474574185,0,356,0,,,9,3,12,12.441951010987395,,0,0,12.532038309999962,12.532754389001639,2d608e6b8a9ced1c145e6a2b196295df588fff82f3b6e9e7bf8b72287bf9d62e,exited,16,11714.877372870924,True,1.5720661826630373,1.5720661826630375,1.5720661826630373,238.0673628125,reference_development/trace-022-CR.json.gz,3809.077805,12.532726645993534
development_original_pressure,smooth-spatial,smooth-spatial,B,reference_development,primary,1,139,True,True,,True,2244.834580127144,1.0,13,True,4425.599999999999,0.0,True,620.0,2649.621097,39.0,26.0,108.0,,0,2244.8345801271435,False,local_research_only,264.8170074615385,124,development_original_pressure,2034.834580127144,,,,,,,,,,,,,0.07710025999999992,0.07710567599860951,1c9e93f56c78c4609c510970b84a8b180dc72f5b9c993f7fde3934ca7ea029f3,exited,13,9849.17290063572,True,1.5335745125616407,1.5335745125616411,1.691843224319931,264.8170074615385,reference_development/trace-023-B.json.gz,3442.621097,0.0770887629914796
development_original_pressure,smooth-spatial,smooth-spatial,CR,reference_development,primary,1,138,True,True,,True,2244.834580127144,1.0,13,True,4425.599999999999,0.0,True,615.0,2607.623891,39.0,26.0,106.0,,0,2244.8345801271435,False,local_research_only,261.0479916153846,123,development_original_pressure,2034.834580127144,0,432,0,,,9,3,12,17.86678519002453,,0,0,17.941752717000043,17.94253123900853,1c9e93f56c78c4609c510970b84a8b180dc72f5b9c993f7fde3934ca7ea029f3,exited,13,9849.17290063572,True,1.5117478682138756,1.5117478682138759,1.6677640158778677,261.0479916153846,reference_development/trace-023-CR.json.gz,3393.623891,17.942502696998417
development_added_pressure,q3-r2-cluster-14-960000,old-pressure-14-960000,B,reference_development,primary,1,100,True,True,,True,422.69742882423344,1.0,14,True,4425.599999999999,1258.377618,True,420.0,1457.727772,42.0,28.0,83.0,,0,1135.1199999999997,False,local_research_only,145.0519837142857,84,development_added_pressure,242.69742882423344,,,,,,,,,,,,,0.07199316099999997,0.07199364800180774,fe4c1f5c9ca3e5b2cf460708141e813dc7692ceac4c23b51dfa7b17780c8740d,exited,14,863.4871441211671,True,4.804211318835392,1.788998319120446,8.367322974281262,145.0519837142857,reference_development/trace-024-B.json.gz,2030.727772,0.07196854900394101
development_added_pressure,q3-r2-cluster-14-960000,old-pressure-14-960000,CR,reference_development,primary,1,100,True,True,,True,422.69742882423344,1.0,14,True,4425.599999999999,1188.117477,True,420.0,1387.467631,42.0,28.0,83.0,,0,1135.1199999999997,False,local_research_only,140.0334022142857,84,development_added_pressure,242.69742882423344,0,312,0,,,10,0,10,14.544854426014354,,0,0,14.608654764999983,14.609135499995318,fe4c1f5c9ca3e5b2cf460708141e813dc7692ceac4c23b51dfa7b17780c8740d,exited,14,863.4871441211671,True,4.637992798899195,1.7271016553315954,8.077826124889901,140.0334022142857,reference_development/trace-024-CR.json.gz,1960.467631,14.609109198994702
development_added_pressure,q3-r2-cluster-16-960001,old-pressure-16-960000,B,reference_development,primary,1,74,True,True,,True,252.69742882423344,1.0,16,True,0.0,0.0,True,280.0,189.177915,48.0,32.0,55.0,,0,252.6974288242334,False,local_research_only,37.7611196875,56,development_added_pressure,252.69742882423344,,,,,,,,,,,,,0.05392284000000025,0.05393149699375499,4d6e801386b64a4fddddd65751c0e6c57ede7d5098684088d042ae419e81e318,exited,16,863.4871441211671,True,2.3909143745987333,2.3909143745987333,2.3909143745987333,37.7611196875,reference_development/trace-025-B.json.gz,604.177915,0.0539106409996748
development_added_pressure,q3-r2-cluster-16-960001,old-pressure-16-960000,CR,reference_development,primary,1,74,True,True,,True,252.69742882423344,1.0,16,True,0.0,0.0,True,280.0,247.266906,48.0,32.0,55.0,,0,252.6974288242334,False,local_research_only,41.391681625,56,development_added_pressure,252.69742882423344,0,228,0,,,3,4,7,11.621893078976427,,0,0,11.674713058999998,11.675485843996285,4d6e801386b64a4fddddd65751c0e6c57ede7d5098684088d042ae419e81e318,exited,16,863.4871441211671,True,2.620790045555419,2.620790045555419,2.620790045555419,41.391681625,reference_development/trace-025-CR.json.gz,662.266906,11.675460854996345
development_added_pressure,q3-r2-hiddenfar-14-960002,old-pressure-14-960002,B,reference_development,primary,1,105,True,True,,True,927.6383364348831,1.0,14,True,4425.599999999999,806.465915,True,445.0,1605.313905,42.0,28.0,86.0,,0,1135.1199999999997,False,local_research_only,157.59385035714286,89,development_added_pressure,747.6383364348831,,,,,,,,,,,,,0.06439585999999942,0.06439670998952352,91af4256296306e31b219717e9f94a4d5ab3392b9d08c5aaec90ce54d892eb43,exited,14,3388.1916821744153,True,2.3784203588214634,1.9436834035168093,2.951044371963078,157.59385035714286,reference_development/trace-026-B.json.gz,2206.313905,0.06437810898933094
development_added_pressure,q3-r2-hiddenfar-14-960002,old-pressure-14-960002,CR,reference_development,primary,1,107,True,True,,True,927.6383364348831,1.0,14,True,4425.599999999999,777.7739689999999,True,455.0,1542.645349,42.0,28.0,86.0,,0,1135.1199999999997,False,local_research_only,153.83181064285714,91,development_added_pressure,747.6383364348831,0,300,0,,,11,0,11,15.14051774397376,,1,0,15.202458629999967,15.2035838120064,91af4256296306e31b219717e9f94a4d5ab3392b9d08c5aaec90ce54d892eb43,exited,14,3388.1916821744153,True,2.3216433219835757,1.897284295052506,2.8805978025012307,153.83181064285714,reference_development/trace-026-CR.json.gz,2153.645349,15.203558943001553
development_added_pressure,q3-r2-hiddenfar-16-960003,old-pressure-16-960002,B,reference_development,primary,1,91,True,True,,True,757.6383364348831,1.0,16,True,0.0,0.0,True,365.0,908.7602,48.0,32.0,69.0,,0,757.638336434883,False,local_research_only,88.9225125,73,development_added_pressure,757.6383364348831,,,,,,,,,,,,,0.07511600299999976,0.07512441101425793,1a4aa77ced2a7d6af633d7c791e753368d15ffcc215fd10391110a70d4bbd193,exited,16,3388.1916821744153,True,1.8778883427347295,1.8778883427347297,1.8778883427347295,88.9225125,reference_development/trace-027-B.json.gz,1422.7602,0.07510282499424648
development_added_pressure,q3-r2-hiddenfar-16-960003,old-pressure-16-960002,CR,reference_development,primary,1,93,True,True,,True,757.6383364348831,1.0,16,True,0.0,0.0,True,375.0,874.449271,48.0,32.0,69.0,,0,757.638336434883,False,local_research_only,87.4030794375,75,development_added_pressure,757.6383364348831,0,292,0,,,8,1,9,18.55591995899158,,0,0,18.620760389999987,18.62212177600304,1a4aa77ced2a7d6af633d7c791e753368d15ffcc215fd10391110a70d4bbd193,exited,16,3388.1916821744153,True,1.845800567036371,1.8458005670363713,1.845800567036371,87.4030794375,reference_development/trace-027-CR.json.gz,1398.449271,18.622092834993964
development_added_pressure,q3-r2-collinear-14-960004,old-pressure-14-960004,B,reference_development,primary,1,114,True,True,,True,426.00000085518315,1.0,14,True,4425.599999999999,981.6651669999999,True,490.0,1522.406869,42.0,28.0,97.0,,0,1135.1199999999997,False,local_research_only,155.6719192142857,98,development_added_pressure,246.00000085518315,,,,,,,,,,,,,0.049583679999999575,0.04958425300719682,30f5cd7fc466df759d7a7399509030b52502e63f149418d8993e6abb88c82898,exited,14,880.0000042759157,True,5.115978555457515,1.9199792700331249,8.859377485461827,155.6719192142857,reference_development/trace-028-B.json.gz,2179.406869,0.049564834000193514
development_added_pressure,q3-r2-collinear-14-960004,old-pressure-14-960004,CR,reference_development,primary,1,114,True,True,,True,426.00000085518315,1.0,14,True,4425.599999999999,935.9165930000001,True,490.0,1476.658295,42.0,28.0,97.0,,0,1135.1199999999997,False,local_research_only,152.40416392857145,98,development_added_pressure,246.00000085518315,0,248,0,,,9,0,9,11.435283478043857,,1,0,11.474063101999946,11.474809126011678,30f5cd7fc466df759d7a7399509030b52502e63f149418d8993e6abb88c82898,exited,14,880.0000042759157,True,5.008587536893757,1.8796764174712812,8.673407673100195,152.40416392857145,reference_development/trace-028-CR.json.gz,2133.658295,11.474782036006218
development_added_pressure,q3-r2-collinear-16-960005,old-pressure-16-960004,B,reference_development,primary,1,95,True,True,,True,256.00000085518315,1.0,16,True,0.0,0.0,True,385.0,696.664653,48.0,32.0,76.0,,0,256.0000008551831,False,local_research_only,77.3540408125,77,development_added_pressure,256.00000085518315,,,,,,,,,,,,,0.03802036900000161,0.0380216679914156,fe05b034ddf2944a13ada8cd8d28fc350de586be4283a459b5e7b67f9f90baef,exited,16,880.0000042759157,True,4.834627534630891,4.834627534630892,4.834627534630891,77.3540408125,reference_development/trace-029-B.json.gz,1237.664653,0.0380016700073611
development_added_pressure,q3-r2-collinear-16-960005,old-pressure-16-960004,CR,reference_development,primary,1,95,True,True,,True,256.00000085518315,1.0,16,True,0.0,0.0,True,385.0,696.664653,48.0,32.0,76.0,,0,256.0000008551831,False,local_research_only,77.3540408125,77,development_added_pressure,256.00000085518315,0,228,0,,,7,0,7,10.914595994006959,,0,0,10.953974642000048,10.954806427995209,fe05b034ddf2944a13ada8cd8d28fc350de586be4283a459b5e7b67f9f90baef,exited,16,880.0000042759157,True,4.834627534630891,4.834627534630892,4.834627534630891,77.3540408125,reference_development/trace-029-CR.json.gz,1237.664653,10.954634611000074
development_added_pressure,q3-r2-boundary_min-10-960006,old-pressure-10-960006,B,reference_development,primary,1,163,True,True,,True,1887.9986294989158,1.0,10,True,4425.599999999999,282.3581830000003,True,755.0,2742.181982,30.0,20.0,140.0,,0,1887.9986294989155,False,local_research_only,368.7181982,151,development_added_pressure,1587.9986294989158,,,,,,,,,,,,,0.05526212300000033,0.05529255099827424,ec4c874c4ceee73bcc8af5e3e3e7ccb1a3f9c397e85f63ab844471166a6e4e05,exited,10,7689.993147494579,True,1.9529579759168556,1.9529579759168558,2.321905015222507,368.7181982,reference_development/trace-030-B.json.gz,3687.181982,0.05527192199951969
development_added_pressure,q3-r2-boundary_min-10-960006,old-pressure-10-960006,CR,reference_development,primary,1,167,True,True,,True,1887.9986294989158,1.0,10,True,4425.599999999999,263.36787200000026,True,775.0,2745.243554,30.0,20.0,143.0,,0,1887.9986294989155,False,local_research_only,371.3243554,155,development_added_pressure,1587.9986294989158,0,344,0,,,11,1,12,18.04211804899387,,0,0,18.117440756000065,18.118864563002717,ec4c874c4ceee73bcc8af5e3e3e7ccb1a3f9c397e85f63ab844471166a6e4e05,exited,10,7689.993147494579,True,1.9667617846658678,1.966761784665868,2.338316598655815,371.3243554,reference_development/trace-030-CR.json.gz,3713.243554,18.118834616005188
development_added_pressure,q3-r2-boundary_min-16-960007,old-pressure-16-960006,B,reference_development,primary,1,174,True,True,,True,2405.9511886986925,1.0,16,True,0.0,0.0,True,780.0,3658.48159,48.0,32.0,139.0,,0,2405.951188698692,False,local_research_only,291.092599375,156,development_added_pressure,2405.9511886986925,,,,,,,,,,,,,0.08524431500000063,0.08531135199882556,3f1ed64ea4f1ecaa2f455b428a761c91c3353de052b89d2cb100fc0eecd0085e,exited,16,11629.755943493463,True,1.9358171570052067,1.935817157005207,1.9358171570052067,291.092599375,reference_development/trace-031-B.json.gz,4657.48159,0.0852900559984846
development_added_pressure,q3-r2-boundary_min-16-960007,old-pressure-16-960006,CR,reference_development,primary,1,180,True,True,,True,2405.9511886986925,1.0,16,True,0.0,0.0,True,810.0,3573.662088,48.0,32.0,140.0,,0,2405.951188698692,False,local_research_only,287.7288805,162,development_added_pressure,2405.9511886986925,0,392,0,,,11,1,12,16.16511585499393,,0,0,16.260727919000033,16.261396347006666,3f1ed64ea4f1ecaa2f455b428a761c91c3353de052b89d2cb100fc0eecd0085e,exited,16,11629.755943493463,True,1.9134478328672928,1.913447832867293,1.9134478328672928,287.7288805,reference_development/trace-031-CR.json.gz,4603.662088,16.261368483988917
development_added_pressure,q3-r2-minimum_radius-10-960008,old-pressure-10-960008,B,reference_development,primary,1,147,True,True,,True,1931.3726442327493,1.0,10,True,4425.599999999999,192.2534129999999,True,675.0,2440.105741,30.0,20.0,123.0,,0,1931.372644232749,False,local_research_only,328.8105741,135,development_added_pressure,1631.3726442327493,,,,,,,,,,,,,0.06256286600000038,0.0625711169996066,364f16af7c80bc73de1ca7e5e8d6e566a7d8508a70cd0e8ca1cda6566db8f461,exited,10,7906.863221163747,True,1.702470908873322,1.7024709088733223,2.015545468795346,328.8105741,reference_development/trace-032-B.json.gz,3288.105741,0.06255270300607663
development_added_pressure,q3-r2-minimum_radius-10-960008,old-pressure-10-960008,CR,reference_development,primary,1,144,True,True,,True,1931.3726442327493,1.0,10,True,4425.599999999999,165.60629199999994,True,660.0,2404.298241,30.0,20.0,121.0,,0,1931.372644232749,False,local_research_only,323.5298241,132,development_added_pressure,1631.3726442327493,0,404,0,,,10,2,12,16.46892360399943,,0,0,16.530604351999955,16.531299423004384,364f16af7c80bc73de1ca7e5e8d6e566a7d8508a70cd0e8ca1cda6566db8f461,exited,10,7906.863221163747,True,1.6751289559065097,1.67512895590651,1.983175488713428,323.5298241,reference_development/trace-032-CR.json.gz,3235.298241,16.531276726993383
development_added_pressure,q3-r2-minimum_radius-16-960009,old-pressure-16-960008,B,reference_development,primary,1,127,True,True,,True,1773.1449605174948,1.0,16,True,0.0,0.0,True,545.0,2529.62676,48.0,32.0,98.0,,0,1773.1449605174946,False,local_research_only,203.2891725,109,development_added_pressure,1773.1449605174948,,,,,,,,,,,,,0.07783189799999946,0.07783312600804493,c7de47702c5fbf73e6bee19c7968dcb8e15411c7d0825b09bc6f4fc33b587155,exited,16,8465.724802587474,True,1.8343828803769753,1.8343828803769755,1.8343828803769753,203.2891725,reference_development/trace-033-B.json.gz,3252.62676,0.07781252499262337
development_added_pressure,q3-r2-minimum_radius-16-960009,old-pressure-16-960008,CR,reference_development,primary,1,122,True,True,,True,1773.1449605174948,1.0,16,True,0.0,0.0,True,520.0,2538.188642,48.0,32.0,98.0,,0,1773.1449605174946,False,local_research_only,202.261790125,104,development_added_pressure,1773.1449605174948,0,380,0,,,9,2,11,16.06645690597361,,0,0,16.134611355999937,16.1357144240028,c7de47702c5fbf73e6bee19c7968dcb8e15411c7d0825b09bc6f4fc33b587155,exited,16,8465.724802587474,True,1.8251122801914141,1.8251122801914144,1.8251122801914141,202.261790125,reference_development/trace-033-CR.json.gz,3236.188642,16.135688428999856
development_added_pressure,q3-r2-correlated-12-960010,old-pressure-12-960010,B,reference_development,primary,1,165,True,True,,True,1817.8316402796747,1.0,12,True,4425.599999999999,0.0,True,755.0,2526.602916,36.0,24.0,145.0,,0,1817.8316402796745,False,local_research_only,290.55024299999997,151,development_added_pressure,1577.8316402796747,,,,,,,,,,,,,0.07408236499999887,0.0740972560015507,6acb04e29419f8eba72f3c863da0393f1ef45deba3f514bfa08afdfec3b72eab,exited,12,7589.158201398373,True,1.9180010066628521,1.9180010066628523,2.209743312906306,290.55024299999997,reference_development/trace-034-B.json.gz,3486.602916,0.07407820998923853
development_added_pressure,q3-r2-correlated-12-960010,old-pressure-12-960010,CR,reference_development,primary,1,150,True,True,,True,1817.8316402796747,1.0,12,True,4425.599999999999,0.0,True,680.0,2513.926792,36.0,24.0,129.0,,0,1817.8316402796745,False,local_research_only,281.910566,136,development_added_pressure,1577.8316402796747,0,416,0,,,7,5,12,17.121966219041497,,0,0,17.17954589899989,17.180146016005892,6acb04e29419f8eba72f3c863da0393f1ef45deba3f514bfa08afdfec3b72eab,exited,12,7589.158201398373,True,1.8609681540582792,1.8609681540582794,2.1440353366220797,281.910566,reference_development/trace-034-CR.json.gz,3382.926792,17.180123469006503
development_added_pressure,q3-r2-correlated_boundary-14-960011,old-pressure-14-960010,B,reference_development,primary,1,177,True,True,,True,2317.2782699004065,1.0,14,True,4425.599999999999,0.0,True,805.0,3502.701966,42.0,28.0,143.0,,0,2317.278269900406,False,local_research_only,322.90728328571424,161,development_added_pressure,2137.2782699004065,,,,,,,,,,,,,0.08139404599999978,0.08139502600533888,fdb8575ff9d52bded62e639fa20a071ded1cfb72618c863886b29cf78a16cfa7,exited,14,10336.391349502032,True,1.9508671119564305,1.9508671119564307,2.115167701681942,322.90728328571424,reference_development/trace-035-B.json.gz,4520.701966,0.08136785900569521
development_added_pressure,q3-r2-correlated_boundary-14-960011,old-pressure-14-960010,CR,reference_development,primary,1,174,True,True,,True,2317.2782699004065,1.0,14,True,4425.599999999999,0.0,True,790.0,3473.64306,42.0,28.0,139.0,,0,2317.278269900406,False,local_research_only,319.4745042857143,158,development_added_pressure,2137.2782699004065,0,344,0,,,9,3,12,14.49690041402937,,0,0,14.588643196000021,14.589327882989892,fdb8575ff9d52bded62e639fa20a071ded1cfb72618c863886b29cf78a16cfa7,exited,14,10336.391349502032,True,1.9301277356699282,1.9301277356699287,2.0926816704164675,319.4745042857143,reference_development/trace-035-CR.json.gz,4472.64306,14.589301772997715
regression_nominal,q3-random-980000,q3-random-980000,B,reference_development,primary,1,153,True,True,,True,1613.868487631547,1.0,10,True,4425.599999999999,359.6671369999999,True,705.0,2367.247244,30.0,20.0,137.0,,0,1613.8684876315467,False,local_research_only,325.9247244,141,regression_nominal,1313.868487631547,,,,,,,,,,,,,0.07298721,0.07298828799684998,5eb88126db6f6dd60fd55dae1a77b4dbcd563a483c7763465eec655686290ea1,exited,10,6319.342438157735,True,2.0195246818302706,2.019524681830271,2.4806495282304106,325.9247244,reference_development/trace-036-B.json.gz,3259.247244,0.07297007599845529
regression_nominal,q3-random-980000,q3-random-980000,CR,reference_development,primary,1,146,True,True,,True,1613.868487631547,1.0,10,True,4425.599999999999,351.45891500000016,True,670.0,2287.266219,30.0,20.0,128.0,,0,1613.8684876315467,False,local_research_only,313.5266219,134,regression_nominal,1313.868487631547,0,392,0,,,8,4,12,16.613777776045026,,0,0,16.665370466,16.66629295000166,5eb88126db6f6dd60fd55dae1a77b4dbcd563a483c7763465eec655686290ea1,exited,10,6319.342438157735,True,1.942702421559268,1.9427024215592685,2.386286183521919,313.5266219,reference_development/trace-036-CR.json.gz,3135.266219,16.664813019000576
regression_nominal,q3-random-980020,q3-random-980020,B,reference_development,primary,1,224,True,True,,True,2203.3641694692255,1.0,14,True,4425.599999999999,0.0,True,1040.0,2735.290528,42.0,28.0,206.0,,0,2203.364169469225,False,local_research_only,289.37789485714285,208,regression_nominal,2023.3641694692255,,,,,,,,,,,,,0.16284029900003816,0.1628420049964916,18f0a604b9ca8adfa866e6ad15ccba1fe7541c7dc9acbd62072dd546dac65f2b,exited,14,9766.820847346127,True,1.838684037861942,1.8386840378619425,2.0022547542999862,289.37789485714285,reference_development/trace-037-B.json.gz,4051.290528,0.16282203899754677
regression_nominal,q3-random-980020,q3-random-980020,CR,reference_development,primary,1,158,True,True,,True,2203.3641694692255,1.0,14,True,4425.599999999999,0.0,True,710.0,2704.383108,42.0,28.0,132.0,,0,2203.364169469225,False,local_research_only,258.31307914285713,142,regression_nominal,2023.3641694692255,0,424,0,,,8,4,12,19.24799925296975,,0,0,19.339566177999984,19.341030390991364,18f0a604b9ca8adfa866e6ad15ccba1fe7541c7dc9acbd62072dd546dac65f2b,exited,14,9766.820847346127,True,1.6413006792568297,1.6413006792568299,1.787312023494347,258.31307914285713,reference_development/trace-037-CR.json.gz,3616.383108,19.341007545997854
regression_nominal,q3-random-980060,q3-random-980060,B,reference_development,primary,1,150,True,True,,True,1947.7272671899761,1.0,15,True,4425.599999999999,0.0,True,665.0,2591.278435,45.0,30.0,126.0,,0,1947.727267189976,False,local_research_only,230.485229,133,regression_nominal,1797.7272671899761,,,,,,,,,,,,,0.09168348500020329,0.09168409698759206,3d5f7e02532f162212c3fe0d85e222671d8c563bbc0d73e2e017fc3c261d4c8c,exited,15,8613.636335949881,True,1.7750321070299964,1.7750321070299966,1.9231384526998163,230.485229,reference_development/trace-038-B.json.gz,3457.278435,0.09166531299706548
regression_nominal,q3-random-980060,q3-random-980060,CR,reference_development,primary,1,152,True,True,,True,1947.7272671899761,1.0,15,True,4425.599999999999,195.9921690000001,True,675.0,2756.984068,45.0,30.0,127.0,,0,1947.727267189976,False,local_research_only,242.26560453333335,135,regression_nominal,1797.7272671899761,0,424,0,,,8,4,12,20.94900534696353,,0,0,21.0545995330001,21.05603760899976,3d5f7e02532f162212c3fe0d85e222671d8c563bbc0d73e2e017fc3c261d4c8c,exited,15,8613.636335949881,True,1.8657561195632997,1.8657561195633,2.021432357579063,242.26560453333335,reference_development/trace-038-CR.json.gz,3633.984068,21.056012172004557
regression_nominal,q3-random-980033,q3-random-980033,B,reference_development,primary,1,143,True,True,,True,1857.7840495381802,1.0,13,True,4425.599999999999,229.06809199999998,True,640.0,2367.535942,39.0,26.0,118.0,,0,1857.78404953818,False,local_research_only,245.4258416923077,128,regression_nominal,1647.7840495381802,,,,,,,,,,,,,0.11618584699999701,0.11619292099203449,bb23121ef5f4a18d608884a2342a4cec7181d331d4fced1b47a2e817e70576b9,exited,13,7913.920247690901,True,1.7173879508725052,1.7173879508725054,1.9362585424310925,245.4258416923077,reference_development/trace-039-B.json.gz,3190.535942,0.11617005200241692
regression_nominal,q3-random-980033,q3-random-980033,CR,reference_development,primary,1,136,True,True,,True,1857.7840495381802,1.0,13,True,4425.599999999999,215.25797999999986,True,605.0,2317.195178,39.0,26.0,112.0,,0,1857.78404953818,False,local_research_only,238.39962907692308,121,regression_nominal,1647.7840495381802,0,400,0,,,9,3,12,17.35522036300972,,0,0,17.44457369299994,17.44528925200575,bb23121ef5f4a18d608884a2342a4cec7181d331d4fced1b47a2e817e70576b9,exited,13,7913.920247690901,True,1.668221437669474,1.668221437669474,1.8808260578008402,238.39962907692308,reference_development/trace-039-CR.json.gz,3099.195178,17.44526394699642
regression_nominal,q3-random-980024,q3-random-980024,B,reference_development,primary,1,151,True,True,,True,1858.2874775639125,1.0,12,True,4425.599999999999,0.0,True,685.0,2407.132423,36.0,24.0,131.0,,0,1858.2874775639123,False,local_research_only,273.59436858333333,137,regression_nominal,1618.2874775639125,,,,,,,,,,,,,0.11689040400000295,0.11689526800182648,563b13407ce385621b848d094f0adbaf245629c6d5b0da1c7939005ff5e3fea4,exited,12,7791.437387819562,True,1.7667516262359801,1.7667516262359804,2.0287695903958056,273.59436858333333,reference_development/trace-040-B.json.gz,3283.132423,0.11687143599556293
regression_nominal,q3-random-980024,q3-random-980024,CR,reference_development,primary,1,141,True,True,,True,1858.2874775639125,1.0,12,True,4425.599999999999,0.0,True,635.0,2441.393623,36.0,24.0,119.0,,0,1858.2874775639123,False,local_research_only,271.28280191666664,127,regression_nominal,1618.2874775639125,0,420,0,,,9,3,12,22.493637212057365,,0,0,22.56793872899999,22.569339270005003,563b13407ce385621b848d094f0adbaf245629c6d5b0da1c7939005ff5e3fea4,exited,12,7791.437387819562,True,1.7518245493789786,1.7518245493789788,2.0116287545526235,271.28280191666664,reference_development/trace-040-CR.json.gz,3255.393623,22.569313601998147
regression_nominal,q3-random-980002,q3-random-980002,B,reference_development,primary,1,165,True,True,,True,1918.49636820329,1.0,10,True,4425.599999999999,0.0,True,765.0,2372.171082,30.0,20.0,144.0,,0,1918.4963682032899,False,local_research_only,333.11710819999996,153,regression_nominal,1618.49636820329,,,,,,,,,,,,,0.09662608800000072,0.09684681700309739,93faf45c7bac65de6acd671c9bc0f1292f1d869efaeda85847a99993b6d0af7c,exited,10,7842.481841016451,True,1.7363447422731937,1.736344742273194,2.0581887901904703,333.11710819999996,reference_development/trace-041-B.json.gz,3331.171082,0.09682294400408864
regression_nominal,q3-random-980002,q3-random-980002,CR,reference_development,primary,1,152,True,True,,True,1918.49636820329,1.0,10,True,4425.599999999999,0.0,True,700.0,2307.574313,30.0,20.0,134.0,,0,1918.4963682032899,False,local_research_only,319.1574313,140,regression_nominal,1618.49636820329,0,424,0,,,5,7,12,18.62284862199158,,0,0,18.677661306000005,18.678921030004858,93faf45c7bac65de6acd671c9bc0f1292f1d869efaeda85847a99993b6d0af7c,exited,10,7842.481841016451,True,1.663581107525876,1.6635811075258762,1.9719378898223914,319.1574313,reference_development/trace-041-CR.json.gz,3191.574313,18.678896343990345
regression_nominal,q3-random-980015,q3-random-980015,B,reference_development,primary,1,180,True,True,,True,2081.485693634533,1.0,16,True,0.0,0.0,True,810.0,2892.854027,48.0,32.0,147.0,,0,2081.4856936345327,False,local_research_only,245.6158766875,162,regression_nominal,2081.485693634533,,,,,,,,,,,,,0.14048461900000575,0.14066037599695846,b428047f7f532173ee6ee2989bf9a8eaf0ea221627d1be68e30a712c6e3ce40e,exited,16,10007.428468172666,True,1.88800434181125,1.8880043418112504,1.88800434181125,245.6158766875,reference_development/trace-042-B.json.gz,3929.854027,0.14063935399462935
regression_nominal,q3-random-980015,q3-random-980015,CR,reference_development,primary,1,156,True,True,,True,2081.485693634533,1.0,16,True,0.0,0.0,True,690.0,2902.020214,48.0,32.0,123.0,,0,2081.4856936345327,False,local_research_only,237.188763375,138,regression_nominal,2081.485693634533,0,420,0,,,9,3,12,21.613336919006542,,0,0,21.705226203999985,21.70672960601223,b428047f7f532173ee6ee2989bf9a8eaf0ea221627d1be68e30a712c6e3ce40e,exited,16,10007.428468172666,True,1.823226662381437,1.8232266623814373,1.823226662381437,237.188763375,reference_development/trace-042-CR.json.gz,3795.020214,21.706703663992812
regression_nominal,q3-random-980029,q3-random-980029,B,reference_development,primary,1,195,True,True,,True,2031.3335080555225,1.0,14,True,4425.599999999999,0.0,True,895.0,2371.975606,42.0,28.0,177.0,,0,2031.3335080555223,False,local_research_only,250.99825757142858,179,regression_nominal,1851.3335080555225,,,,,,,,,,,,,0.1429812699999502,0.1429828519903822,1a87ff2efd084774d9be772670848c396584f078cdba3c375189b4e728f28039,exited,14,8906.667540277613,True,1.729886102929363,1.7298861029293633,1.8980781100271717,250.99825757142858,reference_development/trace-043-B.json.gz,3513.975606,0.14296439800818916
regression_nominal,q3-random-980029,q3-random-980029,CR,reference_development,primary,1,169,True,True,,True,2031.3335080555225,1.0,14,True,4425.599999999999,0.0,True,765.0,2254.029496,42.0,28.0,149.0,,0,2031.3335080555223,False,local_research_only,231.28782114285715,153,regression_nominal,1851.3335080555225,0,424,0,,,7,5,12,28.08029868999438,,0,0,28.173098806999974,28.17464236599335,1a87ff2efd084774d9be772670848c396584f078cdba3c375189b4e728f28039,exited,14,8906.667540277613,True,1.5940412951192724,1.5940412951192726,1.7490254899566642,231.28782114285715,reference_development/trace-043-CR.json.gz,3238.029496,28.174599325997406
regression_nominal,q3-random-980062,q3-random-980062,B,reference_development,primary,1,154,True,True,,True,1671.145937532948,1.0,11,True,4425.599999999999,0.0,True,705.0,2163.021555,33.0,22.0,139.0,,0,1671.1459375329478,False,local_research_only,278.36559590909087,141,regression_nominal,1401.145937532948,,,,,,,,,,,,,0.07844155799989494,0.07845952198840678,0a62b7da3c1e4b030a96a7a8c24aac6f76a758ea03a3c884c7646e396359dc6e,exited,11,6730.72968766474,True,1.8322885429864677,1.832288542986468,2.185369470072061,278.36559590909087,reference_development/trace-044-B.json.gz,3062.021555,0.07844065300014336
regression_nominal,q3-random-980062,q3-random-980062,CR,reference_development,primary,1,128,True,True,,True,1671.145937532948,1.0,11,True,4425.599999999999,0.0,True,575.0,2104.985913,33.0,22.0,113.0,,0,1671.1459375329478,False,local_research_only,258.90781027272726,115,regression_nominal,1401.145937532948,0,308,0,,,6,3,9,14.553557185892714,,0,0,14.59538747900001,14.596662637995905,0a62b7da3c1e4b030a96a7a8c24aac6f76a758ea03a3c884c7646e396359dc6e,exited,11,6730.72968766474,True,1.7042113731876571,1.7042113731876574,2.0326119048059756,258.90781027272726,reference_development/trace-044-CR.json.gz,2847.985913,14.596636840011342
regression_nominal,q3-random-980048,q3-random-980048,B,reference_development,primary,1,149,True,True,,True,1907.1713806936307,1.0,15,True,4425.599999999999,0.0,True,660.0,2536.730502,45.0,30.0,127.0,,0,1907.1713806936305,False,local_research_only,226.58203346666667,132,regression_nominal,1757.1713806936307,,,,,,,,,,,,,0.12383906000002298,0.12384505399677437,b5c591d5cb7ced213b85e0f75f1a12dc52a47e2c2f93ed576fceb565e21e9ba3,exited,15,8410.856903468153,True,1.782079228120493,1.782079228120493,1.9342054732637266,226.58203346666667,reference_development/trace-045-B.json.gz,3398.730502,0.12382105899450835
regression_nominal,q3-random-980048,q3-random-980048,CR,reference_development,primary,1,142,True,True,,True,1907.1713806936307,1.0,15,True,4425.599999999999,0.0,True,625.0,2544.491094,45.0,30.0,120.0,,0,1907.1713806936305,False,local_research_only,224.29940626666667,125,regression_nominal,1757.1713806936307,0,420,0,,,5,7,12,25.06723886197142,,0,0,25.164334594000024,25.165902350010583,b5c591d5cb7ced213b85e0f75f1a12dc52a47e2c2f93ed576fceb565e21e9ba3,exited,15,8410.856903468153,True,1.7641262489878324,1.7641262489878327,1.9147199476193901,224.29940626666667,reference_development/trace-045-CR.json.gz,3364.491094,25.16587471400271
regression_nominal,q3-random-980055,q3-random-980055,B,reference_development,primary,1,133,True,True,,True,1957.405955891902,1.0,12,True,4425.599999999999,107.86033899999984,True,595.0,2220.042708,36.0,24.0,111.0,,0,1957.4059558919018,False,local_research_only,248.83689233333334,119,regression_nominal,1717.405955891902,,,,,,,,,,,,,0.09939241500001117,0.09939430801023263,21159b5ff82a4ede6027373ae7d0c127440f752966ab8c9ca88f7dafdf830687,exited,12,8287.02977945951,True,1.525510177902465,1.5255101779024651,1.7386935789734441,248.83689233333334,reference_development/trace-046-B.json.gz,2986.042708,0.0993750240013469
regression_nominal,q3-random-980055,q3-random-980055,CR,reference_development,primary,1,132,True,True,,True,1957.405955891902,1.0,12,True,4425.599999999999,91.61007999999993,True,590.0,2203.792449,36.0,24.0,110.0,,0,1957.4059558919018,False,local_research_only,246.98270408333335,118,regression_nominal,1717.405955891902,0,384,0,,,10,1,11,20.3683156780462,,0,0,20.449704436000047,20.451213074004045,21159b5ff82a4ede6027373ae7d0c127440f752966ab8c9ca88f7dafdf830687,exited,12,8287.02977945951,True,1.5141429605232466,1.5141429605232468,1.7257378424897862,246.98270408333335,reference_development/trace-046-CR.json.gz,2963.792449,20.451182965000044
regression_nominal,q3-random-980011,q3-random-980011,B,reference_development,primary,1,151,True,True,,True,1838.2795758265238,1.0,12,True,4425.599999999999,300.28502400000025,True,685.0,2440.532427,36.0,24.0,127.0,,0,1838.2795758265236,False,local_research_only,276.04436891666666,137,regression_nominal,1598.2795758265238,,,,,,,,,,,,,0.14694479000002048,0.14694761799182743,5ed028fb1d39b0429f5d683c83f2f63c10bbd6788a7caa4bb44fa80ee70764ac,exited,12,7691.397879132619,True,1.8019742320808985,1.8019742320808987,2.0725613197471904,276.04436891666666,reference_development/trace-047-B.json.gz,3312.532427,0.14692443900275975
regression_nominal,q3-random-980011,q3-random-980011,CR,reference_development,primary,1,146,True,True,,True,1838.2795758265238,1.0,12,True,4425.599999999999,294.07933300000013,True,660.0,2420.874357,36.0,24.0,122.0,,0,1838.2795758265236,False,local_research_only,271.90619641666666,132,regression_nominal,1598.2795758265238,0,416,0,,,9,3,12,24.26110096499906,,0,0,24.371134773999984,24.372598428002675,5ed028fb1d39b0429f5d683c83f2f63c10bbd6788a7caa4bb44fa80ee70764ac,exited,12,7691.397879132619,True,1.7749608927319735,1.7749608927319738,2.0414916178307907,271.90619641666666,reference_development/trace-047-CR.json.gz,3262.874357,24.37257133400999
regression_pressure,q3-r2-cluster-14-970000,old-pressure-14-970000,B,reference_development,primary,1,114,True,True,,True,421.9084282102923,1.0,14,True,4425.599999999999,969.2562079999998,True,490.0,1456.912324,42.0,28.0,97.0,,0,1135.1199999999997,False,local_research_only,150.99373742857142,98,regression_pressure,241.90842821029227,,,,,,,,,,,,,0.06844293799999998,0.0684434959985083,c962d4aaffd4512799d672170fa4a545cb34c350a8159d7a7e556aa44568395a,exited,14,859.5421410514614,True,5.010358131424576,1.8622809253647197,8.738481497479553,150.99373742857142,reference_development/trace-048-B.json.gz,2113.912324,0.06842228400637396
regression_pressure,q3-r2-cluster-14-970000,old-pressure-14-970000,CR,reference_development,primary,1,101,True,True,,True,421.9084282102923,1.0,14,True,4425.599999999999,1202.615686,True,425.0,1439.461669,42.0,28.0,84.0,,0,1135.1199999999997,False,local_research_only,144.1758335,85,regression_pressure,241.90842821029227,0,312,0,,,8,2,10,15.610399117009365,,0,0,15.68309946,15.684063555992907,c962d4aaffd4512799d672170fa4a545cb34c350a8159d7a7e556aa44568395a,exited,14,859.5421410514614,True,4.784122653254833,1.7781923223976326,8.343907998299839,144.1758335,reference_development/trace-048-CR.json.gz,2018.461669,15.682016027989448
regression_pressure,q3-r2-cluster-16-970001,old-pressure-16-970000,B,reference_development,primary,1,74,True,True,,True,251.90842821029227,1.0,16,True,0.0,0.0,True,280.0,192.710518,48.0,32.0,55.0,,0,251.90842821029224,False,local_research_only,37.981907375,56,regression_pressure,251.90842821029227,,,,,,,,,,,,,0.06008990000000125,0.060094335000030696,53bd526f7e1d7070ea55074bdca6159d4c1a1fc07c8b8c3b51cfec244d1257a5,exited,16,859.5421410514614,True,2.412426302357321,2.412426302357321,2.412426302357321,37.981907375,reference_development/trace-049-B.json.gz,607.710518,0.06007490000047255
regression_pressure,q3-r2-cluster-16-970001,old-pressure-16-970000,CR,reference_development,primary,1,73,True,True,,True,251.90842821029227,1.0,16,True,0.0,0.0,True,275.0,192.355731,48.0,32.0,54.0,,0,251.90842821029224,False,local_research_only,37.5847331875,55,regression_pressure,251.90842821029227,0,216,0,,,6,1,7,10.526003367020166,,0,0,10.582873655,10.583391403008136,53bd526f7e1d7070ea55074bdca6159d4c1a1fc07c8b8c3b51cfec244d1257a5,exited,16,859.5421410514614,True,2.387199726791159,2.387199726791159,2.387199726791159,37.5847331875,reference_development/trace-049-CR.json.gz,601.355731,10.583359001000645
regression_pressure,q3-r2-boundary_min-10-970006,old-pressure-10-970006,B,reference_development,primary,1,172,True,True,,True,1888.763740121221,1.0,10,True,4425.599999999999,0.0,True,800.0,2723.952997,30.0,20.0,151.0,,0,1888.7637401212207,False,local_research_only,372.4952997,160,regression_pressure,1588.763740121221,,,,,,,,,,,,,0.0595418890000019,0.05954956299683545,6240b690ed65a1a828088ff47e7d1160895c89995c5f0546ff70c92d8179eca6,exited,10,7693.818700606105,True,1.9721646058076763,1.9721646058076765,2.344560681323071,372.4952997,reference_development/trace-050-B.json.gz,3724.952997,0.05952424500719644
regression_pressure,q3-r2-boundary_min-10-970006,old-pressure-10-970006,CR,reference_development,primary,1,172,True,True,,True,1888.763740121221,1.0,10,True,4425.599999999999,0.0,True,800.0,2808.714913,30.0,20.0,148.0,,0,1888.7637401212207,False,local_research_only,380.67149129999996,160,regression_pressure,1588.763740121221,0,320,0,,,11,1,12,18.831922819998,,0,0,18.887705259,18.888949202009826,6240b690ed65a1a828088ff47e7d1160895c89995c5f0546ff70c92d8179eca6,exited,10,7693.818700606105,True,2.015453194138344,2.015453194138344,2.3960232833042574,380.67149129999996,reference_development/trace-050-CR.json.gz,3806.714913,18.888919297998655
regression_pressure,q3-r2-boundary_min-16-970007,old-pressure-16-970006,B,reference_development,primary,1,178,True,True,,True,2407.421845357942,1.0,16,True,0.0,0.0,True,800.0,3532.669936,48.0,32.0,146.0,,0,2407.4218453579415,False,local_research_only,284.916871,160,regression_pressure,2407.421845357942,,,,,,,,,,,,,0.08600168700000665,0.0860026880109217,b9681e5d269aad64d6f7ba7341f52f547b2fc055107539f196692b29a02caa08,exited,16,11637.10922678971,True,1.8935900015986624,1.8935900015986629,1.8935900015986624,284.916871,reference_development/trace-051-B.json.gz,4558.669936,0.08598021299985703
regression_pressure,q3-r2-boundary_min-16-970007,old-pressure-16-970006,CR,reference_development,primary,1,178,True,True,,True,2407.421845357942,1.0,16,True,0.0,0.0,True,800.0,3622.869723,48.0,32.0,147.0,,0,2407.4218453579415,False,local_research_only,290.6168576875,160,regression_pressure,2407.421845357942,0,384,0,,,9,3,12,15.271138321026228,,0,0,15.363304014999997,15.365564348991029,b9681e5d269aad64d6f7ba7341f52f547b2fc055107539f196692b29a02caa08,exited,16,11637.10922678971,True,1.9314727628504362,1.9314727628504367,1.9314727628504362,290.6168576875,reference_development/trace-051-CR.json.gz,4649.869723,15.365540015001898
regression_pressure,q3-r2-correlated-12-970010,old-pressure-12-970010,B,reference_development,primary,1,172,True,True,,True,1996.2550734133802,1.0,12,True,4425.599999999999,277.48709599999984,True,790.0,2264.696489,36.0,24.0,154.0,,0,1996.25507341338,False,local_research_only,272.39137408333335,158,regression_pressure,1756.2550734133802,,,,,,,,,,,,,0.10797090799999864,0.10797687699960079,a2dab35c39db08297a385a47e94431743728e5d544e0125ee4d9b991130bb1d7,exited,12,8481.2753670669,True,1.6374142425651461,1.6374142425651463,1.8611741190003255,272.39137408333335,reference_development/trace-052-B.json.gz,3268.696489,0.1079535129974829
regression_pressure,q3-r2-correlated-12-970010,old-pressure-12-970010,CR,reference_development,primary,1,141,True,True,,True,1996.2550734133802,1.0,12,True,4425.599999999999,0.0,True,635.0,2398.832146,36.0,24.0,121.0,,0,1996.25507341338,False,local_research_only,267.90267883333337,127,regression_pressure,1756.2550734133802,0,424,0,,,5,7,12,18.519628645997727,,0,0,18.57258145999998,18.573716047001653,a2dab35c39db08297a385a47e94431743728e5d544e0125ee4d9b991130bb1d7,exited,12,8481.2753670669,True,1.6104315469580675,1.6104315469580677,1.8305041190581695,267.90267883333337,reference_development/trace-052-CR.json.gz,3214.832146,18.5736901939963
regression_pressure,q3-r2-correlated_boundary-14-970011,old-pressure-14-970010,B,reference_development,primary,1,167,True,True,,True,2314.6992307818095,1.0,14,True,4425.599999999999,0.0,True,755.0,3607.721634,42.0,28.0,135.0,,0,2314.699230781809,False,local_research_only,326.26583100000005,151,regression_pressure,2134.6992307818095,,,,,,,,,,,,,0.10177121300000636,0.10177246099920012,d2a78d4a8b0aea1962ab5db444499f342b3027f7977214fb59890454730b4c37,exited,14,10323.496153909047,True,1.9733542800103723,1.9733542800103727,2.1397495104390534,326.26583100000005,reference_development/trace-053-B.json.gz,4567.721634,0.10174992500105873
regression_pressure,q3-r2-correlated_boundary-14-970011,old-pressure-14-970010,CR,reference_development,primary,1,176,True,True,,True,2314.6992307818095,1.0,14,True,4425.599999999999,0.0,True,800.0,3615.992087,42.0,28.0,141.0,,0,2314.699230781809,False,local_research_only,330.49943478571424,160,regression_pressure,2134.6992307818095,0,368,0,,,10,2,12,15.002430701002595,,0,0,15.09580763599999,15.097707267996157,d2a78d4a8b0aea1962ab5db444499f342b3027f7977214fb59890454730b4c37,exited,14,10323.496153909047,True,1.9989603942786094,1.9989603942786096,2.1675147581823113,330.49943478571424,reference_development/trace-053-CR.json.gz,4626.992087,15.097681661005481
regression_pressure,q3-r2-collinear-14-970016,old-pressure-14-970016,B,reference_development,primary,1,101,True,True,,True,426.00000383663325,1.0,14,True,4425.599999999999,1366.3406939999998,True,425.0,1556.557446,42.0,28.0,84.0,,0,1135.1199999999997,False,local_research_only,152.53981757142856,85,regression_pressure,246.00000383663323,,,,,,,,,,,,,0.04873047299997779,0.04873123099969234,d67089355168fd8ca6f9998fc6586136d03fe93e383da9ce9399a62c521f0183,exited,14,880.0000191831662,True,5.013045602738925,1.8813495013743045,8.681127693876816,152.53981757142856,reference_development/trace-054-B.json.gz,2135.557446,0.04870591299550142
regression_pressure,q3-r2-collinear-14-970016,old-pressure-14-970016,CR,reference_development,primary,1,101,True,True,,True,426.00000383663325,1.0,14,True,4425.599999999999,1300.2668259999998,True,425.0,1490.483578,42.0,28.0,84.0,,0,1135.1199999999997,False,local_research_only,147.82025557142856,85,regression_pressure,246.00000383663323,0,280,0,,,10,0,10,10.882630266001797,,1,0,10.92056048400002,10.921214100002544,d67089355168fd8ca6f9998fc6586136d03fe93e383da9ce9399a62c521f0183,exited,14,880.0000191831662,True,4.857942627609989,1.8231407939248718,8.412534738716218,147.82025557142856,reference_development/trace-054-CR.json.gz,2069.483578,10.921190284003387
regression_pressure,q3-r2-collinear-16-970017,old-pressure-16-970016,B,reference_development,primary,1,75,True,True,,True,256.00000383663325,1.0,16,True,0.0,0.0,True,285.0,384.524994,48.0,32.0,56.0,,0,256.0000038366332,False,local_research_only,50.345312125,57,regression_pressure,256.00000383663325,,,,,,,,,,,,,0.03896888999997827,0.03897043100732844,505c493b4ea05c4ec36bc33ef2b43e1a2a225dd4eb088483efe61d29a7159054,exited,16,880.0000191831663,True,3.146581960655152,3.146581960655153,3.146581960655152,50.345312125,reference_development/trace-055-B.json.gz,805.524994,0.038948925997829065
regression_pressure,q3-r2-collinear-16-970017,old-pressure-16-970016,CR,reference_development,primary,1,75,True,True,,True,256.00000383663325,1.0,16,True,0.0,0.0,True,285.0,384.524994,48.0,32.0,56.0,,0,256.0000038366332,False,local_research_only,50.345312125,57,regression_pressure,256.00000383663325,0,228,0,,,7,0,7,9.718770189007046,,0,0,9.757237757999974,9.757777991995681,505c493b4ea05c4ec36bc33ef2b43e1a2a225dd4eb088483efe61d29a7159054,exited,16,880.0000191831663,True,3.146581960655152,3.146581960655153,3.146581960655152,50.345312125,reference_development/trace-055-CR.json.gz,805.524994,9.757750194010441
regression_pressure,q3-r2-hiddenfar-14-970026,old-pressure-14-970026,B,reference_development,primary,1,111,True,True,,True,926.9830062050198,1.0,14,True,4425.599999999999,784.937467,True,475.0,1583.212681,42.0,28.0,92.0,,0,1135.1199999999997,False,local_research_only,158.58662007142857,95,regression_pressure,746.9830062050198,,,,,,,,,,,,,0.0791582599999856,0.07915980700636283,f15ea9da07b8c1dbf1009c24218d2f81a3060028523d26a71bb140439dc4c582,exited,14,3384.915031025099,True,2.395095342782323,1.955927726583974,2.972239880368352,158.58662007142857,reference_development/trace-056-B.json.gz,2220.212681,0.07914030899701174
regression_pressure,q3-r2-hiddenfar-14-970026,old-pressure-14-970026,CR,reference_development,primary,1,113,True,True,,True,926.9830062050198,1.0,14,True,4425.599999999999,757.718392,True,485.0,1538.62961,42.0,28.0,94.0,,0,1135.1199999999997,False,local_research_only,156.25925785714284,97,regression_pressure,746.9830062050198,0,336,0,,,8,3,11,17.481991395980003,,0,0,17.54073577700001,17.541462335007964,f15ea9da07b8c1dbf1009c24218d2f81a3060028523d26a71bb140439dc4c582,exited,14,3384.915031025099,True,2.359945754513826,1.9272232098808941,2.9286203191074667,156.25925785714284,reference_development/trace-056-CR.json.gz,2187.62961,17.541434243990807
regression_pressure,q3-r2-hiddenfar-16-970027,old-pressure-16-970026,B,reference_development,primary,1,86,True,True,,True,756.9830062050198,1.0,16,True,0.0,0.0,True,340.0,903.758066,48.0,32.0,64.0,,0,756.9830062050197,False,local_research_only,86.734879125,68,regression_pressure,756.9830062050198,,,,,,,,,,,,,0.09467231100001072,0.09467782700085081,789dcff162cdd66a985faaefea9acc9025bb067f91fa5fcf631f58d51e5657f4,exited,16,3384.915031025099,True,1.8332750598421523,1.8332750598421526,1.8332750598421523,86.734879125,reference_development/trace-057-B.json.gz,1387.758066,0.0946577259892365
regression_pressure,q3-r2-hiddenfar-16-970027,old-pressure-16-970026,CR,reference_development,primary,1,100,True,True,,True,756.9830062050198,1.0,16,True,0.0,0.0,True,410.0,1346.684563,48.0,32.0,78.0,,0,756.9830062050197,False,local_research_only,119.6677851875,82,regression_pressure,756.9830062050198,0,328,0,,,7,3,10,17.253441434979322,,0,0,17.31230819000001,17.313251696003135,789dcff162cdd66a985faaefea9acc9025bb067f91fa5fcf631f58d51e5657f4,exited,16,3384.915031025099,True,2.529362676975909,2.5293626769759094,2.529362676975909,119.6677851875,reference_development/trace-057-CR.json.gz,1914.684563,17.313224965997506
regression_pressure,q3-r2-boundary_min-10-970030,old-pressure-10-970030,B,reference_development,primary,1,170,True,True,,True,1889.3789683217606,1.0,10,True,4425.599999999999,0.0,True,790.0,2858.245788,30.0,20.0,141.0,,0,1889.3789683217603,False,local_research_only,383.9245788,158,regression_pressure,1589.3789683217606,,,,,,,,,,,,,0.06548909800000047,0.0655001139966771,cf239034099ba4791decc9edb82258db3ca33c73f9336d197fc2bcf451ec8920,exited,10,7696.894841608802,True,2.03201467380057,2.0320146738005707,2.415563477635478,383.9245788,reference_development/trace-058-B.json.gz,3839.245788,0.06547851800860371
regression_pressure,q3-r2-boundary_min-10-970030,old-pressure-10-970030,CR,reference_development,primary,1,168,True,True,,True,1889.3789683217606,1.0,10,True,4425.599999999999,0.0,True,780.0,2806.324873,30.0,20.0,141.0,,0,1889.3789683217603,False,local_research_only,377.7324873,156,regression_pressure,1589.3789683217606,0,344,0,,,10,2,12,16.94688068004325,,0,0,17.005365083000015,17.006693453004118,cf239034099ba4791decc9edb82258db3ca33c73f9336d197fc2bcf451ec8920,exited,10,7696.894841608802,True,1.9992415160391068,1.999241516039107,2.3766042890252357,377.7324873,reference_development/trace-058-CR.json.gz,3777.324873,17.006666114000836
regression_pressure,q3-r2-boundary_min-16-970031,old-pressure-16-970030,B,reference_development,primary,1,179,True,True,,True,2409.0189401414927,1.0,16,True,0.0,0.0,True,805.0,3723.581304,48.0,32.0,147.0,,0,2409.0189401414923,False,local_research_only,297.2238315,161,regression_pressure,2409.0189401414927,,,,,,,,,,,,,0.09035643900000423,0.09035703499102965,7fad4392351266700af53f85fedd1f720f161ae6966580c1e4d539ca2a185c99,exited,16,11645.094700707465,True,1.9740738541975444,1.9740738541975449,1.9740738541975444,297.2238315,reference_development/trace-059-B.json.gz,4755.581304,0.0903334260074189
regression_pressure,q3-r2-boundary_min-16-970031,old-pressure-16-970030,CR,reference_development,primary,1,174,True,True,,True,2409.0189401414927,1.0,16,True,0.0,0.0,True,780.0,3711.466297,48.0,32.0,141.0,,0,2409.0189401414923,False,local_research_only,294.5291435625,156,regression_pressure,2409.0189401414927,0,376,0,,,10,2,12,15.384712065017084,,0,0,15.47153093899999,15.472211354004685,7fad4392351266700af53f85fedd1f720f161ae6966580c1e4d539ca2a185c99,exited,16,11645.094700707465,True,1.9561765241759432,1.9561765241759437,1.9561765241759432,294.5291435625,reference_development/trace-059-CR.json.gz,4712.466297,15.472184860002017
development_pilot,q3-random-910100,q3-random-910100,G1,pilot_g1,primary,1,160,True,True,,True,2072.1703412489164,1.0,12,True,4425.599999999999,0.0,True,730.0,2894.730578,36.0,24.0,139.0,,0,2072.170341248916,False,local_research_only,318.64421483333336,146,development_pilot,1832.1703412489164,0,428,0,0,0,8,4,12,25.201059225961217,0,0,0,25.289076143,25.291354729997693,22f0dc110199aa399544f4ebbc1d6e6b65d68c769f928693f78c8f259a93133e,exited,12,8860.851706244583,True,1.8452781134273941,1.8452781134273946,2.08699512917206,318.64421483333336,pilot_g1/trace-000-G1.json.gz,3823.730578,25.29133309199824
development_pilot,q3-hard-near_parallel,q3-hard-near_parallel,G1,pilot_g1,primary,1,129,True,True,,True,446.00000379999994,1.0,14,True,4425.599999999999,1293.487926,True,565.0,1660.590373,42.0,28.0,111.0,,0,1135.1199999999997,False,local_research_only,171.89931235714286,113,development_pilot,266.00000379999994,0,392,0,0,0,9,3,12,23.28318227897398,0,0,0,23.395618805,23.39670756299165,a590b42740983fe9210079e89c590e6da56965d424cb8b9d6a6209065d31afdd,exited,14,980.0000189999997,True,5.3959424943843475,2.1201197873352604,9.047332100075709,171.89931235714286,pilot_g1/trace-001-G1.json.gz,2406.590373,23.39668406099372
development_pilot,q3-r2-hiddenfar-16-970027,q3-r2-hiddenfar-16-970027,G1,pilot_g1,primary,1,85,True,True,,True,756.9830062050198,1.0,16,True,0.0,0.0,True,335.0,867.214022,48.0,32.0,63.0,,0,756.9830062050197,False,local_research_only,84.075876375,67,development_pilot,756.9830062050198,0,264,0,0,0,7,1,8,15.839022847008891,0,0,0,15.909882473999993,15.910552430999815,789dcff162cdd66a985faaefea9acc9025bb067f91fa5fcf631f58d51e5657f4,exited,16,3384.915031025099,True,1.7770729474416562,1.7770729474416564,1.7770729474416562,84.075876375,pilot_g1/trace-002-G1.json.gz,1345.214022,15.910533903996111
development_pilot,q3-random-910100,q3-random-910100,G12,pilot_g12,primary,1,160,True,True,,True,2072.1703412489164,1.0,12,True,4425.599999999999,0.0,True,730.0,2894.730578,36.0,24.0,139.0,,0,2072.170341248916,False,local_research_only,318.64421483333336,146,development_pilot,1832.1703412489164,0,428,0,0,0,8,4,12,25.639818085051957,0,0,0,25.727116107999997,25.729455092994613,22f0dc110199aa399544f4ebbc1d6e6b65d68c769f928693f78c8f259a93133e,exited,12,8860.851706244583,True,1.8452781134273941,1.8452781134273946,2.08699512917206,318.64421483333336,pilot_g12/trace-000-G12.json.gz,3823.730578,25.729436858004192
development_pilot,q3-hard-near_parallel,q3-hard-near_parallel,G12,pilot_g12,primary,1,131,True,True,,True,446.00000379999994,1.0,14,True,4425.599999999999,1368.8158039999998,True,575.0,1628.356096,42.0,28.0,111.0,,0,1135.1199999999997,False,local_research_only,170.3111497142857,115,development_pilot,266.00000379999994,0,404,0,0,0,10,2,12,26.167331688004197,0,0,0,26.292061772000004,26.293886061001103,a590b42740983fe9210079e89c590e6da56965d424cb8b9d6a6209065d31afdd,exited,14,980.0000189999997,True,5.346089855795648,2.1005321869053497,8.963744593751018,170.3111497142857,pilot_g12/trace-001-G12.json.gz,2384.356096,26.293866382009583
development_pilot,q3-r2-hiddenfar-16-970027,q3-r2-hiddenfar-16-970027,G12,pilot_g12,primary,1,85,True,True,,True,756.9830062050198,1.0,16,True,0.0,0.0,True,335.0,903.79378,48.0,32.0,63.0,,0,756.9830062050197,False,local_research_only,86.36211125,67,development_pilot,756.9830062050198,0,268,0,0,0,7,1,8,16.108556835984928,0,0,0,16.178720750000004,16.179982315996313,789dcff162cdd66a985faaefea9acc9025bb067f91fa5fcf631f58d51e5657f4,exited,16,3384.915031025099,True,1.825396037524464,1.8253960375244644,1.825396037524464,86.36211125,pilot_g12/trace-002-G12.json.gz,1381.79378,16.179964784998447
