batch,case_id,strategy,source_total,all_cleared,completion_certified,virtual_time_s,physical_lower_bound_s,time_over_physical_lower_bound,certified_lower_bound_s,time_over_certified_lower_bound,measurement_count,failed_clear_count,confirmation_tail_s,policy_wall_s
development,q3-random-910100,v0,12,True,True,4615.263772,1832.1703412489164,2.5190145632714267,2072.1703412489164,2.227260800006595,135,0,0.0,0.03219053799693938
development,q3-random-910100,v1,12,True,True,3824.032347,1832.1703412489164,2.087159834927418,2072.1703412489164,1.8454237428643148,236,0,0.0,0.13756056300189812
development,q3-random-910100,v1_fixed_cover,12,True,True,3905.648733,1832.1703412489164,2.131706122007017,2072.1703412489164,1.8848106525094017,245,0,0.0,0.0377438430004986
development,q3-random-910100,v1_center_clear,12,True,True,3834.232406,1832.1703412489164,2.092727035078168,2072.1703412489164,1.8503461465861308,238,0,0.0,0.11736118000408169
development,q3-random-910101,v0,14,True,True,4700.0924,1772.6295868451732,2.651480283799709,1952.6295868451732,2.4070578627223664,138,0,0.0,0.03376546599611174
development,q3-random-910101,v1,14,True,True,3852.104691,1772.6295868451732,2.1731018818521246,1952.6295868451732,1.9727779999604393,207,0,0.0,0.10214092201204039
development,q3-random-910101,v1_fixed_cover,14,True,True,3852.104691,1772.6295868451732,2.1731018818521246,1952.6295868451732,1.9727779999604393,207,0,0.0,0.036816924999584444
development,q3-random-910101,v1_center_clear,14,True,True,3895.947302,1772.6295868451732,2.197834974047674,1952.6295868451732,1.9952311120587949,211,0,0.0,0.03913991499575786
development,q3-random-910102,v0,15,True,True,4616.335345,2026.01105931539,2.2785341293052506,2176.01105931539,2.121466858009618,143,0,0.0,0.03942506299063098
development,q3-random-910102,v1,15,True,True,4307.880394,2026.01105931539,2.1262867121049562,2176.01105931539,1.979714384059855,244,0,0.0,0.18205474599380977
development,q3-random-910102,v1_fixed_cover,15,True,True,4462.144204,2026.01105931539,2.2024283547138213,2176.01105931539,2.0506073187899454,259,0,0.0,0.05928497199784033
development,q3-random-910102,v1_center_clear,15,True,True,4339.537123,2026.01105931539,2.1419118632384833,2176.01105931539,1.9942624392567618,250,0,0.0,0.1706991960090818
development,q3-random-910103,v0,13,True,True,4051.164052,1754.4161277493852,2.309123809296571,1964.4161277493852,2.062273870985464,126,0,0.0,0.02816293900832534
development,q3-random-910103,v1,13,True,True,3919.908597,1754.4161277493852,2.234309486215548,1964.4161277493852,1.9954573481795865,282,0,100.41058000000021,0.12871956599701662
development,q3-random-910103,v1_fixed_cover,13,True,True,3919.908597,1754.4161277493852,2.234309486215548,1964.4161277493852,1.9954573481795865,282,0,100.41058000000021,0.042004271992482245
development,q3-random-910103,v1_center_clear,13,True,True,3956.62982,1754.4161277493852,2.2552402234672098,1964.4161277493852,2.014150547894899,287,0,99.55858500000022,0.09781784500228241
development,q3-random-910104,v0,16,True,True,4360.244142,2134.1779942295793,2.0430555247918822,2134.1779942295793,2.0430555247918822,131,0,0.0,0.040089214002364315
development,q3-random-910104,v1,16,True,True,4073.227862,2134.1779942295793,1.9085698910837106,2134.1779942295793,1.9085698910837106,269,0,0.0,0.1339781069982564
development,q3-random-910104,v1_fixed_cover,16,True,True,4073.227862,2134.1779942295793,1.9085698910837106,2134.1779942295793,1.9085698910837106,269,0,0.0,0.051342309001483954
development,q3-random-910104,v1_center_clear,16,True,True,4163.341317,2134.1779942295793,1.9507938551783879,2134.1779942295793,1.9507938551783879,278,0,0.0,0.07902786599879619
development,q3-random-910105,v0,10,True,True,3734.276873,1360.4226558780124,2.744938756249917,1660.4226558780124,2.2489917610919115,132,0,0.0,0.027196438997634687
development,q3-random-910105,v1,10,True,True,3692.647003,1360.4226558780124,2.714338067691748,1660.4226558780124,2.2239199097457334,246,0,0.0,0.09127673899638467
development,q3-random-910105,v1_fixed_cover,10,True,True,3692.647003,1360.4226558780124,2.714338067691748,1660.4226558780124,2.2239199097457334,246,0,0.0,0.03604794800048694
development,q3-random-910105,v1_center_clear,10,True,True,3686.373379,1360.4226558780124,2.709726542021477,1660.4226558780124,2.220141580187418,245,0,0.0,0.05823295300069731
development,q3-random-910106,v0,15,True,True,4254.941467,1750.5380674943597,2.430647779679724,1900.5380674943597,2.2388088614345145,131,0,0.0,0.03438370300864335
development,q3-random-910106,v1,15,True,True,4311.72075,1750.5380674943597,2.4630831114524696,1900.5380674943597,2.2686842340835125,265,0,293.9556550000002,0.15251486298802774
development,q3-random-910106,v1_fixed_cover,15,True,True,4311.72075,1750.5380674943597,2.4630831114524696,1900.5380674943597,2.2686842340835125,265,0,293.9556550000002,0.05008508999890182
development,q3-random-910106,v1_center_clear,15,True,True,4352.692322,1750.5380674943597,2.4864882420010694,1900.5380674943597,2.290242114296886,267,0,297.0858559999997,0.12711475399555638
development,q3-random-910107,v0,14,True,True,4498.948974,1891.7883992002644,2.378145978642161,2071.7883992002644,2.1715291849962326,126,0,0.0,0.03276938499766402
development,q3-random-910107,v1,14,True,True,4015.336097,1891.7883992002644,2.122508045137313,2071.7883992002644,1.9381014482704741,266,0,0.0,0.13007553000352345
development,q3-random-910107,v1_fixed_cover,14,True,True,4052.21159,1891.7883992002644,2.1420004434497186,2071.7883992002644,1.9559003185673802,272,0,0.0,0.055521196001791395
development,q3-random-910107,v1_center_clear,14,True,True,4051.775676,1891.7883992002644,2.1417700191590403,2071.7883992002644,1.9556899138753914,268,0,0.0,0.09943665399623569
development,q3-random-910108,v0,14,True,True,4445.496336,1901.0674898469483,2.3384211027447,2081.0674898469483,2.1361615409824806,125,0,0.0,0.03414186800364405
development,q3-random-910108,v1,14,True,True,3922.67,1901.0674898469483,2.063403861751277,2081.0674898469483,1.8849316608605,232,0,0.0,0.12699399200209882
development,q3-random-910108,v1_fixed_cover,14,True,True,3922.67,1901.0674898469483,2.063403861751277,2081.0674898469483,1.8849316608605,232,0,0.0,0.043091591011034325
development,q3-random-910108,v1_center_clear,14,True,True,3929.706091,1901.0674898469483,2.067104988111902,2081.0674898469483,1.8883126617335266,233,0,0.0,0.11470759799703956
development,q3-random-910109,v0,16,True,True,4926.871414,2057.6384695214974,2.394430064843092,2057.6384695214974,2.394430064843092,122,0,0.0,0.04161197500070557
development,q3-random-910109,v1,16,True,True,3749.554816,2057.6384695214974,1.8222612337102915,2057.6384695214974,1.8222612337102915,214,0,0.0,0.12661702701007016
development,q3-random-910109,v1_fixed_cover,16,True,True,3749.554816,2057.6384695214974,1.8222612337102915,2057.6384695214974,1.8222612337102915,214,0,0.0,0.05369260399311315
development,q3-random-910109,v1_center_clear,16,True,True,3835.986784,2057.6384695214974,1.8642666536517742,2057.6384695214974,1.8642666536517742,224,0,0.0,0.10722155300027225
development,q3-random-910110,v0,15,True,True,4411.608761,1811.2177805839679,2.435714141221395,1961.2177805839679,2.2494231924036554,120,0,0.0,0.036867194998194464
development,q3-random-910110,v1,15,True,True,4003.652686,1811.2177805839679,2.2104755866018237,1961.2177805839679,2.0414115788853806,217,0,0.0,0.11307030898751691
development,q3-random-910110,v1_fixed_cover,15,True,True,4003.652686,1811.2177805839679,2.2104755866018237,1961.2177805839679,2.0414115788853806,217,0,0.0,0.047987635000026785
development,q3-random-910110,v1_center_clear,15,True,True,4018.005663,1811.2177805839679,2.218400076496889,1961.2177805839679,2.048729979290524,217,0,0.0,0.08069927999167703
development,q3-random-910111,v0,13,True,True,5003.13607,2147.2659496510414,2.330002983940147,2357.2659496510414,2.1224317395076446,124,0,0.0,0.029508246007026173
development,q3-random-910111,v1,13,True,True,4358.97673,2147.2659496510414,2.0300125053016327,2357.2659496510414,1.8491662897202086,271,0,0.0,0.15080094599397853
development,q3-random-910111,v1_fixed_cover,13,True,True,4735.885688,2147.2659496510414,2.2055422099761994,2357.2659496510414,2.009058710028488,287,0,274.2496770000007,0.057785887009231374
development,q3-random-910111,v1_center_clear,13,True,True,4231.86075,2147.2659496510414,1.9708135131969713,2357.2659496510414,1.7952411142351012,280,0,0.0,0.10177769800066017
development,q3-hard-boundary_outward,v0,12,True,True,4777.889902,2377.846834811964,2.009334592981817,2617.846834811964,1.825122019540608,147,0,0.0,0.03676865699526388
development,q3-hard-boundary_outward,v1,12,True,True,4919.150187,2377.846834811964,2.0687413987238576,2617.846834811964,1.8790825045932587,340,0,48.0,0.17203579300257843
development,q3-hard-boundary_outward,v1_fixed_cover,12,True,True,5548.782515,2377.846834811964,2.3335323511023316,2617.846834811964,2.1195978470598953,356,0,677.6323279999997,0.04920418201072607
development,q3-hard-boundary_outward,v1_center_clear,12,True,True,5143.185947,2377.846834811964,2.162959309112403,2617.846834811964,1.9646626680393344,354,0,48.0,0.13121058599790558
development,q3-hard-minimum_radius,v0,14,True,True,4522.706515,1798.2795715633056,2.5150185691473195,1978.2795715633056,2.2861816802900106,143,0,0.0,0.03577916600625031
development,q3-hard-minimum_radius,v1,14,True,True,4003.270084,1798.2795715633056,2.2261666913781495,1978.2795715633056,2.0236119007367983,262,0,0.0,0.12531647500873078
development,q3-hard-minimum_radius,v1_fixed_cover,14,True,True,4003.270084,1798.2795715633056,2.2261666913781495,1978.2795715633056,2.0236119007367983,262,0,0.0,0.04701672800001688
development,q3-hard-minimum_radius,v1_center_clear,14,True,True,4138.543666,1798.2795715633056,2.301390579887544,1978.2795715633056,2.0919913067340516,278,0,0.0,0.11800656199920923
development,q3-hard-positive_error,v0,14,True,True,4699.311366,1798.2795715633056,2.6132262415207936,1978.2795715633056,2.375453618158954,144,0,0.0,0.03470271799596958
development,q3-hard-positive_error,v1,14,True,True,3870.595579,1798.2795715633056,2.1523881159563856,1978.2795715633056,1.9565463014619922,262,0,141.64500699999962,0.12974529799248558
development,q3-hard-positive_error,v1_fixed_cover,14,True,True,3870.595579,1798.2795715633056,2.1523881159563856,1978.2795715633056,1.9565463014619922,262,0,141.64500699999962,0.038868761010235175
development,q3-hard-positive_error,v1_center_clear,14,True,True,3925.199593,1798.2795715633056,2.1827527015655805,1978.2795715633056,1.984148069576521,269,0,141.96455799999967,0.10724300598667469
development,q3-hard-negative_error,v0,14,True,True,4557.497738,1798.2795715633056,2.5343655180590257,1978.2795715633056,2.303768286096442,141,0,0.0,0.031397665006807074
development,q3-hard-negative_error,v1,14,True,True,3942.941862,1798.2795715633056,2.1926189477714337,1978.2795715633056,1.9931166042846764,254,0,0.0,0.12171713600400835
development,q3-hard-negative_error,v1_fixed_cover,14,True,True,3942.941862,1798.2795715633056,2.1926189477714337,1978.2795715633056,1.9931166042846764,254,0,0.0,0.04297907400177792
development,q3-hard-negative_error,v1_center_clear,14,True,True,4099.605874,1798.2795715633056,2.279737777611561,1978.2795715633056,2.0723086528969956,278,0,0.0,0.1178421249933308
development,q3-hard-alternating_error,v0,14,True,True,4548.318633,1798.2795715633056,2.529261136546189,1978.2795715633056,2.299128342818482,141,0,0.0,0.03193677100352943
development,q3-hard-alternating_error,v1,14,True,True,3826.891339,1798.2795715633056,2.128084753625463,1978.2795715633056,1.9344542571280037,247,0,0.0,0.10159059800207615
development,q3-hard-alternating_error,v1_fixed_cover,14,True,True,3826.891339,1798.2795715633056,2.128084753625463,1978.2795715633056,1.9344542571280037,247,0,0.0,0.041275544004747644
development,q3-hard-alternating_error,v1_center_clear,14,True,True,4002.495087,1798.2795715633056,2.225735725574914,1978.2795715633056,2.0232201477150618,263,0,0.0,0.11082902998896316
development,q3-hard-close_targets,v0,14,True,True,2340.97087,249.79784756506996,9.371461334910821,429.79784756506996,5.446678905588481,88,0,0.0,0.031084861999261193
development,q3-hard-close_targets,v1,14,True,True,2073.71605,249.79784756506996,8.301576935965459,429.79784756506996,4.8248637394258855,93,0,1283.938416,0.05661103599413764
development,q3-hard-close_targets,v1_fixed_cover,14,True,True,2073.71605,249.79784756506996,8.301576935965459,429.79784756506996,4.8248637394258855,93,0,1283.938416,0.030579673999454826
development,q3-hard-close_targets,v1_center_clear,14,True,True,2077.280206,249.79784756506996,8.315845097339713,429.79784756506996,4.833156372858537,93,0,1285.173443,0.030739897993043996
development,q3-hard-near_parallel,v0,14,True,True,5415.138079,266.00000379999994,20.357661660304085,446.00000379999994,12.141565096103259,180,0,0.0,0.04964299300627317
development,q3-hard-near_parallel,v1,14,True,True,2375.561564,266.00000379999994,8.930682443847395,446.00000379999994,5.326371174349305,116,0,1363.032709,0.055601743995794095
development,q3-hard-near_parallel,v1_fixed_cover,14,True,True,2375.561564,266.00000379999994,8.930682443847395,446.00000379999994,5.326371174349305,116,0,1363.032709,0.040055805002339184
development,q3-hard-near_parallel,v1_center_clear,14,True,True,2377.021233,266.00000379999994,8.936169921212612,446.00000379999994,5.32964397476985,115,0,1362.281303,0.03878781499224715
development,edge16-1000-positive_extreme,v0,16,True,True,5930.511825,2422.975474574185,2.4476152925329266,2422.975474574185,2.4476152925329266,189,0,0.0,0.06052420599735342
development,edge16-1000-positive_extreme,v1,16,True,True,4979.931032,2422.975474574185,2.055295682625585,2422.975474574185,2.055295682625585,319,0,0.0,0.1859091390069807
development,edge16-1000-positive_extreme,v1_fixed_cover,16,True,True,4979.931032,2422.975474574185,2.055295682625585,2422.975474574185,2.055295682625585,319,0,0.0,0.06797210799413733
development,edge16-1000-positive_extreme,v1_center_clear,16,True,True,5233.419124,2422.975474574185,2.159914195961775,2422.975474574185,2.159914195961775,334,0,0.0,0.17093266699521337
development,edge16-1000-negative_extreme,v0,16,True,True,5894.057808,2422.975474574185,2.432570147675896,2422.975474574185,2.432570147675896,189,0,0.0,0.062391596991801634
development,edge16-1000-negative_extreme,v1,16,True,True,4978.931032,2422.975474574185,2.0548829669334565,2422.975474574185,2.0548829669334565,319,0,0.0,0.18640438100555912
development,edge16-1000-negative_extreme,v1_fixed_cover,16,True,True,4580.633862,2422.975474574185,1.8904994747439625,2422.975474574185,1.8904994747439625,306,0,0.0,0.07233677999465726
development,edge16-1000-negative_extreme,v1_center_clear,16,True,True,5232.419124,2422.975474574185,2.159501480269646,2422.975474574185,2.159501480269646,334,0,0.0,0.17299642399302684
development,edge16-1500-positive_extreme,v0,16,True,True,4667.835596,2422.975474574185,1.9264889987466045,2422.975474574185,1.9264889987466045,130,0,0.0,0.035299929993925616
development,edge16-1500-positive_extreme,v1,16,True,True,4539.325121,2422.975474574185,1.873450709111178,2422.975474574185,1.873450709111178,273,0,0.0,0.16919684800086543
development,edge16-1500-positive_extreme,v1_fixed_cover,16,True,True,4539.325121,2422.975474574185,1.873450709111178,2422.975474574185,1.873450709111178,273,0,0.0,0.06902033000369556
development,edge16-1500-positive_extreme,v1_center_clear,16,True,True,4722.517657,2422.975474574185,1.949057143399249,2422.975474574185,1.949057143399249,280,0,0.0,0.1340747349895537
development,edge16-1500-negative_extreme,v0,16,True,True,4680.06271,2422.975474574185,1.9315353205638524,2422.975474574185,1.9315353205638524,130,0,0.0,0.03763504800735973
development,edge16-1500-negative_extreme,v1,16,True,True,4758.01067,2422.975474574185,1.9637056668252804,2422.975474574185,1.9637056668252804,276,0,0.0,0.16508732800139114
development,edge16-1500-negative_extreme,v1_fixed_cover,16,True,True,4544.325121,2422.975474574185,1.8755142875718223,2422.975474574185,1.8755142875718223,273,0,0.0,0.06982257599884178
development,edge16-1500-negative_extreme,v1_center_clear,16,True,True,4942.925458,2422.975474574185,2.0400229015395515,2422.975474574185,2.0400229015395515,283,0,0.0,0.12499109499913175
development,smooth-spatial,v0,13,True,True,4812.19368,2034.834580127144,2.364906576189263,2244.834580127144,2.143674069617836,125,0,0.0,0.032604299995000474
development,smooth-spatial,v1,13,True,True,4110.573191,2034.834580127144,2.0201018948396072,2244.834580127144,1.831125209576549,255,0,0.0,0.13561207399470732
development,smooth-spatial,v1_fixed_cover,13,True,True,4110.573191,2034.834580127144,2.0201018948396072,2244.834580127144,1.831125209576549,255,0,0.0,0.05214243101363536
development,smooth-spatial,v1_center_clear,13,True,True,4013.346202,2034.834580127144,1.9723206206517443,2244.834580127144,1.7878137825962617,244,0,0.0,0.11553681100485846
scheduling,q3-random-910100,v0,12,True,True,4615.263772,1832.1703412489164,2.5190145632714267,2072.1703412489164,2.227260800006595,135,0,0.0,0.03226363900466822
scheduling,q3-random-910100,v1,12,True,True,3824.032347,1832.1703412489164,2.087159834927418,2072.1703412489164,1.8454237428643148,236,0,0.0,0.13827904299250804
scheduling,q3-random-910100,v1_selective,12,True,True,3901.535185,1832.1703412489164,2.1294609443030725,2072.1703412489164,1.8828255126209887,157,0,0.0,0.11543844900734257
scheduling,q3-random-910101,v0,14,True,True,4700.0924,1772.6295868451732,2.651480283799709,1952.6295868451732,2.4070578627223664,138,0,0.0,0.03353725500346627
scheduling,q3-random-910101,v1,14,True,True,3852.104691,1772.6295868451732,2.1731018818521246,1952.6295868451732,1.9727779999604393,207,0,0.0,0.1028523309942102
scheduling,q3-random-910101,v1_selective,14,True,True,3352.987002,1772.6295868451732,1.8915327978742915,1952.6295868451732,1.7171649065388574,135,0,0.0,0.09665423099067993
scheduling,q3-random-910102,v0,15,True,True,4616.335345,2026.01105931539,2.2785341293052506,2176.01105931539,2.121466858009618,143,0,0.0,0.03875474999949802
scheduling,q3-random-910102,v1,15,True,True,4307.880394,2026.01105931539,2.1262867121049562,2176.01105931539,1.979714384059855,244,0,0.0,0.1809010229917476
scheduling,q3-random-910102,v1_selective,15,True,True,3642.914471,2026.01105931539,1.798072352196823,2176.01105931539,1.6741249799282376,137,0,0.0,0.12701068598835263
scheduling,q3-random-910103,v0,13,True,True,4051.164052,1754.4161277493852,2.309123809296571,1964.4161277493852,2.062273870985464,126,0,0.0,0.02682547300355509
scheduling,q3-random-910103,v1,13,True,True,3919.908597,1754.4161277493852,2.234309486215548,1964.4161277493852,1.9954573481795865,282,0,100.41058000000021,0.12606052700721193
scheduling,q3-random-910103,v1_selective,13,True,True,3052.154314,1754.4161277493852,1.7396980486695537,1964.4161277493852,1.5537208592849556,139,0,101.15675499999998,0.07623617199715227
scheduling,q3-random-910104,v0,16,True,True,4360.244142,2134.1779942295793,2.0430555247918822,2134.1779942295793,2.0430555247918822,131,0,0.0,0.042270014993846416
scheduling,q3-random-910104,v1,16,True,True,4073.227862,2134.1779942295793,1.9085698910837106,2134.1779942295793,1.9085698910837106,269,0,0.0,0.134808205999434
scheduling,q3-random-910104,v1_selective,16,True,True,3741.659492,2134.1779942295793,1.7532087305354809,2134.1779942295793,1.7532087305354809,172,0,0.0,0.13841143299941905
scheduling,q3-random-910105,v0,10,True,True,3734.276873,1360.4226558780124,2.744938756249917,1660.4226558780124,2.2489917610919115,132,0,0.0,0.02769195799191948
scheduling,q3-random-910105,v1,10,True,True,3692.647003,1360.4226558780124,2.714338067691748,1660.4226558780124,2.2239199097457334,246,0,0.0,0.09245584800373763
scheduling,q3-random-910105,v1_selective,10,True,True,3087.45693,1360.4226558780124,2.269483617212597,1660.4226558780124,1.8594403774666566,139,0,0.0,0.08638179099943954
scheduling,q3-random-910106,v0,15,True,True,4254.941467,1750.5380674943597,2.430647779679724,1900.5380674943597,2.2388088614345145,131,0,0.0,0.03549165699223522
scheduling,q3-random-910106,v1,15,True,True,4311.72075,1750.5380674943597,2.4630831114524696,1900.5380674943597,2.2686842340835125,265,0,293.9556550000002,0.15649311400193255
scheduling,q3-random-910106,v1_selective,15,True,True,3571.349906,1750.5380674943597,2.0401440975870164,1900.5380674943597,1.8791256892362136,140,0,295.21727599999986,0.12451869698998053
scheduling,q3-random-910107,v0,14,True,True,4498.948974,1891.7883992002644,2.378145978642161,2071.7883992002644,2.1715291849962326,126,0,0.0,0.0335687839979073
scheduling,q3-random-910107,v1,14,True,True,4015.336097,1891.7883992002644,2.122508045137313,2071.7883992002644,1.9381014482704741,266,0,0.0,0.13198704100796022
scheduling,q3-random-910107,v1_selective,14,True,True,3326.541162,1891.7883992002644,1.7584108050383773,2071.7883992002644,1.6056375078092364,138,0,0.0,0.10817798999778461
scheduling,q3-random-910108,v0,14,True,True,4445.496336,1901.0674898469483,2.3384211027447,2081.0674898469483,2.1361615409824806,125,0,0.0,0.033891986997332424
scheduling,q3-random-910108,v1,14,True,True,3922.67,1901.0674898469483,2.063403861751277,2081.0674898469483,1.8849316608605,232,0,0.0,0.12971256699529476
scheduling,q3-random-910108,v1_selective,14,True,True,3350.695396,1901.0674898469483,1.7625336364411548,2081.0674898469483,1.610084926292528,134,0,0.0,0.1100968760001706
scheduling,q3-random-910109,v0,16,True,True,4926.871414,2057.6384695214974,2.394430064843092,2057.6384695214974,2.394430064843092,122,0,0.0,0.04040038200037088
scheduling,q3-random-910109,v1,16,True,True,3749.554816,2057.6384695214974,1.8222612337102915,2057.6384695214974,1.8222612337102915,214,0,0.0,0.12263881700346246
scheduling,q3-random-910109,v1_selective,16,True,True,3495.320632,2057.6384695214974,1.6987049395576448,2057.6384695214974,1.6987049395576448,132,0,0.0,0.13357082300353795
scheduling,q3-random-910110,v0,15,True,True,4411.608761,1811.2177805839679,2.435714141221395,1961.2177805839679,2.2494231924036554,120,0,0.0,0.035388770993449725
scheduling,q3-random-910110,v1,15,True,True,4003.652686,1811.2177805839679,2.2104755866018237,1961.2177805839679,2.0414115788853806,217,0,0.0,0.11539550400630105
scheduling,q3-random-910110,v1_selective,15,True,True,3464.882175,1811.2177805839679,1.91301245611826,1961.2177805839679,1.7666993483856264,135,0,0.0,0.10515890699753072
scheduling,q3-random-910111,v0,13,True,True,5003.13607,2147.2659496510414,2.330002983940147,2357.2659496510414,2.1224317395076446,124,0,0.0,0.029556008987128735
scheduling,q3-random-910111,v1,13,True,True,4358.97673,2147.2659496510414,2.0300125053016327,2357.2659496510414,1.8491662897202086,271,0,0.0,0.15256444999249652
scheduling,q3-random-910111,v1_selective,13,True,True,3598.415001,2147.2659496510414,1.675812444930163,2357.2659496510414,1.526520586925159,166,0,0.0,0.11277278099441901
scheduling,q3-hard-boundary_outward,v0,12,True,True,4777.889902,2377.846834811964,2.009334592981817,2617.846834811964,1.825122019540608,147,0,0.0,0.03564301000733394
scheduling,q3-hard-boundary_outward,v1,12,True,True,4919.150187,2377.846834811964,2.0687413987238576,2617.846834811964,1.8790825045932587,340,0,48.0,0.17196701100328937
scheduling,q3-hard-boundary_outward,v1_selective,12,True,True,4024.374467,2377.846834811964,1.6924447815909223,2617.846834811964,1.5372841579133352,151,0,0.0,0.09453749399108347
scheduling,q3-hard-minimum_radius,v0,14,True,True,4522.706515,1798.2795715633056,2.5150185691473195,1978.2795715633056,2.2861816802900106,143,0,0.0,0.034845279005821794
scheduling,q3-hard-minimum_radius,v1,14,True,True,4003.270084,1798.2795715633056,2.2261666913781495,1978.2795715633056,2.0236119007367983,262,0,0.0,0.12608405100763775
scheduling,q3-hard-minimum_radius,v1_selective,14,True,True,3565.497539,1798.2795715633056,1.982727043882499,1978.2795715633056,1.802322376600401,143,0,0.0,0.10051060999103356
scheduling,q3-hard-positive_error,v0,14,True,True,4699.311366,1798.2795715633056,2.6132262415207936,1978.2795715633056,2.375453618158954,144,0,0.0,0.03567386799841188
scheduling,q3-hard-positive_error,v1,14,True,True,3870.595579,1798.2795715633056,2.1523881159563856,1978.2795715633056,1.9565463014619922,262,0,141.64500699999962,0.12955904900445603
scheduling,q3-hard-positive_error,v1_selective,14,True,True,3625.410084,1798.2795715633056,2.0160436348883772,1978.2795715633056,1.8326075525993903,149,0,0.0,0.0914703489979729
scheduling,q3-hard-negative_error,v0,14,True,True,4557.497738,1798.2795715633056,2.5343655180590257,1978.2795715633056,2.303768286096442,141,0,0.0,0.03175949498836417
scheduling,q3-hard-negative_error,v1,14,True,True,3942.941862,1798.2795715633056,2.1926189477714337,1978.2795715633056,1.9931166042846764,254,0,0.0,0.12124345201300457
scheduling,q3-hard-negative_error,v1_selective,14,True,True,3551.835354,1798.2795715633056,1.975129679592739,1978.2795715633056,1.7954162824383895,142,0,0.0,0.09554551099427044
scheduling,q3-hard-alternating_error,v0,14,True,True,4548.318633,1798.2795715633056,2.529261136546189,1978.2795715633056,2.299128342818482,141,0,0.0,0.032549859999562614
scheduling,q3-hard-alternating_error,v1,14,True,True,3826.891339,1798.2795715633056,2.128084753625463,1978.2795715633056,1.9344542571280037,247,0,0.0,0.10261570199509151
scheduling,q3-hard-alternating_error,v1_selective,14,True,True,3510.367706,1798.2795715633056,1.9520700571315048,1978.2795715633056,1.7744548123832593,140,0,0.0,0.08795893799106125
scheduling,q3-hard-close_targets,v0,14,True,True,2340.97087,249.79784756506996,9.371461334910821,429.79784756506996,5.446678905588481,88,0,0.0,0.030699399998411536
scheduling,q3-hard-close_targets,v1,14,True,True,2073.71605,249.79784756506996,8.301576935965459,429.79784756506996,4.8248637394258855,93,0,1283.938416,0.05492806000984274
scheduling,q3-hard-close_targets,v1_selective,14,True,True,2020.461219,249.79784756506996,8.088385223069983,429.79784756506996,4.700957043983588,84,0,1284.137735,0.07071131799602881
scheduling,q3-hard-near_parallel,v0,14,True,True,5415.138079,266.00000379999994,20.357661660304085,446.00000379999994,12.141565096103259,180,0,0.0,0.050910310994368047
scheduling,q3-hard-near_parallel,v1,14,True,True,2375.561564,266.00000379999994,8.930682443847395,446.00000379999994,5.326371174349305,116,0,1363.032709,0.0550244550104253
scheduling,q3-hard-near_parallel,v1_selective,14,True,True,2575.316149,266.00000379999994,9.681639519585604,446.00000379999994,5.774251405959294,113,0,1364.8424480000003,0.12011258500569966
scheduling,edge16-1000-positive_extreme,v0,16,True,True,5930.511825,2422.975474574185,2.4476152925329266,2422.975474574185,2.4476152925329266,189,0,0.0,0.06088188600551803
scheduling,edge16-1000-positive_extreme,v1,16,True,True,4979.931032,2422.975474574185,2.055295682625585,2422.975474574185,2.055295682625585,319,0,0.0,0.18943572700663935
scheduling,edge16-1000-positive_extreme,v1_selective,16,True,True,4820.978607,2422.975474574185,1.9896935225261583,2422.975474574185,1.9896935225261583,168,0,0.0,0.09570553600497078
scheduling,edge16-1000-negative_extreme,v0,16,True,True,5894.057808,2422.975474574185,2.432570147675896,2422.975474574185,2.432570147675896,189,0,0.0,0.05842906900215894
scheduling,edge16-1000-negative_extreme,v1,16,True,True,4978.931032,2422.975474574185,2.0548829669334565,2422.975474574185,2.0548829669334565,319,0,0.0,0.18287360899557825
scheduling,edge16-1000-negative_extreme,v1_selective,16,True,True,4819.978607,2422.975474574185,1.9892808068340295,2422.975474574185,1.9892808068340295,168,0,0.0,0.09382233100768644
scheduling,edge16-1500-positive_extreme,v0,16,True,True,4667.835596,2422.975474574185,1.9264889987466045,2422.975474574185,1.9264889987466045,130,0,0.0,0.0358338779915357
scheduling,edge16-1500-positive_extreme,v1,16,True,True,4539.325121,2422.975474574185,1.873450709111178,2422.975474574185,1.873450709111178,273,0,0.0,0.1704682830022648
scheduling,edge16-1500-positive_extreme,v1_selective,16,True,True,4146.212664,2422.975474574185,1.7112070293359687,2422.975474574185,1.7112070293359687,142,0,0.0,0.11573629498889204
scheduling,edge16-1500-negative_extreme,v0,16,True,True,4680.06271,2422.975474574185,1.9315353205638524,2422.975474574185,1.9315353205638524,130,0,0.0,0.03558843699283898
scheduling,edge16-1500-negative_extreme,v1,16,True,True,4758.01067,2422.975474574185,1.9637056668252804,2422.975474574185,1.9637056668252804,276,0,0.0,0.16519028699258342
scheduling,edge16-1500-negative_extreme,v1_selective,16,True,True,4146.212664,2422.975474574185,1.7112070293359687,2422.975474574185,1.7112070293359687,142,0,0.0,0.11230964699643664
scheduling,smooth-spatial,v0,13,True,True,4812.19368,2034.834580127144,2.364906576189263,2244.834580127144,2.143674069617836,125,0,0.0,0.034859302002587356
scheduling,smooth-spatial,v1,13,True,True,4110.573191,2034.834580127144,2.0201018948396072,2244.834580127144,1.831125209576549,255,0,0.0,0.13651177899737377
scheduling,smooth-spatial,v1_selective,13,True,True,3442.621097,2034.834580127144,1.691843224319931,2244.834580127144,1.5335745125616407,124,0,0.0,0.0797229660092853
holdout,q3-random-930100,v0,14,True,True,4410.519084,1861.8387944191738,2.368904921962334,2041.8387944191738,2.16007213500644,134,0,0.0,0.03839914299896918
holdout,q3-random-930100,v1,14,True,True,3874.478712,1861.8387944191738,2.080995800288229,2041.8387944191738,1.8975438818137174,255,0,0.0,0.11812978200032376
holdout,q3-random-930100,v1_selective,14,True,True,3652.053037,1861.8387944191738,1.9615302076350323,2041.8387944191738,1.7886098780089403,172,0,0.0,0.12566008399880957
holdout,q3-random-930101,v0,12,True,True,4834.049621,2117.526039734218,2.2828761159445987,2357.526039734218,2.0504756000680184,134,0,0.0,0.035818592994473875
holdout,q3-random-930101,v1,12,True,True,4370.823461,2117.526039734218,2.0641179277061474,2357.526039734218,1.8539873525608042,259,0,0.0,0.14166738699714188
holdout,q3-random-930101,v1_selective,12,True,True,3910.390622,2117.526039734218,1.8466788831039895,2357.526039734218,1.6586839577139296,142,0,0.0,0.08619556399935391
holdout,q3-random-930102,v0,14,True,True,4213.474286,1541.5943419954647,2.733192624815949,1721.5943419954647,2.447425728128409,121,0,0.0,0.035378196989768185
holdout,q3-random-930102,v1,14,True,True,3726.440325,1541.5943419954647,2.417263882907377,1721.5943419954647,2.164528677923488,224,0,0.0,0.13092916400637478
holdout,q3-random-930102,v1_selective,14,True,True,3274.002274,1541.5943419954647,2.123776784080615,1721.5943419954647,1.9017269017073855,135,0,0.0,0.11462518099870067
holdout,q3-random-930103,v0,12,True,True,4202.94404,1736.3116471241708,2.4206161647082647,1976.3116471241708,2.1266605629309088,132,0,0.0,0.03393974099890329
holdout,q3-random-930103,v1,12,True,True,3802.580215,1736.3116471241708,2.1900332358526544,1976.3116471241708,1.924079241517057,246,0,0.0,0.11675707998801954
holdout,q3-random-930103,v1_selective,12,True,True,3365.385883,1736.3116471241708,1.938238385127487,1976.3116471241708,1.7028619387519879,157,0,0.0,0.09884688700549304
holdout,q3-random-930104,v0,13,True,True,4715.011668,1861.3645716318329,2.533094128823143,2071.364571631833,2.276282858447022,128,0,0.0,0.03546432800067123
holdout,q3-random-930104,v1,13,True,True,4111.077994,1861.3645716318329,2.208636640373935,2071.364571631833,1.984719662729999,252,0,0.0,0.1373190140002407
holdout,q3-random-930104,v1_selective,13,True,True,3871.431674,1861.3645716318329,2.0798889873604764,2071.364571631833,1.8690247612712927,175,0,0.0,0.14123988400388043
holdout,q3-random-930105,v0,10,True,True,3757.41308,1458.4252895904237,2.576349372723241,1758.4252895904237,2.1368056420953687,144,0,0.0,0.029291833998286165
holdout,q3-random-930105,v1,10,True,True,3517.868203,1458.4252895904237,2.4121003853326894,1758.4252895904237,2.0005787131390664,241,0,228.77282999999989,0.09147221800230909
holdout,q3-random-930105,v1_selective,10,True,True,2869.364541,1458.4252895904237,1.9674401983291285,1758.4252895904237,1.631780751781805,130,0,228.72268899999972,0.06251881300704554
holdout,q3-random-930106,v0,12,True,True,4449.792318,1884.86615869878,2.3608001541456503,2124.86615869878,2.09415181270756,127,0,0.0,0.03306220000376925
holdout,q3-random-930106,v1,12,True,True,4246.846018,1884.86615869878,2.2531286894830855,2124.86615869878,1.9986416559058349,278,0,0.0,0.11799515300663188
holdout,q3-random-930106,v1_selective,12,True,True,3393.260919,1884.86615869878,1.800266243488897,2124.86615869878,1.5969292489828895,156,0,0.0,0.0990678910020506
holdout,q3-random-930107,v0,13,True,True,4492.258381,1933.047831238119,2.323925103354894,2143.047831238119,2.0962007079443734,124,0,0.0,0.03308369200385641
holdout,q3-random-930107,v1,13,True,True,3887.685138,1933.047831238119,2.011168619407588,2143.047831238119,1.8140916321750682,260,0,0.0,0.12411966299987398
holdout,q3-random-930107,v1_selective,13,True,True,3893.962622,1933.047831238119,2.0144160734532437,2143.047831238119,1.8170208640421766,172,0,0.0,0.1347665089997463
holdout,q3-random-930108,v0,11,True,True,4316.292273,1692.1207277937963,2.5508181550542344,1962.1207277937963,2.1998097323263224,131,0,0.0,0.027576110005611554
holdout,q3-random-930108,v1,11,True,True,3989.203265,1692.1207277937963,2.3575169309586808,1962.1207277937963,2.0331079573709263,275,0,0.0,0.09928028199647088
holdout,q3-random-930108,v1_selective,11,True,True,3530.651016,1692.1207277937963,2.0865242993644415,1962.1207277937963,1.79940559517449,185,0,0.0,0.11184692199458368
holdout,q3-random-930109,v0,11,True,True,3981.786279,1695.7676117646406,2.348073079928974,1965.7676117646406,2.0255630702072707,128,0,0.0,0.030665330996271223
holdout,q3-random-930109,v1,11,True,True,3918.570691,1695.7676117646406,2.3107946300037407,1965.7676117646406,1.9934048498654207,248,0,0.0,0.10560276999603957
holdout,q3-random-930109,v1_selective,11,True,True,3317.411402,1695.7676117646406,1.9562889272002626,1965.7676117646406,1.687590833293875,145,0,0.0,0.08013606499298476
holdout,q3-random-930110,v0,11,True,True,4078.183002,1675.3170999068439,2.434275279722727,1945.3170999068439,2.0964104012632663,134,0,0.0,0.03272196800389793
holdout,q3-random-930110,v1,11,True,True,3570.694384,1675.3170999068439,2.1313543473044887,1945.3170999068439,1.8355333349873864,223,0,0.0,0.09029267900041305
holdout,q3-random-930110,v1_selective,11,True,True,3185.325233,1675.3170999068439,1.9013267596785828,1945.3170999068439,1.6374323924631808,153,0,0.0,0.10007907499675639
holdout,q3-random-930111,v0,12,True,True,4179.415119,1701.1616279344348,2.4568007239116265,1941.1616279344348,2.1530484936729675,135,0,0.0,0.03262636398721952
holdout,q3-random-930111,v1,12,True,True,4061.955852,1701.1616279344348,2.387754217647186,1941.1616279344348,2.092538711638492,279,0,569.144131,0.14167097100289539
holdout,q3-random-930111,v1_selective,12,True,True,3421.522236,1701.1616279344348,2.0112858060138836,1941.1616279344348,1.7626158413407325,155,0,95.85263299999997,0.10020798299228773
holdout,q3-random-930112,v0,10,True,True,3721.484623,1440.9230093131919,2.582708860186656,1740.9230093131919,2.137650317154551,126,0,0.0,0.026799881001352333
holdout,q3-random-930112,v1,10,True,True,3544.848442,1440.9230093131919,2.4601234202579865,1740.9230093131919,2.0361890922439305,235,0,0.0,0.09962417800852563
holdout,q3-random-930112,v1_selective,10,True,True,2962.913626,1440.9230093131919,2.056260887535037,1740.9230093131919,1.7019211131966676,136,0,0.0,0.07354154999484308
holdout,q3-random-930113,v0,12,True,True,3897.291655,1532.9828663138517,2.5422930292569212,1772.9828663138517,2.198155283419476,126,0,0.0,0.03214167199621443
holdout,q3-random-930113,v1,12,True,True,3500.370287,1532.9828663138517,2.283372087136791,1772.9828663138517,1.9742832000838795,220,0,0.0,0.13271907600574195
holdout,q3-random-930113,v1_selective,12,True,True,2909.414116,1532.9828663138517,1.8978777779792535,1772.9828663138517,1.6409713659832843,121,0,0.0,0.09738160700362641
holdout,q3-random-930114,v0,16,True,True,4608.866127,2154.2590304513697,2.139420590491539,2154.2590304513697,2.139420590491539,126,0,0.0,0.04637476500647608
holdout,q3-random-930114,v1,16,True,True,4389.357258,2154.2590304513697,2.0375252910418684,2154.2590304513697,2.0375252910418684,241,0,0.0,0.15601226899889298
holdout,q3-random-930114,v1_selective,16,True,True,3697.869985,2154.2590304513697,1.7165391592789128,2154.2590304513697,1.7165391592789128,118,0,0.0,0.11950489999435376
holdout,q3-random-930115,v0,10,True,True,3818.247313,1226.8300125332778,3.1122871742562865,1526.8300125332778,2.500767787937873,133,0,0.0,0.029462862003128976
holdout,q3-random-930115,v1,10,True,True,3775.117475,1226.8300125332778,3.0771316616266753,1526.8300125332778,2.472519824742258,261,0,0.0,0.10147450299700722
holdout,q3-random-930115,v1_selective,10,True,True,3214.742037,1226.8300125332778,2.6203646830923937,1526.8300125332778,2.105500946805585,153,0,0.0,0.08294137199118268
holdout,q3-random-930116,v0,12,True,True,4208.219792,1589.5760200092684,2.6473850504963345,1829.5760200092684,2.3001065525436224,127,0,0.0,0.029738279001321644
holdout,q3-random-930116,v1,12,True,True,3789.776497,1589.5760200092684,2.3841429722737657,1829.5760200092684,2.0713960259387316,261,0,168.27106999999978,0.1336791590001667
holdout,q3-random-930116,v1_selective,12,True,True,3118.758759,1589.5760200092684,1.9620066733151995,1829.5760200092684,1.7046346939900319,146,0,121.372253,0.11908129201037809
holdout,q3-random-930117,v0,12,True,True,4381.597894,1817.1663424064373,2.411225539318287,2057.1663424064373,2.129919104584651,125,0,0.0,0.0324400380050065
holdout,q3-random-930117,v1,12,True,True,3969.600917,1817.1663424064373,2.184500573427492,2057.1663424064373,1.9296450827386329,249,0,0.0,0.11075956899730954
holdout,q3-random-930117,v1_selective,12,True,True,3735.779741,1817.1663424064373,2.055827060968332,2057.1663424064373,1.8159833086856505,171,0,0.0,0.1033898220048286
holdout,q3-random-930118,v0,13,True,True,4210.806766,1704.1959500292264,2.4708465983197447,1914.1959500292264,2.1997783277807623,119,0,0.0,0.03217687999131158
holdout,q3-random-930118,v1,13,True,True,4103.020291,1704.1959500292264,2.407598897843663,1914.1959500292264,2.1434693198140735,251,0,0.0,0.16395081699010916
holdout,q3-random-930118,v1_selective,13,True,True,3040.746275,1704.1959500292264,1.7842703328498417,1914.1959500292264,1.5885240353546737,116,0,277.857035,0.07986164499016013
holdout,q3-random-930119,v0,10,True,True,4116.348825,1672.6596364436791,2.4609602188715236,1972.6596364436791,2.086699980550611,137,0,0.0,0.0301069570123218
holdout,q3-random-930119,v1,10,True,True,3854.98843,1672.6596364436791,2.3047058385388395,1972.6596364436791,1.9542086018193148,273,0,222.00124499999993,0.11424742500821594
holdout,q3-random-930119,v1_selective,10,True,True,3218.599936,1672.6596364436791,1.9242408113842084,1972.6596364436791,1.6316042953068723,140,0,222.6873599999999,0.06894439600000624
holdout,q3-random-930120,v0,12,True,True,4059.440282,1733.3386712525462,2.341977565795936,1973.3386712525462,2.0571432269268475,141,0,0.0,0.03999500199279282
holdout,q3-random-930120,v1,12,True,True,4030.108535,1733.3386712525462,2.325055456177967,1973.3386712525462,2.0422792061546895,273,0,0.0,0.12325587800296489
holdout,q3-random-930120,v1_selective,12,True,True,3517.841874,1733.3386712525462,2.029517908036942,1973.3386712525462,1.7826853166401004,161,0,220.21872200000007,0.09656639999593608
holdout,q3-random-930121,v0,14,True,True,4194.028093,1756.7415800359063,2.3873904623549,1936.7415800359063,2.1655073326417895,127,0,0.0,0.03367517399601638
holdout,q3-random-930121,v1,14,True,True,4038.983726,1756.7415800359063,2.2991336756072265,1936.7415800359063,2.0854530969098724,295,0,151.38801000000012,0.14919463099795394
holdout,q3-random-930121,v1_selective,14,True,True,3370.899004,1756.7415800359063,1.9188360099788278,1936.7415800359063,1.7405001466109407,167,0,0.0,0.125773449006374
holdout,q3-random-930122,v0,15,True,True,4637.29021,2111.9025649287832,2.1957879530092703,2261.9025649287832,2.050172399953049,132,0,0.0,0.03971096400346141
holdout,q3-random-930122,v1,15,True,True,4588.899132,2111.9025649287832,2.1728744536823577,2261.9025649287832,2.0287784288995145,316,0,0.0,0.15968409499328118
holdout,q3-random-930122,v1_selective,15,True,True,3752.385416,2111.9025649287832,1.776779610155233,2261.9025649287832,1.6589509531407005,183,0,0.0,0.13046304098679684
holdout,q3-random-930123,v0,14,True,True,4343.307971,1768.4329210664205,2.456020762371269,1948.4329210664205,2.2291288163119374,106,0,0.0,0.03570979999494739
holdout,q3-random-930123,v1,14,True,True,3862.118036,1768.4329210664205,2.1839211371789107,1948.4329210664205,1.9821662805236206,221,0,0.0,0.1409150929976022
holdout,q3-random-930123,v1_selective,14,True,True,3546.892196,1768.4329210664205,2.0056696263385057,1948.4329210664205,1.820381988854257,152,0,0.0,0.14216941100312397
holdout,q3-random-930124,v0,15,True,True,4969.987468,1932.6975512769764,2.5715288275272137,2082.6975512769764,2.3863222314506123,148,0,0.0,0.04449206299614161
holdout,q3-random-930124,v1,15,True,True,3973.398106,1932.6975512769764,2.05588199942339,2082.6975512769764,1.907813308544857,220,0,0.0,0.12194299600378145
holdout,q3-random-930124,v1_selective,15,True,True,3842.73845,1932.6975512769764,1.9882771867026048,2082.6975512769764,1.845077528248823,150,0,0.0,0.10933045700949151
holdout,q3-random-930125,v0,13,True,True,4374.607608,1743.6810744253871,2.5088347130461393,1953.6810744253871,2.239161583364701,134,0,0.0,0.03464509200421162
holdout,q3-random-930125,v1,13,True,True,4049.944956,1743.6810744253871,2.3226408862266394,1953.6810744253871,2.072981618656035,260,0,235.1144979999999,0.1386424270021962
holdout,q3-random-930125,v1_selective,13,True,True,3483.631132,1743.6810744253871,1.997860264181623,1953.6810744253871,1.7831114697288035,137,0,211.4502990000001,0.11205259901180398
holdout,q3-random-930126,v0,16,True,True,4265.446177,2002.7658649615983,2.1297777496730936,2002.7658649615983,2.1297777496730936,111,0,0.0,0.042664877997594886
holdout,q3-random-930126,v1,16,True,True,3766.89944,2002.7658649615983,1.8808486333334966,2002.7658649615983,1.8808486333334966,215,0,0.0,0.14741853199666366
holdout,q3-random-930126,v1_selective,16,True,True,3522.207679,2002.7658649615983,1.7586717152619016,2002.7658649615983,1.7586717152619016,141,0,0.0,0.1212532130011823
holdout,q3-random-930127,v0,16,True,True,4220.519566,1949.9269437762482,2.1644500987439557,1949.9269437762482,2.1644500987439557,105,0,0.0,0.04047485000046436
holdout,q3-random-930127,v1,16,True,True,3720.553808,1949.9269437762482,1.9080477962906333,1949.9269437762482,1.9080477962906333,200,0,0.0,0.14044368400936946
holdout,q3-random-930127,v1_selective,16,True,True,3328.279732,1949.9269437762482,1.7068740665506266,1949.9269437762482,1.7068740665506266,124,0,0.0,0.11428252600308042
holdout,q3-random-930128,v0,16,True,True,4535.261637,1891.8417006547238,2.3972733212458777,1891.8417006547238,2.3972733212458777,119,0,0.0,0.03702299301221501
holdout,q3-random-930128,v1,16,True,True,3919.95052,1891.8417006547238,2.072028816493152,1891.8417006547238,2.072028816493152,225,0,0.0,0.15364782699907664
holdout,q3-random-930128,v1_selective,16,True,True,3742.683167,1891.8417006547238,1.978327872625253,1891.8417006547238,1.978327872625253,156,0,0.0,0.12753110499761533
holdout,q3-random-930129,v0,11,True,True,3935.14954,1617.8245194595,2.4323710592015857,1887.8245194595,2.0844890504582843,130,0,0.0,0.027544758006115444
holdout,q3-random-930129,v1,11,True,True,3920.024446,1617.8245194595,2.423022026708832,1887.8245194595,2.076477133119521,275,0,0.0,0.1265899420104688
holdout,q3-random-930129,v1_selective,11,True,True,3298.023256,1617.8245194595,2.0385543773943042,1887.8245194595,1.7469967266577573,163,0,0.0,0.09453866998956073
holdout,q3-random-930130,v0,15,True,True,4134.364504,1559.7108360184798,2.65072499884268,1709.7108360184798,2.4181659359590753,126,0,0.0,0.03857888800848741
holdout,q3-random-930130,v1,15,True,True,3846.680209,1559.7108360184798,2.4662777998129033,1709.7108360184798,2.2499010522492955,221,0,0.0,0.13494614700903185
holdout,q3-random-930130,v1_selective,15,True,True,3212.559878,1559.7108360184798,2.05971504705372,1709.7108360184798,1.879007730617949,126,0,0.0,0.1107755730045028
holdout,q3-random-930131,v0,11,True,True,4016.004289,1510.7943296004391,2.658207149918358,1780.7943296004391,2.2551758067991376,123,0,0.0,0.027018307999242097
holdout,q3-random-930131,v1,11,True,True,3583.375852,1510.7943296004391,2.371848888887277,1780.7943296004391,2.012234536261136,229,0,0.0,0.10760955899604596
holdout,q3-random-930131,v1_selective,11,True,True,3049.460934,1510.7943296004391,2.018448755236256,1780.7943296004391,1.7124161298762752,136,0,0.0,0.08084196099662222
validation,validation-000-radius-low,v0,15,True,True,4661.357868,1938.2186371030443,2.404970099228378,2088.2186371030443,2.2322173479241783,132,0,0.0,0.036712966990307905
validation,validation-000-radius-low,v1,15,True,True,3775.227536,1938.2186371030443,1.947782083884323,2088.2186371030443,1.807869860426741,230,0,0.0,0.16485018099774607
validation,validation-000-radius-low,v1_selective,15,True,True,3197.92192,1938.2186371030443,1.6499283717443607,2088.2186371030443,1.5314114447500722,126,0,0.0,0.12400256500404794
validation,validation-000-radius-high,v0,15,True,True,4566.146579,1938.2186371030443,2.3558470089962524,2088.2186371030443,2.1866228458407733,123,0,0.0,0.04035446001216769
validation,validation-000-radius-high,v1,15,True,True,3677.544795,1938.2186371030443,1.8973838784754629,2088.2186371030443,1.7610918366775066,217,0,0.0,0.07777016700129025
validation,validation-000-radius-high,v1_selective,15,True,True,3197.886853,1938.2186371030443,1.6499102793582239,2088.2186371030443,1.5313946519682358,125,0,0.0,0.08455770199361723
validation,validation-001-radius-low,v0,15,True,True,4461.57557,1768.1135870630635,2.5233534783310665,1918.1135870630635,2.32602260892765,119,0,0.0,0.03771428500476759
validation,validation-001-radius-low,v1,15,True,True,4235.815402,1768.1135870630635,2.39566927882497,1918.1135870630635,2.2083235479738748,285,0,0.0,0.1319804840022698
validation,validation-001-radius-low,v1_selective,15,True,True,3618.487172,1768.1135870630635,2.0465241591240253,1918.1135870630635,1.8864822169058708,191,0,0.0,0.13101013599953149
validation,validation-001-radius-high,v0,15,True,True,4438.69014,1768.1135870630635,2.510410062157214,1918.1135870630635,2.3140913916346,117,0,0.0,0.03782111500913743
validation,validation-001-radius-high,v1,15,True,True,4113.822937,1768.1135870630635,2.326673448527304,1918.1135870630635,2.1447233181320176,251,0,0.0,0.09394622799300123
validation,validation-001-radius-high,v1_selective,15,True,True,3560.176347,1768.1135870630635,2.013545042043172,1918.1135870630635,1.8560821272587904,158,0,0.0,0.09734946599928662
validation,validation-002-radius-low,v0,10,True,True,4097.933891,1486.9103648139412,2.756006002764517,1786.9103648139412,2.2933069121386453,129,0,0.0,0.028347265004413202
validation,validation-002-radius-low,v1,10,True,True,3494.241278,1486.9103648139412,2.3500012917303446,1786.9103648139412,1.9554653365972454,248,0,0.0,0.10131340099906083
validation,validation-002-radius-low,v1_selective,10,True,True,2829.458303,1486.9103648139412,1.902911143775673,1786.9103648139412,1.583436057406613,135,0,0.0,0.07125972399080638
validation,validation-002-radius-high,v0,10,True,True,4092.864002,1486.9103648139412,2.7525963224502403,1786.9103648139412,2.290469674692475,128,0,0.0,0.025339141007862054
validation,validation-002-radius-high,v1,10,True,True,3398.032418,1486.9103648139412,2.2852974183317363,1786.9103648139412,1.9016244378625078,224,0,0.0,0.05374942100024782
validation,validation-002-radius-high,v1_selective,10,True,True,2848.603075,1486.9103648139412,1.9157866825122636,1786.9103648139412,1.5941499535129764,127,0,0.0,0.06557705499290023
validation,validation-003-radius-low,v0,10,True,True,4119.277424,1526.339242778127,2.6987954633875515,1826.339242778127,2.2554831695638216,145,0,0.0,0.03314982799929567
validation,validation-003-radius-low,v1,10,True,True,3594.834761,1526.339242778127,2.355200377641444,1826.339242778127,1.968328050341696,226,0,151.01606500000025,0.10355243900266942
validation,validation-003-radius-low,v1_selective,10,True,True,3214.543863,1526.339242778127,2.106048100518683,1826.339242778127,1.7601022787585794,133,0,87.98296399999981,0.06622938500368036
validation,validation-003-radius-high,v0,10,True,True,3978.258818,1526.339242778127,2.606405382566902,1826.339242778127,2.1782693624589102,132,0,0.0,0.027577204993576743
validation,validation-003-radius-high,v1,10,True,True,3570.878401,1526.339242778127,2.3395050726079463,1826.339242778127,1.9552109035165754,221,0,151.0160649999998,0.05676584001048468
validation,validation-003-radius-high,v1_selective,10,True,True,3230.972421,1526.339242778127,2.1168114731291507,1826.339242778127,1.7690976272760925,131,0,87.98296399999981,0.05489917300292291
validation,validation-004-radius-low,v0,15,True,True,4374.896218,1463.1210276977479,2.990112325078119,1613.1210276977479,2.7120694249729467,139,0,0.0,0.0383407079934841
validation,validation-004-radius-low,v1,15,True,True,4014.618018,1463.1210276977479,2.743872818448305,1613.1210276977479,2.4887271004889677,240,0,0.0,0.13153354098903947
validation,validation-004-radius-low,v1_selective,15,True,True,3616.256008,1463.1210276977479,2.4716041527270343,1613.1210276977479,2.241776001867097,145,0,741.5713489999998,0.1255450379976537
validation,validation-004-radius-high,v0,15,True,True,4180.724678,1463.1210276977479,2.8574018135591004,1613.1210276977479,2.5916993246109654,128,0,0.0,0.034485047988709994
validation,validation-004-radius-high,v1,15,True,True,3964.832149,1463.1210276977479,2.7098456477238577,1613.1210276977479,2.457864029370829,239,0,0.0,0.0780932030029362
validation,validation-004-radius-high,v1_selective,15,True,True,3570.488667,1463.1210276977479,2.4403235271782266,1613.1210276977479,2.2134040817109764,140,0,740.1623079999999,0.09166512500087265
validation,validation-005-radius-low,v0,14,True,True,4187.438662,1454.1333393607315,2.879679977519041,1634.1333393607315,2.5624828532279467,148,0,0.0,0.03398435299459379
validation,validation-005-radius-low,v1,14,True,True,3628.93821,1454.1333393607315,2.4956020962942502,1634.1333393607315,2.220711200604738,214,0,0.0,0.11952438901062123
validation,validation-005-radius-low,v1_selective,14,True,True,3213.542644,1454.1333393607315,2.2099367073261265,1634.1333393607315,1.9665118914085244,136,0,0.0,0.1052185790031217
validation,validation-005-radius-high,v0,14,True,True,4177.120397,1454.1333393607315,2.8725841598792807,1634.1333393607315,2.5561686408246698,146,0,0.0,0.036866894995910116
validation,validation-005-radius-high,v1,14,True,True,3607.898039,1454.1333393607315,2.4811328791801928,1634.1333393607315,2.207835769638847,210,0,0.0,0.09649973800696898
validation,validation-005-radius-high,v1_selective,14,True,True,3197.873815,1454.1333393607315,2.199161334410952,1634.1333393607315,1.9569234272222849,134,0,0.0,0.09148251899750903
validation,validation-006-radius-low,v0,16,True,True,3723.162651,1618.5525898233711,2.300303786487593,1618.5525898233711,2.300303786487593,112,0,0.0,0.04463949000637513
validation,validation-006-radius-low,v1,16,True,True,3576.919489,1618.5525898233711,2.209949501480419,1618.5525898233711,2.209949501480419,250,0,0.0,0.1329334129986819
validation,validation-006-radius-low,v1_selective,16,True,True,3295.925134,1618.5525898233711,2.0363410832141553,1618.5525898233711,2.0363410832141553,180,0,0.0,0.1379194239998469
validation,validation-006-radius-high,v0,16,True,True,3715.468917,1618.5525898233711,2.2955503209231285,1618.5525898233711,2.2955503209231285,111,0,0.0,0.044330279997666366
validation,validation-006-radius-high,v1,16,True,True,3325.70952,1618.5525898233711,2.0547429480576387,1618.5525898233711,2.0547429480576387,208,0,0.0,0.06979058099386748
validation,validation-006-radius-high,v1_selective,16,True,True,2946.487264,1618.5525898233711,1.820445799862174,1618.5525898233711,1.820445799862174,137,0,0.0,0.09933099399495404
validation,validation-007-radius-low,v0,11,True,True,3690.959393,1389.4793813384044,2.656361398788598,1659.4793813384044,2.2241670698090656,136,0,0.0,0.03304203199513722
validation,validation-007-radius-low,v1,11,True,True,3661.803659,1389.4793813384044,2.635378191414973,1659.4793813384044,2.2065978644740256,262,0,470.068941,0.12376323000353295
validation,validation-007-radius-low,v1_selective,11,True,True,3396.864148,1389.4793813384044,2.444702810003556,1659.4793813384044,2.046945678385205,156,0,0.0,0.10390161600662395
validation,validation-007-radius-high,v0,11,True,True,3653.74108,1389.4793813384044,2.6295756015325424,1659.4793813384044,2.2017393654226556,131,0,0.0,0.033383087007678114
validation,validation-007-radius-high,v1,11,True,True,3462.308855,1389.4793813384044,2.491802974193802,1659.4793813384044,2.086382569096807,244,0,470.4288370000004,0.08234974098741077
validation,validation-007-radius-high,v1_selective,11,True,True,3113.714218,1389.4793813384044,2.240921498957934,1659.4793813384044,1.8763199187739983,147,0,410.1550360000001,0.07560136499523651
validation,validation-008-radius-low,v0,14,True,True,4281.780669,1748.7891686012244,2.448425885679975,1928.7891686012244,2.2199319338283026,116,0,0.0,0.03351411300536711
validation,validation-008-radius-low,v1,14,True,True,4086.450237,1748.7891686012244,2.3367312140139584,1928.7891686012244,2.1186609213300027,255,0,0.0,0.10641206600121222
validation,validation-008-radius-low,v1_selective,14,True,True,3645.332485,1748.7891686012244,2.0844894001234766,1928.7891686012244,1.8899590190272733,175,0,0.0,0.12005578000389505
validation,validation-008-radius-high,v0,14,True,True,4264.371751,1748.7891686012244,2.4384710447462763,1928.7891686012244,2.210906106494035,114,0,0.0,0.03317889999016188
validation,validation-008-radius-high,v1,14,True,True,4137.09597,1748.7891686012244,2.3656916707169864,1928.7891686012244,2.144918707211665,259,0,0.0,0.06287825500476174
validation,validation-008-radius-high,v1_selective,14,True,True,3645.332485,1748.7891686012244,2.0844894001234766,1928.7891686012244,1.8899590190272733,175,0,0.0,0.09490899000957143
validation,validation-009-radius-low,v0,10,True,True,3998.135827,1356.0737743217055,2.9483173428376546,1656.0737743217055,2.4142256758081664,133,0,0.0,0.030578933990909718
validation,validation-009-radius-low,v1,10,True,True,3483.155181,1356.0737743217055,2.5685587664596192,1656.0737743217055,2.1032608782339,209,0,0.0,0.10647277100360952
validation,validation-009-radius-low,v1_selective,10,True,True,3050.308517,1356.0737743217055,2.2493676780422462,1656.0737743217055,1.8418916864071138,131,0,0.0,0.06368116399971768
validation,validation-009-radius-high,v0,10,True,True,3901.581979,1356.0737743217055,2.877116313934714,1656.0737743217055,2.3559228094159086,125,0,0.0,0.028042397010722198
validation,validation-009-radius-high,v1,10,True,True,3399.233104,1356.0737743217055,2.5066726961077483,1656.0737743217055,2.052585553075531,199,0,0.0,0.0621620229940163
validation,validation-009-radius-high,v1_selective,10,True,True,3013.452564,1356.0737743217055,2.2221892503653047,1656.0737743217055,1.8196366675960736,129,0,0.0,0.05748904299980495
validation,validation-010-radius-low,v0,11,True,True,4267.026014,1441.7871451403885,2.959539505108096,1711.7871451403885,2.4927316612428756,129,0,0.0,0.0297390009945957
validation,validation-010-radius-low,v1,11,True,True,3851.884185,1441.7871451403885,2.671603917390273,1711.7871451403885,2.2502121224213867,257,0,54.0,0.12397902298835106
validation,validation-010-radius-low,v1_selective,11,True,True,3343.679471,1441.7871451403885,2.3191214336110773,1711.7871451403885,1.9533266624255292,148,0,145.1995750000001,0.09764360600092914
validation,validation-010-radius-high,v0,11,True,True,4251.073082,1441.7871451403885,2.9484748121998745,1711.7871451403885,2.4834122011421913,126,0,0.0,0.03544868400786072
validation,validation-010-radius-high,v1,11,True,True,3720.880698,1441.7871451403885,2.5807420398644862,1711.7871451403885,2.1736818789434476,236,0,54.0,0.06253410299541429
validation,validation-010-radius-high,v1_selective,11,True,True,3201.15239,1441.7871451403885,2.220266979622918,1711.7871451403885,1.870064510700286,124,0,145.1995750000001,0.07288976600102615
validation,validation-011-radius-low,v0,15,True,True,4277.689597,1761.9979384604012,2.4277494902960894,1911.9979384604012,2.237287766347973,127,0,0.0,0.035606960009317845
validation,validation-011-radius-low,v1,15,True,True,3813.46334,1761.9979384604012,2.1642836559344265,1911.9979384604012,1.994491345043351,202,0,237.259857,0.12277468900720123
validation,validation-011-radius-low,v1_selective,15,True,True,3610.62133,1761.9979384604012,2.0491631977474896,1911.9979384604012,1.8884023132929642,132,0,0.0,0.10620937499334104
validation,validation-011-radius-high,v0,15,True,True,4252.644821,1761.9979384604012,2.413535639386659,1911.9979384604012,2.224189020007186,123,0,0.0,0.036971055989852175
validation,validation-011-radius-high,v1,15,True,True,3813.46334,1761.9979384604012,2.1642836559344265,1911.9979384604012,1.994491345043351,202,0,237.259857,0.05367075800313614
validation,validation-011-radius-high,v1_selective,15,True,True,3610.62133,1761.9979384604012,2.0491631977474896,1911.9979384604012,1.8884023132929642,132,0,0.0,0.08046273200307041
