seed,eligible,case_sha256,source_total,lower_bound_s,a_total_s,a_time_over_lower_bound,a_successful,a_all_cleared,a_failed_clear_count,a_accepted_exit,missing_reason,fork_step,prefix_action_count,prefix_sha256,public_prefix_verified,forced_actions,a_probe_result,b_probe_result,a_immediate_cost_s,b_immediate_cost_s,b_minus_a_immediate_s,a_future_cost_s,b_future_cost_s,b_minus_a_future_s,b_total_s,b_minus_a_total_s,a_minus_b_saving_s,b_time_over_lower_bound,b_successful,b_all_cleared,b_failed_clear_count,b_accepted_exit
3000101,True,f24b1bbbb38cc91f8a440cbeb4b1f3f6a1f4ecc704aab440c16e72c67b163d22,11,1439.0561497961503,2988.301837,2.0765707004714917,True,True,0,True,,21,22,5108174872174d193932c25cbb3fc21d3fdbacd334501023fc54c676ae729f57,True,1,direction,direction,6.0,43.730721999999986,37.730721999999986,2782.277773,2977.215829,194.93805600000042,3220.970615,232.6687780000002,-232.6687780000002,2.2382522151455087,True,True,0,True
3000102,True,6308638766453f8d59a897645ba03fed5e94f024678b68b02f3609967d1b4d62,14,1906.7994304131075,3334.576097,1.7487817773668861,True,True,0,True,,21,22,367f02714ba0442cc82a144092a8a532c8994c3821571a2a4a4106da286a11f8,True,1,direction,direction,6.0,46.597807999999986,40.597807999999986,3128.5534500000003,3071.035925,-57.517525000000205,3317.65638,-16.91971700000022,16.91971700000022,1.739908417783212,True,True,0,True
3000103,True,88dcbc01d6f2ab3c0d2c1f2ca34a39f3c508fb5ee1cc86f46b7cfc81b9f2d819,14,1615.8280816573665,3091.802065,1.9134474144233935,True,True,0,True,,21,22,504fd1f54e6f4234315094170564fb5c79fc947f1b584483eeb74fe69ffe8869,True,1,direction,direction,6.0,52.32292799999999,46.32292799999999,2885.777029,2802.91284,-82.8641889999999,3055.260804,-36.54126099999985,36.54126099999985,1.890832842109166,True,True,0,True
3000104,True,d5f1ab67e14280ca8baa66b1688193d0ee29a7144f01ebcbc340adea9ac11768,14,1922.83139220939,3362.519091,1.7487331986692636,True,True,0,True,,21,22,08a1ada6afe6b1f9da28e40fded1dd453d2585a2f76f6da9040146b90fa9f006,True,1,direction,direction,6.0,47.66665600000002,41.66665600000002,3156.496496,2841.0968139999995,-315.39968200000067,3088.786065,-273.73302600000034,273.73302600000034,1.6063738492696926,True,True,0,True
3000105,True,751d01c082e18a8c54d3246cf5c3f0d52a3ea601f6711f466cf021dd8e773dbb,16,2084.7275452042586,3273.085754,1.5700304634672575,True,True,0,True,,21,22,ae720caeb224dee2846a64689ca2416a6d990e10d5f24ead6e9650b07aaa4348,True,1,direction,direction,6.0,123.90686999999997,117.90686999999997,3067.059079,2987.03053,-80.02854900000011,3310.964075,37.87832099999969,-37.87832099999969,1.5881998981673149,True,True,0,True
3000106,True,f209642547e081eb647fb84c1890e2cd6efcd0d0637c0d6c8ef31918929aceac,11,1524.9667746282685,2920.759819,1.9152940690868332,True,True,0,True,,81,82,b98274be680789a5779b7c19ebf1e0c7fcf511c689fc6541f886972ba557f9ce,True,1,no_signal,direction,6.0,220.166428,214.166428,1441.9936249999998,1467.3870410000002,25.393416000000343,3160.319663,239.55984400000034,-239.55984400000034,2.072385913962205,True,True,0,True
3000107,True,8dc499a5a318b0ebe0c4d9813ea427f5e159a2f29b597f9c5bf5e5cce5d0ed37,11,1628.0977637995577,3030.226727,1.8612068601631375,True,True,0,True,,21,22,b5886bdfd6940fae696679c043a20b65dd26a78b7234ca3eb39d47314919e4c5,True,1,direction,direction,6.0,43.51516700000002,37.51516700000002,2824.2036470000003,2893.585555,69.38190799999984,3137.123802,106.89707499999986,-106.89707499999986,1.9268645113047556,True,True,0,True
3000108,True,44b4d348af3185bb10ca82c600334e9ba49e91c9ee32f504d56686486219d268,14,1997.4189881923114,3756.747763,1.88080106638012,True,True,0,True,,21,22,7b895849ea1e26fa170acfbb5b12dd335ddeb463a1fd4c3e521e5e55a01961bb,True,1,direction,direction,6.0,57.15319200000002,51.15319200000002,3550.725168,3496.68844,-54.03672800000004,3753.864227,-2.883535999999822,2.883535999999822,1.8793574353657732,True,True,0,True
3000109,True,e043d745d499ee0e684e4d4f120822a9887118b12f5cd78d1d3f57d06fea6379,11,1672.4024612005303,3050.854524,1.8242346533082419,True,True,0,True,,45,46,e6a08c421e3251473830055d2d3cced739756d4a4c763073250c69b24654e315,True,1,direction,direction,6.0,69.62595899999997,63.625958999999966,2421.7199549999996,2416.7411329999995,-4.9788220000000365,3109.501661,58.64713699999993,-58.64713699999993,1.8593022511865063,True,True,0,True
3000110,True,d50e8afa9f496bcb7abbbdde50fd1c87cb4a1003ef83ca06c9643b15aef7069e,12,2003.6575186969974,3545.954206,1.769740673199468,True,True,0,True,,21,22,8fce7c6a9e23afe00eacc59f49d24c276abb0949254f1664cc557341c7e57809,True,1,direction,direction,6.0,51.72578999999999,45.72578999999999,3340.93092,3286.115606,-54.815313999999944,3536.864682,-9.089523999999983,9.089523999999983,1.7652042073038838,True,True,0,True
3000111,True,682b0f2b533fa8486a343459bd51567a3be5eaf60ed4f275990894e0f9494d63,13,1676.9776442551515,3098.616113,1.8477384738043334,True,True,0,True,,21,22,a5bf002b4c28da30ec74a02c0cc31a3bddf151148c075e2a92fac0e03b67ccb8,True,1,direction,direction,6.0,43.870829000000015,37.870829000000015,2892.593518,2845.833009,-46.760509000000184,3089.726433,-8.889680000000226,8.889680000000226,1.8424374609789962,True,True,0,True
3000112,True,8b380b0a1f7041b4d5e666cd8b44b08ac9079d6c75834c1307c54cbcc2c71856,12,1656.3647268030356,3501.45392,2.113938955195084,True,True,0,True,,21,22,57277ad5d707783d8ed8aac1af03756b52bab1ddf2f2d13c4a24fba5fdbe58af,True,1,direction,direction,6.0,49.61525,43.61525,3295.42938,2888.403863,-407.02551700000004,3138.043653,-363.41026699999975,363.41026699999975,1.8945366332792937,True,True,0,True
3000113,True,25da852fcceeb945c1807220c6aa16fb851a99117dd15d1b3288650f3180347c,16,2009.980366031131,3299.387903,1.6415025533383236,True,True,0,True,,21,22,7b164a65e3187e14cf607d857518b8d40ffbcc7308d4023700df0defb405a7c2,True,1,direction,direction,6.0,55.227532,49.227532,3093.364459,3034.996176,-58.36828299999979,3290.247152,-9.14075099999991,9.14075099999991,1.636954871602482,True,True,0,True
3000114,True,b2bd8825fe8585e4bf67e1caccc7083b2c678914428cf20ee23a7edba29080f7,16,2060.709738987001,3010.170865,1.4607447172447163,True,True,0,True,,21,22,ab0d816514d0d2d83973d0d02bac58731ee14df8ff32ff1062ec6c06bf394c7a,True,1,direction,direction,6.0,52.55372599999998,46.55372599999998,2804.147545,3182.285535,378.1379900000002,3434.862581,424.6917159999998,-424.6917159999998,1.6668347395147955,True,True,0,True
3000115,True,c624f7c67acb747d2d0483d2f0b1563342236e17d0852224b35cb41232ae4248,16,1703.8660137843328,3020.625565,1.7728069816306202,True,True,0,True,,21,22,5ddd5c9afceed8ae739d7618d9bd22e88128b86b0c3a0ba176b74147b6f8b1a2,True,1,direction,direction,6.0,102.50535500000001,96.50535500000001,2814.602441,2496.639458,-317.9629829999999,2799.167937,-221.45762799999966,221.45762799999966,1.6428333650384703,True,True,0,True
3000116,True,d5e42ae5ab87265394c041d44f8cb94fe04bfa92f407df166ba49a45b3fd77f5,12,1394.6447671807264,2851.632676,2.044701807302926,True,True,0,True,,23,24,fdbada54be56d75121355510f958e037df042d90d1284e1046bb6c753a9e6f90,True,1,direction,direction,6.0,39.17374899999999,33.17374899999999,2627.37669,2624.4207469999997,-2.9559430000003886,2881.850482,30.217805999999655,-30.217805999999655,2.066368834427751,True,True,0,True
