seed,mode,noise,stress,true_sources,cleared,virtual_seconds,seconds_per_source,movement_metres,detects,switches,failed_clears,local_runtime_seconds,steps,full_scans
0,adaptive1,hash,False,15,15,2812.79808497496,187.519872331664,10383.9904248748,111,106,0,0.2852037659999951,25,7
0,adaptive2,hash,False,15,15,2882.541595145272,192.16943967635146,10432.70797572636,121,116,0,0.2789395700000341,25,7
0,adaptive3,hash,False,15,15,2894.541595145272,192.96943967635147,10432.70797572636,123,118,0,0.3467846170000257,25,7
0,v2,hash,False,15,15,3078.841177878341,205.25607852522273,10779.205889391706,141,143,0,0.2655102539999916,22,8
0,weighted0,hash,False,15,15,2931.9995003751383,195.46663335834256,10504.997501875692,127,121,0,0.29652154699999755,25,7
0,weighted20,hash,False,15,15,3140.5049748829106,209.36699832552736,10882.524874414552,148,149,0,0.14275413699999717,23,8
0,weighted5,hash,False,15,15,2819.040827381004,187.9360551587336,10315.20413690502,114,111,0,0.0809889720000001,24,7
0,weighted_adaptive,hash,False,15,15,2877.0414379811073,191.8027625320738,10485.207189905537,118,115,0,0.07754673100009768,24,7
1,adaptive1,hash,False,13,13,3283.698602940104,252.59220022616185,12148.49301470052,132,129,0,0.09642319399995358,24,7
1,adaptive2,hash,False,13,13,3407.4093475117716,262.10841134705936,12607.046737558858,137,136,0,0.10348585399992771,25,7
1,adaptive3,hash,False,13,13,3293.501864401287,253.34629726163746,12182.509322006435,132,132,0,0.08939847900001041,22,7
1,v2,hash,False,13,13,3487.2165011640705,268.24742316646694,12841.082505820352,142,144,0,0.20988141600003019,22,8
1,weighted0,hash,False,13,13,3490.5957670777616,268.50736669828933,13247.978835388807,130,126,0,0.08066153800007214,24,7
1,weighted20,hash,False,13,13,3337.2659920746178,256.71276862112444,12026.329960373088,145,142,0,0.12144441899999947,26,8
1,weighted5,hash,False,13,13,3254.8799535194476,250.37538103995752,11994.399767597237,132,131,0,0.09460309299993241,24,7
1,weighted_adaptive,hash,False,13,13,3303.1064040264514,254.08510800203473,12230.532020132257,132,132,0,0.0938995999999861,24,7
2,adaptive1,hash,False,15,15,3203.521378783059,213.5680919188706,11842.606893915294,128,120,0,0.0810482320000574,26,7
2,adaptive2,hash,False,15,15,3143.410884098033,209.56072560653553,11387.054420490165,133,126,0,0.0930172370000264,27,7
2,adaptive3,hash,False,15,15,3174.410884098033,211.6273922732022,11387.054420490165,138,132,0,0.09278352399996947,27,7
2,v2,hash,False,15,15,3160.1143907593314,210.67429271728875,11245.571953796658,140,136,0,0.20480812900007095,25,8
2,weighted0,hash,False,15,15,3181.580991475987,212.10539943173248,11772.904957379935,126,122,0,0.08596285700002682,29,7
2,weighted20,hash,False,15,15,3162.3599010868493,210.82399340578996,11096.799505434246,145,143,0,0.1028677010000365,25,8
2,weighted5,hash,False,15,15,3195.7139421425263,213.0475961428351,11678.569710712633,132,125,0,0.09429856300005213,27,7
2,weighted_adaptive,hash,False,15,15,3195.7139421425263,213.0475961428351,11678.569710712633,132,125,0,0.09570277499994972,27,7
3,adaptive1,hash,False,15,15,3210.6314951631216,214.04209967754144,12283.157475815608,113,114,0,0.0983983480000461,25,7
3,adaptive2,hash,False,15,15,3269.3470978875066,217.95647319250045,12081.735489437533,130,128,0,0.09595744900002501,25,7
3,adaptive3,hash,False,15,15,3255.3126800544874,217.02084533696583,11796.563400272436,137,136,0,0.10302769200006878,25,7
3,v2,hash,False,15,15,3344.1545182923987,222.94363455282658,12030.772591461993,144,143,0,0.2516255399999636,24,8
3,weighted0,hash,False,15,15,3164.7774344087993,210.98516229391996,12103.887172043997,111,114,0,0.10215222900001208,27,7
3,weighted20,hash,False,15,15,3291.845671137007,219.45637807580044,11679.228355685034,147,146,0,0.11995861000002606,25,8
3,weighted5,hash,False,15,15,3179.661484691328,211.9774323127552,11938.307423456641,120,117,0,0.07804930099996454,25,7
3,weighted_adaptive,hash,False,15,15,3216.1973245728323,214.41315497152215,11965.986622864162,125,123,0,0.08989254499999788,25,7
4,adaptive1,hash,False,15,15,3030.387567881401,202.02583785876007,11081.937839407006,123,124,0,0.08347917499997948,27,7
4,adaptive2,hash,False,15,15,3038.992137305039,202.59947582033593,11059.960686525194,125,127,0,0.09342641499995352,27,7
4,adaptive3,hash,False,15,15,3063.9921373050393,204.2661424870026,11059.960686525195,129,132,0,0.09341938399995797,27,7
4,v2,hash,False,15,15,3131.186887813542,208.7457925209028,11185.93443906771,136,139,0,0.2531977950000055,26,8
4,weighted0,hash,False,15,15,3006.513856694515,200.43425711296769,11082.569283472576,119,120,0,0.08517973400000756,26,7
4,weighted20,hash,False,15,15,3110.350593598828,207.35670623992186,11081.75296799414,136,139,0,0.11091221599997425,26,8
4,weighted5,hash,False,15,15,2995.4455457076924,199.69636971384617,11012.227728538463,120,118,0,0.0786448000000064,25,7
4,weighted_adaptive,hash,False,15,15,3032.5006050456623,202.16670700304414,11027.50302522831,125,127,0,0.09889686100007111,27,7
5,adaptive1,hash,False,14,14,2918.662261285625,208.47587580611608,10498.311306428124,125,124,0,0.08270823999998811,22,7
5,adaptive2,hash,False,14,14,2802.466573149151,200.17618379636792,10247.332865745755,114,113,0,0.12362830000006397,25,7
5,adaptive3,hash,False,14,14,2833.466573149151,202.39046951065365,10247.332865745755,119,119,0,0.11865559600005327,25,7
5,v2,hash,False,14,14,3045.114622834539,217.50818734532422,10805.573114172696,135,139,0,0.2575287989999424,25,8
5,weighted0,hash,False,14,14,3021.626875987589,215.83049114197064,11088.134379937945,122,124,0,0.10367654200001652,24,7
5,weighted20,hash,False,14,14,2853.2283937809925,203.80202812721376,10181.141968904962,124,127,0,0.10226211600001989,24,8
5,weighted5,hash,False,14,14,2819.099907320373,201.36427909431237,10340.499536601865,114,111,0,0.10392399599993496,25,7
5,weighted_adaptive,hash,False,14,14,2819.099907320373,201.36427909431237,10340.499536601865,114,111,0,0.10736077999990812,25,7
6,adaptive1,hash,False,13,13,3082.954487542487,237.15034519557594,11164.772437712436,131,130,0,0.09033756799999537,25,7
6,adaptive2,hash,False,13,13,3076.7045258067465,236.66957890821126,11163.522629033732,130,129,0,0.08397464400002264,24,7
6,adaptive3,hash,False,13,13,2959.767729354378,227.67444071956754,10673.83864677189,128,120,0,0.07907228599992777,25,7
6,v2,hash,False,13,13,3145.4216670741207,241.95551285185545,10992.108335370604,147,147,0,0.27528846300003806,24,8
6,weighted0,hash,False,13,13,3063.981478924364,235.69088299418186,11174.907394621821,127,129,0,0.08381853699995645,23,7
6,weighted20,hash,False,13,13,3158.0668830238137,242.9282217710626,10890.334415119069,152,155,0,0.11815339700001459,24,8
6,weighted5,hash,False,13,13,3042.874604738551,234.06727728758085,11139.373023692757,125,125,0,0.08014127199999166,24,7
6,weighted_adaptive,hash,False,13,13,3076.7045258067465,236.66957890821126,11163.522629033732,130,129,0,0.085180365000042,24,7
7,adaptive1,hash,False,16,16,3052.0670033026827,190.75418770641767,11500.335016513412,112,112,0,0.11940543900004741,28,6
7,adaptive2,hash,False,16,16,2983.9846267139983,186.4990391696249,11264.923133569991,108,111,0,0.10198208199994951,28,6
7,adaptive3,hash,False,16,16,2976.5061654650754,186.0316353415672,11252.530827325378,107,111,0,0.10516615300002741,28,6
7,v2,hash,False,16,16,3193.8774474858405,199.61734046786503,12054.387237429202,117,118,0,0.2580259409999144,24,6
7,weighted0,hash,False,16,16,2971.2976428497045,185.70610267810653,11261.488214248522,106,109,0,0.09726574600006188,26,6
7,weighted20,hash,False,16,16,3108.0282449481265,194.2517653092579,11625.141224740632,117,118,0,0.10004237199996169,24,6
7,weighted5,hash,False,16,16,2972.824296145306,185.80151850908163,11299.12148072653,105,108,0,0.09998403399993094,27,6
7,weighted_adaptive,hash,False,16,16,2972.2033252858578,185.7627078303661,11301.01662642929,105,107,0,0.0994014730000572,27,6
8,adaptive1,hash,False,15,15,2858.3861214868293,190.5590747657886,10671.930607434148,108,109,0,0.08027578400003677,23,7
8,adaptive2,hash,False,15,15,2911.7154856843254,194.11436571228836,10598.577428421626,119,122,0,0.08979222400000708,23,7
8,adaptive3,hash,False,15,15,2882.3776666399162,192.15851110932775,10266.88833319958,126,124,0,0.08342096699993817,23,7
8,v2,hash,False,15,15,3244.2692657850907,216.28461771900604,11361.346328925454,149,152,0,0.2544391909999604,24,8
8,weighted0,hash,False,15,15,3338.2143183461526,222.54762122307685,12321.071591730763,133,134,0,0.0980428599999641,25,7
8,weighted20,hash,False,15,15,3024.17281138607,201.61152075907134,10450.86405693035,143,144,0,0.10682933599991884,23,8
8,weighted5,hash,False,15,15,2865.3861214868293,191.02574143245528,10671.930607434148,109,111,0,0.0803847230000656,23,7
8,weighted_adaptive,hash,False,15,15,2911.7154856843254,194.11436571228836,10598.577428421626,119,122,0,0.09510972799989759,23,7
9,adaptive1,hash,False,12,12,3046.934788895354,253.91123240794616,10919.67394447677,134,133,0,0.07332102600003054,25,7
9,adaptive2,hash,False,12,12,3240.72116463984,270.06009705332,11818.6058231992,137,132,0,0.07906439400005638,27,7
9,adaptive3,hash,False,12,12,3253.72116463984,271.14343038665334,11818.6058231992,139,135,0,0.07474579899997025,27,7
9,v2,hash,False,12,12,3227.0300159384965,268.9191679948747,11620.150079692483,140,143,0,0.22117620199992416,22,8
9,weighted0,hash,False,12,12,3023.1477382457997,251.92897818714997,11290.738691228999,117,120,0,0.0871924550000358,23,7
9,weighted20,hash,False,12,12,3232.952948246229,269.41274568718575,11579.764741231145,143,142,0,0.11515169200004038,23,8
9,weighted5,hash,False,12,12,3028.4492670989425,252.3707722582452,10917.246335494712,131,130,0,0.06459030400003485,23,7
9,weighted_adaptive,hash,False,12,12,3180.038042780022,265.0031702316685,11625.190213900109,133,130,0,0.06526065700006711,23,7
10,adaptive1,hash,False,15,15,3144.0779992432845,209.6051999495523,11485.389996216423,129,127,0,0.111309537000011,25,7
10,adaptive2,hash,False,15,15,3127.0705133997017,208.4713675599801,11425.352566998508,128,127,0,0.11135024699990481,25,7
10,adaptive3,hash,False,15,15,3162.4512576330717,210.83008384220477,11442.256288165358,133,134,0,0.11920887199994468,25,7
10,v2,hash,False,15,15,3021.298258289292,201.4198838859528,10921.49129144646,126,132,0,0.29747515700000804,25,8
10,weighted0,hash,False,15,15,3209.5849588165074,213.97233058776717,11912.924794082537,125,127,0,0.09056449000001976,25,7
10,weighted20,hash,False,15,15,2946.29755778366,196.41983718557734,10496.4877889183,128,132,0,0.10792682500004958,24,8
10,weighted5,hash,False,15,15,3132.0883288301757,208.80588858867839,11390.441644150878,130,129,0,0.11254433200008407,25,7
10,weighted_adaptive,hash,False,15,15,3120.0883288301757,208.00588858867837,11390.441644150878,128,127,0,0.1103632669999115,25,7
11,adaptive1,hash,False,10,10,2926.571462367082,292.6571462367082,10277.85731183541,138,131,0,0.05954287800000202,22,7
11,adaptive2,hash,False,10,10,2907.9561176568413,290.79561176568416,10264.780588284206,135,130,0,0.06072821899999781,21,7
11,adaptive3,hash,False,10,10,2926.3460902124725,292.63460902124723,10256.730451062363,138,135,0,0.06435977600006026,21,7
11,v2,hash,False,10,10,3023.597932173737,302.3597932173737,10332.989660868685,151,152,0,0.16442737600004875,21,8
11,weighted0,hash,False,10,10,2953.235216847866,295.3235216847866,10546.17608423933,133,129,0,0.06063105199996244,23,7
11,weighted20,hash,False,10,10,3022.680189978354,302.2680189978354,10298.40094989177,152,153,0,0.0815110910000385,20,8
11,weighted5,hash,False,10,10,2907.1076943240223,290.71076943240223,10255.538471620112,135,131,0,0.0618004389999669,20,7
11,weighted_adaptive,hash,False,10,10,2895.1076943240223,289.51076943240224,10255.538471620112,133,129,0,0.06148620300007224,20,7
12,adaptive1,hash,False,14,14,3301.3615167399726,235.81153690999804,12711.807583699863,115,114,0,0.10384378599997035,26,7
12,adaptive2,hash,False,14,14,3346.5061282332435,239.03615201666025,12597.530641166217,126,127,0,0.09553396900003008,26,7
12,adaptive3,hash,False,14,14,3035.097847910157,216.79270342215406,11335.489239550783,116,118,0,0.1009875900000452,25,7
12,v2,hash,False,14,14,3177.4985800748627,226.96418429106163,11392.492900374313,137,144,0,0.2648552489999929,24,8
12,weighted0,hash,False,14,14,3286.5676558662967,234.75483256187835,12697.838279331483,113,112,0,0.10227423300000282,25,7
12,weighted20,hash,False,14,14,3086.789849004922,220.4849892146373,11368.94924502461,123,128,0,0.12125544399998489,25,8
12,weighted5,hash,False,14,14,3346.4115649118958,239.02939749370685,12687.057824559479,123,124,0,0.090299640000012,26,7
12,weighted_adaptive,hash,False,14,14,3341.4115649118958,238.672254636564,12687.057824559479,122,124,0,0.0892765150000514,26,7
13,adaptive1,hash,False,16,16,3330.0844637649516,208.13027898530947,12890.422318824758,112,112,0,0.10292209299996102,28,6
13,adaptive2,hash,False,16,16,3387.771795336565,211.7357372085353,12898.858976682825,121,123,0,0.1142038190000676,28,6
13,adaptive3,hash,False,16,16,3478.948483431142,217.43428021444637,13664.74241715571,111,111,0,0.09879547699995328,28,6
13,v2,hash,False,16,16,3019.0067034359627,188.68791896474767,11250.033517179814,115,114,0,0.26984743200000594,24,6
13,weighted0,hash,False,16,16,3167.3098391231406,197.9568649451963,12256.549195615704,106,106,0,0.08869033899998158,25,6
13,weighted20,hash,False,16,16,2964.1986291378985,185.26241432111865,10945.993145689492,116,115,0,0.10568806100002348,23,6
13,weighted5,hash,False,16,16,3329.094403525411,208.0684002203382,12885.472017627055,112,112,0,0.09516438100001778,26,6
13,weighted_adaptive,hash,False,16,16,3352.2801890520755,209.51751181575472,12871.400945260377,116,118,0,0.10277696399998604,26,6
14,adaptive1,hash,False,11,11,3432.641440549764,312.0583127772513,12753.20720274882,138,137,0,0.0971225890000369,24,7
14,adaptive2,hash,False,11,11,3475.453994426861,315.9503631297146,12747.269972134303,145,146,0,0.10323102000006656,24,7
14,adaptive3,hash,False,11,11,3613.0329165616595,328.4575378692418,13770.164582808298,134,134,0,0.09630439299996851,25,7
14,v2,hash,False,11,11,3634.198395922911,330.38167235662826,13605.991979614555,143,143,0,0.24159527399990566,23,8
14,weighted0,hash,False,11,11,3574.0599044988267,324.9145367726206,13650.299522494133,132,129,0,0.08214050200001566,24,7
14,weighted20,hash,False,11,11,3664.343383845092,333.12212580409926,13711.716919225459,144,147,0,0.09510475100000804,24,8
14,weighted5,hash,False,11,11,3472.4299225929967,315.6754475084542,12677.149612964984,147,147,0,0.10657101100002819,25,7
14,weighted_adaptive,hash,False,11,11,3467.4299225929967,315.2209020539088,12677.149612964984,146,147,0,0.10482974500007458,25,7
15,adaptive1,hash,False,16,16,2892.9875028133674,180.81171892583546,10654.937514066838,113,117,0,0.11483257899999444,27,6
15,adaptive2,hash,False,16,16,2898.8555183505696,181.1784698969106,10689.277591752849,113,116,0,0.11760789300001306,28,6
15,adaptive3,hash,False,16,16,2858.158760317682,178.63492251985514,10620.79380158841,108,114,0,0.11926754999990408,25,4
15,v2,hash,False,16,16,2824.28294202749,176.51768387671814,10451.414710137451,108,114,0,0.32002707200001623,21,5
15,weighted0,hash,False,16,16,2900.705872575571,181.2941170359732,10623.529362877855,116,116,0,0.11439649999999801,23,5
15,weighted20,hash,False,16,16,2626.870123832835,164.17938273955218,10334.350619164175,79,85,0,0.10494773300001725,21,3
15,weighted5,hash,False,16,16,2860.482911170961,178.78018194818506,10557.414555854804,111,114,0,0.11855498399995668,24,4
15,weighted_adaptive,hash,False,16,16,2898.8555183505696,181.1784698969106,10689.277591752849,113,116,0,0.11898092699993867,28,6
16,adaptive1,hash,False,13,13,3277.8869034342206,252.14514641801696,12444.434517171103,121,119,0,0.07936589999997068,25,7
16,adaptive2,hash,False,13,13,3343.75419125556,257.2118608658123,12813.7709562778,120,116,0,0.09381207799992808,28,7
16,adaptive3,hash,False,13,13,3448.334404716091,265.2564926704685,13056.672023580453,129,127,0,0.09366024799999195,26,7
16,v2,hash,False,13,13,3508.0126949449614,269.84713038038166,13305.063474724806,130,132,0,0.21734913900002084,25,8
16,weighted0,hash,False,13,13,3292.807320655159,253.2928708196276,12449.036603275794,123,123,0,0.07580936600004407,25,7
16,weighted20,hash,False,13,13,3515.3364491037732,270.4104960849056,13091.682245518867,139,137,0,0.10069905400007428,25,8
16,weighted5,hash,False,13,13,3358.820841507105,258.370833962085,12799.104207535525,123,119,0,0.09087762400008614,27,7
16,weighted_adaptive,hash,False,13,13,3339.820841507105,256.90929550054653,12799.104207535525,120,115,0,0.087646522,27,7
17,adaptive1,hash,False,15,15,3235.368916735044,215.6912611156696,12271.84458367522,118,116,0,0.0988435000000436,27,7
17,adaptive2,hash,False,15,15,3284.8385294336663,218.98923529557774,12514.192647168331,118,117,0,0.08655670500002088,27,7
17,adaptive3,hash,False,15,15,3315.1615001604587,221.0107666773639,12510.807500802293,123,123,0,0.10093131500002528,27,7
17,v2,hash,False,15,15,3278.084452379225,218.53896349194832,11695.422261896125,144,144,0,0.32154875300000185,26,8
17,weighted0,hash,False,15,15,3375.249125468568,225.0166083645712,12846.24562734284,122,121,0,0.10830645800001548,28,7
17,weighted20,hash,False,15,15,3327.31243076133,221.820828717422,11836.56215380665,147,150,0,0.1558236549999492,26,8
17,weighted5,hash,False,15,15,3299.3058654008887,219.95372436005925,12521.529327004444,120,120,0,0.08509044899994933,27,7
17,weighted_adaptive,hash,False,15,15,3281.3058654008887,218.75372436005924,12521.529327004444,117,117,0,0.08755908000000545,27,7
18,adaptive1,hash,False,16,16,3074.4698183708633,192.15436364817896,11672.349091854316,110,110,0,0.1020869929999435,24,5
18,adaptive2,hash,False,16,16,3102.9826548525434,193.93641592828396,12239.913274262717,95,100,0,0.11481253200008723,24,5
18,adaptive3,hash,False,16,16,3126.923531562654,195.43272072266586,11649.617657813269,119,122,0,0.11899569299998802,24,5
18,v2,hash,False,16,16,3036.602086350522,189.78763039690762,11333.01043175261,114,120,0,0.29844337800000176,23,6
18,weighted0,hash,False,16,16,3270.619804775137,204.41373779844605,12503.099023875684,115,115,0,0.10610355400001481,27,7
18,weighted20,hash,False,16,16,3157.396794686472,197.3372996679045,11526.98397343236,128,132,0,0.1465449910000416,26,6
18,weighted5,hash,False,16,16,3122.7080068252026,195.16925042657516,11593.540034126014,120,124,0,0.12036710699999276,25,5
18,weighted_adaptive,hash,False,16,16,3080.749709937693,192.5468568711058,12213.748549688464,92,98,0,0.10665434600002754,23,5
19,adaptive1,hash,False,14,14,3220.480939567169,230.03435282622635,12012.404697835846,126,118,0,0.09430259300006583,27,7
19,adaptive2,hash,False,14,14,3231.2200610735317,230.8014329338237,12196.100305367658,121,117,0,0.08405980600002749,26,7
19,adaptive3,hash,False,14,14,3184.3958560742476,227.45684686244627,12086.979280371239,117,112,0,0.08704294300002857,26,7
19,v2,hash,False,14,14,3384.6670240964945,241.76193029260676,12898.335120482472,122,125,0,0.2656261550000636,24,8
19,weighted0,hash,False,14,14,3053.9354974918933,218.13824982084952,11459.677487459467,115,117,0,0.07646439899997404,22,7
19,weighted20,hash,False,14,14,3209.4584634186367,229.2470331013312,11862.292317093184,128,127,0,0.0839590739999494,23,8
19,weighted5,hash,False,14,14,3096.8341342560752,221.20243816114822,11394.170671280375,125,123,0,0.09584960000006504,26,7
19,weighted_adaptive,hash,False,14,14,3084.105057083765,220.29321836312607,11395.525285418826,123,120,0,0.09750283800008219,26,7
20,adaptive1,hash,False,16,16,3084.2395466660237,192.76497166662648,11476.197733330118,118,119,0,0.10285113899999487,24,6
20,adaptive2,hash,False,16,16,2972.3164778199925,185.76977986374953,11091.582389099964,112,114,0,0.10335457999997288,23,6
20,adaptive3,hash,False,16,16,3174.6564928061066,198.41603080038166,11468.282464030533,133,136,0,0.12581387700004143,24,6
20,v2,hash,False,16,16,2949.770588465129,184.36066177907057,10643.852942325646,123,126,0,0.27143524300004174,26,7
20,weighted0,hash,False,16,16,3049.16542715414,190.57283919713376,11480.827135770702,112,113,0,0.09899247900000319,25,6
20,weighted20,hash,False,16,16,2922.9352603010493,182.68345376881558,10394.676301505246,127,129,0,0.13192123500004982,26,7
20,weighted5,hash,False,16,16,2888.071935065063,180.50449594156643,10525.359675325315,117,118,0,0.11797858800002814,25,6
20,weighted_adaptive,hash,False,16,16,3002.369309034076,187.64808181462976,11241.846545170381,112,114,0,0.10794520700005705,23,6
21,adaptive1,hash,False,12,12,2814.829347103171,234.56911225859758,10124.146735515855,122,120,0,0.060621880999974564,19,7
21,adaptive2,hash,False,12,12,2743.415251468463,228.6179376223719,9542.076257342314,130,125,0,0.06942344000003686,24,7
21,adaptive3,hash,False,12,12,2742.569340291448,228.54744502428733,9627.84670145724,126,127,0,0.07310136699993564,22,7
21,v2,hash,False,12,12,2820.3210347618324,235.02675289681937,9631.605173809163,139,139,0,0.17538036200005536,20,8
21,weighted0,hash,False,12,12,2775.144195065058,231.26201625542149,10040.72097532529,118,117,0,0.059907040999974015,19,7
21,weighted20,hash,False,12,12,2837.3482048372575,236.44568373643813,9556.741024186287,144,146,0,0.09709770599999956,22,8
21,weighted5,hash,False,12,12,2760.051669560212,230.00430579668432,9730.258347801058,126,124,0,0.06729472300003181,21,7
21,weighted_adaptive,hash,False,12,12,2742.5360010062154,228.54466675051796,9537.680005031078,130,125,0,0.06785538100007216,23,7
22,adaptive1,hash,False,15,15,3248.027988613914,216.53519924092762,11985.139943069571,129,131,0,0.10758213799999794,27,7
22,adaptive2,hash,False,15,15,3267.6664547080422,217.84443031386948,12688.33227354021,109,110,0,0.11644669299994348,27,7
22,adaptive3,hash,False,15,15,3368.4294350188547,224.5619623345903,13017.147175094273,115,115,0,0.11934096499999214,28,7
22,v2,hash,False,15,15,3579.17368823002,238.61157921533467,13590.868441150102,131,131,0,0.3065576440000086,25,8
22,weighted0,hash,False,15,15,3242.742543518641,216.18283623457606,11993.712717593206,128,129,0,0.10303617899990059,27,7
22,weighted20,hash,False,15,15,3394.0742398793677,226.27161599195784,12825.371199396839,125,129,0,0.129269708000038,27,8
22,weighted5,hash,False,15,15,3355.121868238798,223.67479121591987,13000.609341193991,113,115,0,0.11337133600000016,27,7
22,weighted_adaptive,hash,False,15,15,3260.358887927986,217.35725919519908,12671.794439639929,108,111,0,0.11143437900000208,26,7
23,adaptive1,hash,False,10,10,3300.003160942554,330.0003160942554,12340.01580471277,131,127,0,0.07035684000004494,23,7
23,adaptive2,hash,False,10,10,3146.058727836541,314.6058727836541,11580.293639182706,131,125,0,0.08674247999999807,22,7
23,adaptive3,hash,False,10,10,3449.745403794715,344.9745403794715,13158.727018973575,129,123,0,0.07394345900002008,24,7
23,v2,hash,False,10,10,3437.964659190147,343.7964659190147,12659.823295950735,143,141,0,0.18689713499998106,22,8
23,weighted0,hash,False,10,10,3275.3797283277745,327.5379728327774,12326.898641638873,127,125,0,0.06145955600004527,22,7
23,weighted20,hash,False,10,10,3352.808279369724,335.2808279369724,12449.04139684862,136,133,0,0.09088691199997356,23,8
23,weighted5,hash,False,10,10,3309.121494137062,330.91214941370623,12325.60747068531,133,129,0,0.06918550099999266,22,7
23,weighted_adaptive,hash,False,10,10,3152.3898582515544,315.23898582515545,11576.949291257772,132,127,0,0.08913630600000033,23,7
24,adaptive1,hash,False,12,12,3033.4419664045845,252.78683053371537,11042.209832022922,128,125,0,0.0853356629999098,24,7
24,adaptive2,hash,False,12,12,3044.460200263575,253.70501668863128,10962.301001317875,133,127,0,0.07700471500004369,25,7
24,adaptive3,hash,False,12,12,3161.664768576299,263.47206404802495,11663.323842881495,129,124,0,0.0786407269999927,23,7
24,v2,hash,False,12,12,3015.173775196741,251.2644812663951,10680.868875983706,136,139,0,0.1915759439999647,22,8
24,weighted0,hash,False,12,12,3081.385307160069,256.78210893000573,11311.926535800343,127,124,0,0.0780793490000633,23,7
24,weighted20,hash,False,12,12,2989.498513305326,249.12487610877716,10592.492566526631,135,136,0,0.08746630300004199,21,8
24,weighted5,hash,False,12,12,3019.536159495963,251.62801329133026,10922.680797479816,130,125,0,0.0753055980001136,24,7
24,weighted_adaptive,hash,False,12,12,3019.536159495963,251.62801329133026,10922.680797479816,130,125,0,0.07421452899995984,24,7
25,adaptive1,hash,False,13,13,2792.0092071920812,214.76993901477547,9890.046035960406,125,124,0,0.07384103399999731,22,7
25,adaptive2,hash,False,13,13,2856.20943592826,219.7084181483277,10071.0471796413,129,132,0,0.07918850499993368,22,7
25,adaptive3,hash,False,13,13,2955.8705659144016,227.37465891649242,10434.352829572008,134,134,0,0.08365098800004489,23,7
25,v2,hash,False,13,13,2905.1280288501775,223.47138683462904,9715.640144250889,149,152,0,0.23724880600002507,21,8
25,weighted0,hash,False,13,13,2767.482147921595,212.883242147815,9782.410739607974,124,126,0,0.0706142589999672,20,7
25,weighted20,hash,False,13,13,2870.7616993325832,220.8278230255833,9568.808496662916,148,152,0,0.0985149169999886,21,8
25,weighted5,hash,False,13,13,2940.560089154066,226.19692993492816,10452.800445770332,131,130,0,0.08297289299991917,22,7
25,weighted_adaptive,hash,False,13,13,2847.0931652919417,219.0071665609186,10000.46582645971,130,132,0,0.08160542699999951,23,7
26,adaptive1,hash,False,16,16,3226.866760044204,201.67917250276275,12374.33380022102,112,112,0,0.09349342900009106,25,5
26,adaptive2,hash,False,16,16,3244.6194044216786,202.7887127763549,12068.097022108394,125,126,0,0.10815360200001578,25,5
26,adaptive3,hash,False,16,16,3237.5901413918787,202.34938383699242,12307.950706959393,116,116,0,0.10520158999997875,26,6
26,v2,hash,False,16,16,3364.5352241475307,210.28345150922067,12502.676120737653,130,134,0,0.2985089919999382,27,7
26,weighted0,hash,False,16,16,3093.3279984699134,193.3329999043696,11816.639992349566,109,105,0,0.09687046199996985,27,6
26,weighted20,hash,False,16,16,3338.207930432528,208.637995652033,12076.03965216264,140,143,0,0.13167978000001312,24,7
26,weighted5,hash,False,16,16,3185.2988462182293,199.08117788863933,11956.494231091147,119,119,0,0.10220799800003988,27,6
26,weighted_adaptive,hash,False,16,16,3244.6194044216786,202.7887127763549,12068.097022108394,125,126,0,0.11442765200001759,25,5
27,adaptive1,hash,False,10,10,3177.7759452394343,317.77759452394343,11638.879726197172,134,130,0,0.06306668499996704,22,7
27,adaptive2,hash,False,10,10,3245.381598842009,324.5381598842009,12066.907994210045,131,127,0,0.07404127800009519,23,7
27,adaptive3,hash,False,10,10,3257.381598842009,325.7381598842009,12066.907994210045,133,129,0,0.09000397800002702,23,7
27,v2,hash,False,10,10,3287.168601733999,328.7168601733999,12110.843008669995,136,135,0,0.16906151500006672,22,8
27,weighted0,hash,False,10,10,3053.716697289695,305.3716697289695,11138.583486448473,130,126,0,0.06713042500007305,22,7
27,weighted20,hash,False,10,10,3268.860371844707,326.8860371844707,12044.301859223535,135,135,0,0.071539117000043,21,8
27,weighted5,hash,False,10,10,3217.810892153928,321.7810892153928,12084.05446076964,126,121,0,0.07590868399995543,23,7
27,weighted_adaptive,hash,False,10,10,3234.7416758525387,323.4741675852539,12073.708379262695,129,125,0,0.06432928199990329,23,7
28,adaptive1,hash,False,14,14,3809.008985828764,272.0720704163403,15130.04492914382,120,113,0,0.0754110769998988,26,7
28,adaptive2,hash,False,14,14,3772.7808965957347,269.4843497568382,13868.904482978673,155,154,0,0.13489766300006067,31,7
28,adaptive3,hash,False,14,14,3683.1871117279175,263.08479369485127,14200.935558639587,129,128,0,0.1034861489999912,25,7
28,v2,hash,False,14,14,3696.0438401561473,264.0031314397248,14060.219200780737,136,134,0,0.297035234999953,26,8
28,weighted0,hash,False,14,14,3777.280251159836,269.80573222570257,14901.401255799181,121,122,0,0.10464402799993877,26,7
28,weighted20,hash,False,14,14,3676.3818711083886,262.5987050791706,13866.909355541944,139,138,0,0.11903248999999505,28,8
28,weighted5,hash,False,14,14,3688.3770541309827,263.45550386649876,14016.885270654913,136,135,0,0.0947828580000305,27,7
28,weighted_adaptive,hash,False,14,14,3742.166110885304,267.2975793489503,13880.83055442652,150,146,0,0.12399079199997232,28,7
29,adaptive1,hash,False,16,16,3385.5146453377306,211.59466533360816,13037.573226688653,117,113,0,0.09781541099994229,26,6
29,adaptive2,hash,False,16,16,3377.489403640984,211.0930877275615,13022.44701820492,116,113,0,0.09968817000003583,26,6
29,adaptive3,hash,False,16,16,3388.4894036409846,211.78058772756154,13022.447018204923,118,114,0,0.09612730000003467,26,6
29,v2,hash,False,16,16,3431.2695505370516,214.45434690856573,13166.347752685258,120,118,0,0.23576792799997293,25,7
29,weighted0,hash,False,16,16,3346.520301092178,209.15751881826114,13012.60150546089,111,109,0,0.09529630399993039,27,6
29,weighted20,hash,False,16,16,3619.047242314149,226.19045264463432,13910.236211570746,126,127,0,0.13099407400000018,31,8
29,weighted5,hash,False,16,16,3369.982286113343,210.62389288208394,12984.911430566715,116,113,0,0.10187885100003768,27,6
29,weighted_adaptive,hash,False,16,16,3363.988200101034,210.24926250631464,12984.94100050517,115,112,0,0.09507844500001283,27,6
30,adaptive1,hash,False,10,10,3113.9232354627147,311.3923235462715,11424.616177313574,130,129,0,0.0728363260000151,23,7
30,adaptive2,hash,False,10,10,3191.5307604424283,319.1530760442428,11707.653802212142,134,130,0,0.05583342599993557,21,7
30,adaptive3,hash,False,10,10,3166.7507913324903,316.675079133249,11643.753956662451,132,128,0,0.05754704500009211,20,7
30,v2,hash,False,10,10,3250.957879754337,325.09578797543367,11624.789398771683,146,146,0,0.1299101370000244,19,8
30,weighted0,hash,False,10,10,3089.4754349872037,308.9475434987204,11427.377174936018,126,124,0,0.057344278000073245,21,7
30,weighted20,hash,False,10,10,3115.6415334174712,311.5641533417471,11123.207667087356,140,141,0,0.11513829000000442,20,8
30,weighted5,hash,False,10,10,3009.755324955614,300.9755324955614,11108.77662477807,123,123,0,0.07918618100006825,20,7
30,weighted_adaptive,hash,False,10,10,3189.3912637977505,318.9391263797751,11696.956318988752,134,130,0,0.05925910099995235,21,7
31,adaptive1,hash,False,13,13,3061.805175723379,235.52347505564452,11029.025878616894,132,131,0,0.12570230799997262,23,7
31,adaptive2,hash,False,13,13,3027.741126119865,232.9031635476819,10893.705630599325,131,129,0,0.09433683500003553,24,7
31,adaptive3,hash,False,13,13,2818.2568558111097,216.7889889085469,10046.28427905555,125,119,0,0.08159348399999544,22,7
31,v2,hash,False,13,13,2888.779286600678,222.21379127697523,9763.89643300339,146,141,0,0.19797156700008145,21,8
31,weighted0,hash,False,13,13,2980.5032427864803,229.26948021434464,10842.516213932402,125,122,0,0.09503425800005516,24,7
31,weighted20,hash,False,13,13,2885.8079773039694,221.98522902338226,9689.039886519848,148,143,0,0.08902841299993725,21,8
31,weighted5,hash,False,13,13,2819.103056616677,216.8540812782059,10020.515283083385,126,120,0,0.10954174400001193,24,7
31,weighted_adaptive,hash,False,13,13,3023.0682207455634,232.54370928812025,10900.341103727817,130,128,0,0.12174361099994258,24,7
32,adaptive1,hash,False,16,16,3548.534659066939,221.7834161916837,13762.673295334696,120,116,0,0.08877284200002578,27,7
32,adaptive2,hash,False,16,16,3545.4171107776788,221.58856942360492,13627.085553888393,124,120,0,0.1015635649999922,28,7
32,adaptive3,hash,False,16,16,3483.923413392038,217.74521333700238,13454.61706696019,119,118,0,0.10100048300000708,28,7
32,v2,hash,False,16,16,3539.273213081807,221.20457581761295,13071.366065409036,141,140,0,0.30214334300001155,27,7
32,weighted0,hash,False,16,16,3580.551755104355,223.78448469402218,13917.758775521774,120,117,0,0.1002154770000061,28,7
32,weighted20,hash,False,16,16,3626.414005837707,226.6508753648567,13387.070029188535,145,144,0,0.13343353999994179,28,7
32,weighted5,hash,False,16,16,3539.5329298241695,221.2208081140106,13687.664649120848,121,117,0,0.09376753399999416,27,7
32,weighted_adaptive,hash,False,16,16,3539.5329298241695,221.2208081140106,13687.664649120848,121,117,0,0.09354186400003073,27,7
33,adaptive1,hash,False,16,16,3128.32778722443,195.52048670152686,11431.638936122148,127,127,0,0.09840861700001824,25,6
33,adaptive2,hash,False,16,16,3141.5223924547695,196.3451495284231,11397.611962273848,131,127,0,0.09910337700000582,28,6
33,adaptive3,hash,False,16,16,3167.5705723104743,197.97316076940464,11337.852861552372,137,135,0,0.105202362,28,6
33,v2,hash,False,16,16,3169.755722446537,198.10973265290858,11438.778612232685,134,132,0,0.24583198599998468,26,7
33,weighted0,hash,False,16,16,3164.244911530102,197.76530697063137,11691.22455765051,124,126,0,0.10516059900010077,27,6
33,weighted20,hash,False,16,16,3143.0766097238934,196.44228810774334,11300.383048619467,134,133,0,0.11665232300003936,27,7
33,weighted5,hash,False,16,16,3193.244911530102,199.57780697063137,11691.22455765051,129,130,0,0.10015955300002588,27,6
33,weighted_adaptive,hash,False,16,16,3157.570503457134,197.34815646607086,11387.85251728567,134,130,0,0.1085139159999926,29,6
34,adaptive1,hash,False,10,10,2900.554713007958,290.05547130079583,10512.77356503979,125,123,0,0.0700225739999496,21,7
34,adaptive2,hash,False,10,10,2924.554713007958,292.4554713007958,10512.77356503979,129,127,0,0.06943877200001225,21,7
34,adaptive3,hash,False,10,10,2919.3443900276634,291.93443900276634,10511.721950138317,128,127,0,0.07017419499993593,21,7
34,v2,hash,False,10,10,2943.801117084753,294.3801117084753,10564.005585423765,130,131,0,0.1532197770000039,19,8
34,weighted0,hash,False,10,10,2863.8549218596236,286.38549218596233,10469.274609298118,120,120,0,0.07098585000005642,21,7
34,weighted20,hash,False,10,10,2957.4648163800266,295.74648163800265,10417.324081900133,137,139,0,0.08328644699997767,21,8
34,weighted5,hash,False,10,10,2896.1733643571342,289.6173364357134,10460.866821785672,126,124,0,0.06904051100002562,21,7
34,weighted_adaptive,hash,False,10,10,2914.1733643571342,291.4173364357134,10460.866821785672,129,127,0,0.06808536799997,21,7
35,adaptive1,hash,False,10,10,3020.674941958607,302.0674941958607,10628.374709793035,141,140,0,0.07235817499997665,21,7
35,adaptive2,hash,False,10,10,2974.996543727818,297.4996543727818,10664.98271863909,132,132,0,0.062381349000020236,21,7
35,adaptive3,hash,False,10,10,3009.996543727818,300.9996543727818,10664.98271863909,138,137,0,0.06422928100005265,21,7
35,v2,hash,False,10,10,3009.9926121797694,300.99926121797694,10244.963060898846,152,151,0,0.22478642499993384,21,8
35,weighted0,hash,False,10,10,2961.9727865810537,296.19727865810535,11149.863932905268,114,112,0,0.06091104700010419,21,7
35,weighted20,hash,False,10,10,3003.0947461479327,300.30947461479326,10320.473730739663,148,149,0,0.09901207899997644,21,8
35,weighted5,hash,False,10,10,2992.260973978471,299.2260973978471,10696.304869892356,134,133,0,0.06156729899998936,21,7
35,weighted_adaptive,hash,False,10,10,2987.260973978471,298.7260973978471,10696.304869892356,133,133,0,0.06364597999993293,21,7
36,adaptive1,hash,False,12,12,3004.0832359851715,250.34026966543095,10585.416179925858,138,137,0,0.0752357019999863,22,7
36,adaptive2,hash,False,12,12,3012.1116338498587,251.00930282082155,10570.558169249292,140,138,0,0.07864214899996114,22,7
36,adaptive3,hash,False,12,12,2893.892930918691,241.15774424322424,10029.464654593456,138,138,0,0.09120025499998974,20,7
36,v2,hash,False,12,12,2951.130326435069,245.92752720292242,10295.651632175344,138,142,0,0.22167908999995234,21,8
36,weighted0,hash,False,12,12,2963.413881971706,246.9511568309755,10552.06940985853,132,133,0,0.07600514600005681,22,7
36,weighted20,hash,False,12,12,2785.620252512742,232.13502104272848,9483.101262563709,138,139,0,0.10065402999998696,22,8
36,weighted5,hash,False,12,12,2992.413881971706,249.36782349764215,10552.06940985853,137,137,0,0.07506620599997404,22,7
36,weighted_adaptive,hash,False,12,12,2979.4696952278646,248.28914126898871,10522.348476139323,136,135,0,0.07665565699994659,21,7
37,adaptive1,hash,False,11,11,3189.1275637126546,289.9206876102413,11900.637818563273,126,124,0,0.07292319900000166,25,7
37,adaptive2,hash,False,11,11,3301.1375334538598,300.10341213216907,12355.687667269298,130,125,0,0.0811812160000045,25,7
37,adaptive3,hash,False,11,11,3196.3865507412256,290.5805955219296,11936.932753706127,126,124,0,0.07959512900004029,24,7
37,v2,hash,False,11,11,3238.7364332228717,294.4305848384429,11818.682166114359,136,140,0,0.22827035999989675,23,8
37,weighted0,hash,False,11,11,3167.778370800371,287.9798518909428,11933.891854001853,121,121,0,0.0695536959999572,24,7
37,weighted20,hash,False,11,11,3287.364555954179,298.85132326856177,11946.822779770895,140,143,0,0.11103939199995239,24,8
37,weighted5,hash,False,11,11,3193.637800354947,290.33070912317703,11893.189001774736,127,125,0,0.07072235200007526,25,7
37,weighted_adaptive,hash,False,11,11,3291.090060826631,299.19000552969374,12355.450304133155,128,125,0,0.07784765000008065,23,7
38,adaptive1,hash,False,11,11,2582.228181373433,234.7480164884939,8676.140906867166,132,132,0,0.06842473100005009,20,7
38,adaptive2,hash,False,11,11,2741.9354754857764,249.26686140779785,9684.677377428881,125,125,0,0.07965497000009236,21,7
38,adaptive3,hash,False,11,11,2704.5471738210204,245.86792489282004,9652.735869105101,121,114,0,0.07000790299991877,20,7
38,v2,hash,False,11,11,2593.249796550273,235.7499815045703,8771.248982751365,131,129,0,0.16077858799997102,19,8
38,weighted0,hash,False,11,11,2579.373134839262,234.48846680356928,8726.86567419631,130,129,0,0.06724775199995747,22,7
38,weighted20,hash,False,11,11,2583.9888437714667,234.90807670649698,8784.944218857334,129,127,0,0.07902383699990878,20,8
38,weighted5,hash,False,11,11,2697.080669365768,245.18915176052434,9615.403346828838,121,114,0,0.06910835400003634,20,7
38,weighted_adaptive,hash,False,11,11,2726.687640594043,247.88069459945845,9643.438202970216,124,123,0,0.08205413500002123,21,7
39,adaptive1,hash,False,16,16,3608.04146361189,225.50259147574312,14260.207318059449,113,111,0,0.10562184599996272,30,6
39,adaptive2,hash,False,16,16,3466.037914314272,216.627369644642,13465.189571571358,116,113,0,0.1074652720000131,27,6
39,adaptive3,hash,False,16,16,3473.2483542262808,217.07802213914255,13496.241771131403,116,114,0,0.105015289999983,27,6
39,v2,hash,False,16,16,3173.9952534483723,198.37470334052327,12279.976267241862,106,108,0,0.2732519930000308,23,5
39,weighted0,hash,False,16,16,3332.7647619263616,208.2977976203976,12818.823809631807,114,119,0,0.08853995499998746,26,6
39,weighted20,hash,False,16,16,3097.592574524299,193.59953590776868,11657.962872621494,114,116,0,0.12170538899999883,24,5
39,weighted5,hash,False,16,16,3472.8955420015022,217.0559713750939,13549.477710007512,114,113,0,0.10310069700005897,26,6
39,weighted_adaptive,hash,False,16,16,3456.449266523397,216.0280791577123,13472.246332616985,114,112,0,0.10320632700006627,27,6
40,adaptive1,hash,False,13,13,2497.8973314893965,192.14594857610743,8664.486657446983,117,115,0,0.06783562100008567,22,7
40,adaptive2,hash,False,13,13,2477.5386261095146,190.5798943161165,8432.693130547572,121,121,0,0.0645576770000389,21,7
40,adaptive3,hash,False,13,13,2562.997407201362,197.15364670779707,8914.98703600681,119,120,0,0.07378158500000609,23,7
40,v2,hash,False,13,13,2695.825130312013,207.37116387015482,8794.125651560063,145,147,0,0.21006393899995146,21,8
40,weighted0,hash,False,13,13,2486.7565347173636,191.28896420902797,8668.782673586818,115,113,0,0.06661388400004853,22,7
40,weighted20,hash,False,13,13,2602.3534690502142,200.1810360807857,8191.767345251072,149,154,0,0.10775326700002097,21,8
40,weighted5,hash,False,13,13,2509.4643943369606,193.03572264130466,8662.321971684803,119,117,0,0.06297182200000861,21,7
40,weighted_adaptive,hash,False,13,13,2474.047810906949,190.3113700697653,8415.239054534744,121,121,0,0.0633736880000697,21,7
41,adaptive1,hash,False,14,14,3062.1862438864396,218.7275888490314,11025.931219432197,131,132,0,0.10038576500005547,23,7
41,adaptive2,hash,False,14,14,3317.6797182114105,236.97712272938648,12143.398591057054,137,134,0,0.10790015800000674,25,7
41,adaptive3,hash,False,14,14,3266.975686899847,233.35540620713192,12134.878434499235,129,125,0,0.10989473300003283,25,7
41,v2,hash,False,14,14,3091.6526438814785,220.83233170581988,10903.263219407392,140,141,0,0.2428433300000279,24,8
41,weighted0,hash,False,14,14,3158.2452188835764,225.58894420596974,11976.226094417882,115,118,0,0.09107224199999564,25,7
41,weighted20,hash,False,14,14,3040.875401056658,217.2053857897613,10614.377005283292,141,143,0,0.1186652150000782,24,8
41,weighted5,hash,False,14,14,3071.8052473372377,219.41466052408842,11014.026236686188,133,134,0,0.10146925200001533,24,7
41,weighted_adaptive,hash,False,14,14,3321.7646229175402,237.26890163696717,12163.823114587702,137,134,0,0.10846629399998164,25,7
42,adaptive1,hash,False,10,10,3079.3600652898213,307.93600652898215,11356.800326449107,127,123,0,0.0671290840000438,23,7
42,adaptive2,hash,False,10,10,3056.244735977045,305.6244735977045,11146.223679885225,130,127,0,0.05925821000005271,21,7
42,adaptive3,hash,False,10,10,3068.2447359770445,306.82447359770447,11146.223679885223,132,129,0,0.05870456299999205,21,7
42,v2,hash,False,10,10,3095.192655355483,309.5192655355483,11040.963276777416,140,137,0,0.15243794599996363,21,8
42,weighted0,hash,False,10,10,3086.8952451721584,308.68952451721583,11534.476225860792,122,120,0,0.06708313399997223,22,7
42,weighted20,hash,False,10,10,3111.292753919115,311.1292753919115,11031.463769595575,143,140,0,0.06626142200002505,20,8
42,weighted5,hash,False,10,10,3115.895245172159,311.58952451721586,11534.476225860795,127,124,0,0.06482090499991955,22,7
42,weighted_adaptive,hash,False,10,10,3083.9243050317496,308.392430503175,11309.621525158747,129,127,0,0.056302132999917376,20,7
43,adaptive1,hash,False,13,13,2800.2851431068857,215.40654946976045,10136.42571553443,118,118,0,0.07050506400003087,22,7
43,adaptive2,hash,False,13,13,2800.8628940154863,215.4509918473451,10079.314470077432,120,120,0,0.08783921700000974,22,7
43,adaptive3,hash,False,13,13,2826.9139903996447,217.45492233843422,10249.569951998224,118,122,0,0.09128402199996799,22,7
43,v2,hash,False,13,13,2782.5387092914248,214.04143917626345,9477.693546457123,137,137,0,0.28842516499992144,21,8
43,weighted0,hash,False,13,13,2749.0922855167196,211.46863734743997,10250.461427583597,105,109,0,0.06234286099993369,22,7
43,weighted20,hash,False,13,13,2836.684867555062,218.2065282734663,9628.424337775308,141,141,0,0.12295166100000188,23,8
43,weighted5,hash,False,13,13,2801.594840338734,215.50729541067182,10082.974201693669,120,120,0,0.08640810400004284,22,7
43,weighted_adaptive,hash,False,13,13,2801.594840338734,215.50729541067182,10082.974201693669,120,120,0,0.08914123399995333,22,7
44,adaptive1,hash,False,14,14,2931.69236775658,209.4065976968986,10643.461838782901,122,123,0,0.08345190700003968,25,7
44,adaptive2,hash,False,14,14,3028.593024239194,216.32807315994245,11222.96512119597,119,119,0,0.08264890399993874,26,7
44,adaptive3,hash,False,14,14,2993.1001408192988,213.79286720137847,10955.500704096494,122,122,0,0.09524485600002208,25,7
44,v2,hash,False,14,14,3085.8642176280464,220.4188726877176,10719.321088140232,145,147,0,0.2654112200000327,24,8
44,weighted0,hash,False,14,14,2923.022630529039,208.7873307520742,10735.113152645195,118,116,0,0.11347326999998586,24,7
44,weighted20,hash,False,14,14,3069.9088936646303,219.27920669033074,10414.544468323153,153,152,0,0.15625282100006643,26,8
44,weighted5,hash,False,14,14,3079.8396417496892,219.9885458392635,11449.198208748447,120,120,0,0.082337923999944,26,7
44,weighted_adaptive,hash,False,14,14,3079.8396417496892,219.9885458392635,11449.198208748447,120,120,0,0.08529028500004188,26,7
45,adaptive1,hash,False,16,16,3402.6300543358743,212.66437839599214,13183.150271679371,114,116,0,0.12167250799996054,27,6
45,adaptive2,hash,False,16,16,3467.9958919711444,216.74974324819652,13674.979459855722,109,108,0,0.12544772399996873,27,5
45,adaptive3,hash,False,16,16,3537.1168492327583,221.0698030770474,14115.584246163791,105,109,0,0.10554129499996634,25,6
45,v2,hash,False,16,16,3421.14101258435,213.82131328652187,13040.70506292175,122,123,0,0.41799835200004054,26,6
45,weighted0,hash,False,16,16,3373.297120059286,210.83107000370538,13246.48560029643,107,109,0,0.13883194699997148,24,6
45,weighted20,hash,False,16,16,3563.0368673148596,222.68980420717872,13645.184336574297,125,129,0,0.12528120200011017,25,7
45,weighted5,hash,False,16,16,3473.695224133862,217.1059515083664,13678.476120669311,110,108,0,0.11729343299998618,27,5
45,weighted_adaptive,hash,False,16,16,3473.695224133862,217.1059515083664,13678.476120669311,110,108,0,0.11650519099998746,27,5
46,adaptive1,hash,False,13,13,3226.8092194664114,248.21609380510856,12119.046097332057,124,118,0,0.1132606639999949,25,7
46,adaptive2,hash,False,13,13,3261.6466128817547,250.89589329859652,12243.233064408772,125,123,0,0.10523409000006723,24,7
46,adaptive3,hash,False,13,13,3158.7046368100573,242.9772797546198,11533.523184050287,132,127,0,0.11202559200000906,24,7
46,v2,hash,False,13,13,3340.5372452580755,256.96440348139043,12177.686226290378,140,140,0,0.3497669229999474,24,8
46,weighted0,hash,False,13,13,3338.796787941176,256.8305221493212,12593.983939705879,126,125,0,0.14259569399996508,25,7
46,weighted20,hash,False,13,13,3314.941060556289,254.9954661966376,12019.705302781444,141,141,0,0.1586427920000233,24,8
46,weighted5,hash,False,13,13,3255.01272940894,250.38559456991845,12190.063647044699,126,122,0,0.12086983599999712,24,7
46,weighted_adaptive,hash,False,13,13,3244.6033987908254,249.58487683006348,12168.016993954127,125,121,0,0.11213938399998824,25,7
47,adaptive1,hash,False,10,10,3120.1295365388423,312.0129536538842,11660.64768269421,124,118,0,0.07384805499998492,21,7
47,adaptive2,hash,False,10,10,3144.1295365388423,314.41295365388424,11660.64768269421,128,122,0,0.055076590999988184,21,7
47,adaptive3,hash,False,10,10,3156.1295365388423,315.61295365388423,11660.64768269421,130,124,0,0.054820243999984086,21,7
47,v2,hash,False,10,10,3181.2846887715596,318.12846887715597,11351.423443857799,144,141,0,0.2533027439999387,20,8
47,weighted0,hash,False,10,10,3116.8550901865246,311.68550901865245,11709.275450932624,122,115,0,0.07863801300004525,23,7
47,weighted20,hash,False,10,10,3199.8491521161354,319.98491521161355,11484.245760580678,143,138,0,0.13132868999991842,20,8
47,weighted5,hash,False,10,10,3145.8550901865246,314.5855090186525,11709.275450932624,127,119,0,0.0796177429999716,23,7
47,weighted_adaptive,hash,False,10,10,3163.855090186524,316.38550901865244,11709.27545093262,130,122,0,0.13731732899998406,23,7
48,adaptive1,hash,False,10,10,2969.4229345534036,296.94229345534035,11062.114672767018,119,112,0,0.2117401319999317,24,7
48,adaptive2,hash,False,10,10,2970.6048990702643,297.0604899070264,11023.024495351321,120,116,0,0.1639424700000518,24,7
48,adaptive3,hash,False,10,10,2994.6048990702648,299.4604899070265,11023.024495351325,124,120,0,0.1974349770000572,24,7
48,v2,hash,False,10,10,3048.0122287121867,304.80122287121867,10830.061143560933,139,137,0,0.2545628499999566,21,8
48,weighted0,hash,False,10,10,2903.3739228030636,290.33739228030635,10551.869614015319,124,123,0,0.16976831199997378,21,7
48,weighted20,hash,False,10,10,2986.821014967264,298.68210149672643,10339.105074836321,145,144,0,0.22873444599997583,20,8
48,weighted5,hash,False,10,10,2990.6855499105104,299.06855499105103,11098.427749552553,121,116,0,0.10201999200000955,24,7
48,weighted_adaptive,hash,False,10,10,2970.2932175855844,297.02932175855847,11076.466087927922,118,115,0,0.1894772829999738,24,7
49,adaptive1,hash,False,10,10,3053.6517522868235,305.36517522868235,11158.258761434117,129,127,0,0.1870758150000711,20,7
49,adaptive2,hash,False,10,10,3048.118976343545,304.8118976343545,11170.594881717725,128,124,0,0.15391690199999175,20,7
49,adaptive3,hash,False,10,10,3074.6639197392124,307.46639197392125,11153.319598696062,133,129,0,0.201074497000036,19,7
49,v2,hash,False,10,10,3144.011972981281,314.40119729812807,11520.059864906405,132,130,0,0.2522413909999841,19,8
49,weighted0,hash,False,10,10,3242.2319682454267,324.2231968245427,12376.159841227134,120,117,0,0.16670590399996854,21,7
49,weighted20,hash,False,10,10,3182.5697769796043,318.25697769796045,11537.848884898021,138,135,0,0.22760615499998949,21,8
49,weighted5,hash,False,10,10,3053.118976343545,305.3118976343545,11170.594881717725,129,124,0,0.08540878300004806,20,7
49,weighted_adaptive,hash,False,10,10,3048.118976343545,304.8118976343545,11170.594881717725,128,124,0,0.11001880000003439,20,7
50,adaptive1,hash,False,15,15,3402.761821369097,226.85078809127313,12743.809106845485,130,129,0,0.24587450100000297,28,7
50,adaptive2,hash,False,15,15,3520.7990040387176,234.71993360258116,13433.995020193588,126,129,0,0.15336304300001302,27,7
50,adaptive3,hash,False,15,15,3237.6922440352364,215.8461496023491,12088.461220176181,125,120,0,0.22979090700005145,25,7
50,v2,hash,False,15,15,3509.794791703857,233.9863194469238,13148.973958519284,134,135,0,0.7003360239999665,26,8
50,weighted0,hash,False,15,15,3324.7174530081893,221.64783020054594,12783.587265040946,116,113,0,0.11538638100000753,25,7
50,weighted20,hash,False,15,15,3318.602218006226,221.24014786708173,12143.01109003113,136,135,0,0.1337778409999828,26,8
50,weighted5,hash,False,15,15,3369.9405343561302,224.66270229040867,12589.702671780651,130,127,0,0.25941484999998465,28,7
50,weighted_adaptive,hash,False,15,15,3473.1237574570882,231.54158383047255,13335.61878728544,122,121,0,0.25886353699991105,26,7
51,adaptive1,hash,False,12,12,2785.7719491606613,232.1476624300551,9858.859745803305,126,124,0,0.20239142600007654,24,7
51,adaptive2,hash,False,12,12,2741.8300480277894,228.4858373356491,9514.150240138948,130,129,0,0.2260827600000539,23,7
51,adaptive3,hash,False,12,12,2779.6572326751398,231.63810272292832,9513.286163375698,136,137,0,0.2605529589999378,23,7
51,v2,hash,False,12,12,2850.4382957875546,237.53652464896288,9797.191478937773,138,141,0,0.3060493849999375,22,8
51,weighted0,hash,False,12,12,2935.536354311981,244.62802952599841,10482.681771559906,130,129,0,0.2045316809999349,24,7
51,weighted20,hash,False,12,12,2765.443184859994,230.45359873833283,9457.21592429997,135,139,0,0.2879448850000017,21,8
51,weighted5,hash,False,12,12,2777.218883385303,231.43490694877525,9686.094416926515,130,130,0,0.13310848500009342,23,7
51,weighted_adaptive,hash,False,12,12,2777.218883385303,231.43490694877525,9686.094416926515,130,130,0,0.11617645400008314,23,7
52,adaptive1,hash,False,16,16,3179.0007225091313,198.6875451568207,11645.003612545657,128,130,0,0.2933846399999993,27,5
52,adaptive2,hash,False,16,16,3045.894228720479,190.36838929502994,11504.471143602395,111,110,0,0.12877578199993422,27,6
52,adaptive3,hash,False,16,16,3081.999612370687,192.62497577316793,11709.998061853434,110,110,0,0.26568715799999154,25,6
52,v2,hash,False,16,16,3179.027489801054,198.68921811256587,11600.13744900527,130,129,0,0.7227301169999691,23,7
52,weighted0,hash,False,16,16,3077.7496145444456,192.35935090902785,11533.748072722228,115,116,0,0.11505980799995541,25,5
52,weighted20,hash,False,16,16,3068.740304638927,191.79626903993292,11283.701523194633,122,122,0,0.16837539799996648,25,7
52,weighted5,hash,False,16,16,3089.9156795902177,193.1197299743886,11744.578397951089,110,111,0,0.24978162399997927,25,6
52,weighted_adaptive,hash,False,16,16,3073.285584581378,192.08034903633612,11766.427922906889,107,105,0,0.23923801199998707,25,6
53,adaptive1,hash,False,15,15,3167.0558511557683,211.1370567437179,12130.279255778842,111,111,0,0.32728586400003223,27,7
53,adaptive2,hash,False,15,15,3140.284643733887,209.35230958225915,12116.423218669435,107,107,0,0.2986023850000947,27,7
53,adaptive3,hash,False,15,15,3152.284643733887,210.15230958225914,12116.423218669435,109,109,0,0.29706852599997546,27,7
53,v2,hash,False,15,15,3161.8082926585503,210.78721951057003,11599.041463292751,128,127,0,0.4020066589999942,23,8
53,weighted0,hash,False,15,15,3148.3969808738484,209.89313205825655,11696.984904369243,122,124,0,0.24259630799997467,26,7
53,weighted20,hash,False,15,15,3186.056694489373,212.40377963262486,11650.283472446865,130,131,0,0.29612464000001637,24,8
53,weighted5,hash,False,15,15,3105.3171617070375,207.0211441138025,11876.585808535187,109,110,0,0.12597373799997058,25,7
53,weighted_adaptive,hash,False,15,15,3060.8949699176933,204.05966466117954,11869.474849588467,102,102,0,0.2636860089999118,25,7
54,adaptive1,hash,False,12,12,2952.8121340437633,246.06767783698027,11134.060670218816,112,106,0,0.1894614499999534,24,7
54,adaptive2,hash,False,12,12,2977.736648397934,248.14472069982784,11128.68324198967,116,112,0,0.21417800599999737,24,7
54,adaptive3,hash,False,12,12,3084.4370290652496,257.0364190887708,11682.185145326248,115,113,0,0.2231858679999732,25,7
54,v2,hash,False,12,12,2867.029578548133,238.91913154567774,10335.147892740664,123,125,0,0.299265756000068,23,8
54,weighted0,hash,False,12,12,2855.792040712596,237.98267005938303,10543.960203562981,115,112,0,0.19096943799991095,23,7
54,weighted20,hash,False,12,12,2902.378405116915,241.86486709307624,10476.892025584575,124,127,0,0.13734068399992339,24,8
54,weighted5,hash,False,12,12,3120.3299228546543,260.0274935712212,11856.649614273272,115,114,0,0.10461565599996447,24,7
54,weighted_adaptive,hash,False,12,12,2976.966648104304,248.08055400869202,11124.83324052152,116,112,0,0.20731642800001282,24,7
55,adaptive1,hash,False,16,16,3020.861301613363,188.8038313508352,11709.306508066815,100,99,0,0.2103965229999858,26,5
55,adaptive2,hash,False,16,16,3065.9072349088956,191.61920218180597,11604.536174544477,111,110,0,0.11911529500002871,26,5
55,adaptive3,hash,False,16,16,3055.6794518846336,190.9799657427896,11583.397259423167,110,109,0,0.12880139100002452,26,5
55,v2,hash,False,16,16,3085.693689316231,192.85585558226444,11993.468446581155,101,102,0,0.8699622090000503,24,4
55,weighted0,hash,False,16,16,3003.151786396371,187.69698664977318,11210.758931981854,114,111,0,0.2644363590000012,26,6
55,weighted20,hash,False,16,16,2969.553453105117,185.59709081906982,11412.767265525586,101,102,0,0.19412464200001978,23,4
55,weighted5,hash,False,16,16,2983.940081509938,186.49625509437112,11419.70040754969,103,105,0,0.22774514799993995,26,5
55,weighted_adaptive,hash,False,16,16,3047.2261717926685,190.45163573704178,11551.130858963343,109,112,0,0.2504334389999485,27,5
56,adaptive1,hash,False,12,12,3310.799994631605,275.89999955263374,12593.999973158025,123,117,0,0.10092646100008551,26,7
56,adaptive2,hash,False,12,12,3218.1197604349136,268.17664670290947,12065.598802174569,125,120,0,0.09686889099998552,25,7
56,adaptive3,hash,False,12,12,3243.1197604349136,270.2599800362428,12065.598802174569,129,125,0,0.1013341580000997,25,7
56,v2,hash,False,12,12,3290.0928021028253,274.17440017523546,12025.464010514126,138,135,0,0.5275075069999957,22,8
56,weighted0,hash,False,12,12,3223.0122515999024,268.58435429999184,12320.061257999512,117,114,0,0.18895587600002273,23,7
56,weighted20,hash,False,12,12,3236.0242213520664,269.6686851126722,11725.121106760333,139,136,0,0.19965617400009705,23,8
56,weighted5,hash,False,12,12,3308.1120908776766,275.6760075731397,12575.560454388384,123,118,0,0.09400027599997429,27,7
56,weighted_adaptive,hash,False,12,12,3208.6852173258153,267.39043477715126,12048.426086629077,124,119,0,0.09442257399996379,25,7
57,adaptive1,hash,False,10,10,2936.2406878159013,293.62406878159015,10451.203439079507,134,126,0,0.08674837800003843,20,7
57,adaptive2,hash,False,10,10,3071.6752272090953,307.1675227209095,11223.376136045477,130,127,0,0.15398916999993162,20,7
57,adaptive3,hash,False,10,10,3083.6752272090953,308.3675227209095,11223.376136045477,132,129,0,0.13460940699997082,20,7
57,v2,hash,False,10,10,3248.0750672646527,324.80750672646525,11780.375336323263,141,137,0,0.39118660000008276,19,8
57,weighted0,hash,False,10,10,2909.420215048888,290.9420215048888,10432.101075244442,130,123,0,0.08463579600004323,20,7
57,weighted20,hash,False,10,10,3154.123303848443,315.41233038484427,11280.616519242214,142,138,0,0.10847473700005139,19,8
57,weighted5,hash,False,10,10,2938.420215048888,293.8420215048888,10432.10107524444,135,127,0,0.13821363299996392,20,7
57,weighted_adaptive,hash,False,10,10,3082.1233038484424,308.2123303848442,11280.616519242212,130,126,0,0.15825945300002786,19,7
58,adaptive1,hash,False,13,13,3073.9185024749563,236.4552694211505,11459.592512374782,120,117,0,0.18763460399998166,21,7
58,adaptive2,hash,False,13,13,3078.1938281296843,236.78414062536032,11450.969140648422,121,118,0,0.19455545200003144,21,7
58,adaptive3,hash,False,13,13,3061.5780049915347,235.50600038396422,11452.890024957675,118,116,0,0.16805470399992828,21,7
58,v2,hash,False,13,13,3034.0456469821193,233.38812669093224,10715.228234910597,137,141,0,0.32407691600008093,23,8
58,weighted0,hash,False,13,13,3095.927212492008,238.14824711476984,11469.63606246004,123,122,0,0.22534983800005648,23,7
58,weighted20,hash,False,13,13,2989.2521113532775,229.94247010409828,10356.260556766387,142,143,0,0.42848539899989646,24,8
58,weighted5,hash,False,13,13,3152.8398939935064,242.52614569180818,11739.199469967532,124,120,0,0.2817077900000413,21,7
58,weighted_adaptive,hash,False,13,13,3144.580392108529,241.89079939296377,11787.901960542646,121,117,0,0.09029159199997139,20,7
59,adaptive1,hash,False,15,15,3570.0501132752765,238.00334088501845,13505.250566376382,132,134,0,0.30211581300000034,26,7
59,adaptive2,hash,False,15,15,3538.1732561300605,235.87821707533737,13490.866280650302,127,130,0,0.36694237699998666,26,7
59,adaptive3,hash,False,15,15,3507.10215243815,233.80681016254331,13475.51076219075,122,127,0,0.45999333400004616,26,7
59,v2,hash,False,15,15,3695.7426294569777,246.3828419637985,13683.713147284889,147,149,0,0.33644473399999697,26,8
59,weighted0,hash,False,15,15,3581.9605612515443,238.79737075010294,13739.802806257721,126,129,0,0.2856493420000561,27,7
59,weighted20,hash,False,15,15,3637.7861533580317,242.51907689053544,13378.930766790158,147,152,0,0.48327421699991646,27,8
59,weighted5,hash,False,15,15,3497.276221930778,233.15174812871854,13441.381109653888,122,124,0,0.16031766300000072,27,7
59,weighted_adaptive,hash,False,15,15,3520.896432670582,234.72642884470545,13424.48216335291,126,131,0,0.17801221400009126,27,7
60,adaptive1,hash,False,11,11,3290.434499543829,299.13040904943904,12472.172497719146,124,121,0,0.13354538900000534,23,7
60,adaptive2,hash,False,11,11,3144.9025334208545,285.9002303109868,11504.512667104273,132,129,0,0.24070521900000585,21,7
60,adaptive3,hash,False,11,11,3179.9025334208545,289.082048492805,11504.512667104273,138,134,0,0.0954776490000313,21,7
60,v2,hash,False,11,11,3165.3532709855644,287.75938827141493,11501.766354927822,135,135,0,0.39550093499997274,19,8
60,weighted0,hash,False,11,11,3276.9211881078213,297.90192619162013,12464.605940539106,122,119,0,0.10229370699994433,22,7
60,weighted20,hash,False,11,11,3178.3417714523457,288.94016104112234,11591.708857261729,134,135,0,0.1921637229999078,22,8
60,weighted5,hash,False,11,11,3108.5964478453216,282.5996770768474,11437.982239226609,128,126,0,0.1957721160000574,20,7
60,weighted_adaptive,hash,False,11,11,3103.5964478453216,282.14513162230196,11437.982239226609,127,126,0,0.16923991999999544,20,7
61,adaptive1,hash,False,12,12,3012.2181569889995,251.0181797490833,11201.090784944998,119,117,0,0.24449715900004776,21,7
61,adaptive2,hash,False,12,12,2988.4240707570825,249.0353392297569,10937.120353785413,124,121,0,0.22097860200005925,23,7
61,adaptive3,hash,False,12,12,2947.1376148715194,245.59480123929328,10795.688074357597,122,118,0,0.23817885699997987,22,7
61,v2,hash,False,12,12,3028.934642827905,252.41122023565876,10854.673214139526,133,133,0,0.2967021220000561,21,8
61,weighted0,hash,False,12,12,2919.703393917008,243.30861615975064,10688.51696958504,120,122,0,0.09650027399993633,22,7
61,weighted20,hash,False,12,12,3018.67034117667,251.5558617647225,10848.35170588335,132,129,0,0.22403597300001366,23,8
61,weighted5,hash,False,12,12,2999.062687087021,249.9218905905851,10955.313435435104,125,123,0,0.2409555530000489,23,7
61,weighted_adaptive,hash,False,12,12,2992.062687087021,249.33855725725175,10955.313435435104,124,121,0,0.10849296499998218,23,7
62,adaptive1,hash,False,13,13,3098.257702187423,238.3275155528787,11181.288510937116,134,127,0,0.10016282800006593,23,7
62,adaptive2,hash,False,13,13,3208.9229134028155,246.84022410790888,11754.614567014078,133,128,0,0.1046621860000414,25,7
62,adaptive3,hash,False,13,13,3253.400786631083,250.26159897162177,11782.003933155416,139,137,0,0.21971084799997698,23,7
62,v2,hash,False,13,13,3141.44719293302,241.64978407177074,11122.235964665098,142,142,0,0.5394570399998884,22,8
62,weighted0,hash,False,13,13,3114.904595532077,239.60804581015978,11384.522977660386,129,128,0,0.17421189699996376,24,7
62,weighted20,hash,False,13,13,3196.31946209069,245.87072785313,11176.597310453451,149,151,0,0.14196702499998537,22,8
62,weighted5,hash,False,13,13,3108.789720545474,239.13767081119033,11168.94860272737,136,130,0,0.09728441799995835,23,7
62,weighted_adaptive,hash,False,13,13,3192.480442126928,245.57541862514833,11702.40221063464,132,127,0,0.2367221109999491,25,7
63,adaptive1,hash,False,13,13,2993.12350396142,230.24026953549384,11015.6175198071,121,120,0,0.19608454800004438,22,7
63,adaptive2,hash,False,13,13,3106.278780477386,238.94452157518356,11186.393902386932,134,134,0,0.10445304099994246,22,7
63,adaptive3,hash,False,13,13,3163.2077461548806,243.32367278114467,11236.038730774404,142,141,0,0.12132809800004907,24,7
63,v2,hash,False,13,13,3177.466058663288,244.42046605102217,11272.330293316441,143,143,0,0.5448818250000613,23,8
63,weighted0,hash,False,13,13,2954.2832593851026,227.25255841423865,11026.416296925512,114,114,0,0.2099347650000709,22,7
63,weighted20,hash,False,13,13,3179.401373442733,244.56933641867178,11212.006867213666,145,147,0,0.12362447900000006,24,8
63,weighted5,hash,False,13,13,3008.6072978205893,231.4313306015838,11093.036489102946,121,120,0,0.20716286599997602,22,7
63,weighted_adaptive,hash,False,13,13,3082.768158832412,237.13601221787786,11123.84079416206,132,133,0,0.2080144130000008,22,7
64,adaptive1,hash,False,13,13,2942.968429454174,226.3821868810903,11019.84214727087,113,109,0,0.22870581800009404,22,7
64,adaptive2,hash,False,13,13,2870.5126049979403,220.80866192291847,10457.563024989702,119,119,0,0.23913159699998232,23,7
64,adaptive3,hash,False,13,13,2933.813579931739,225.67796768705682,10609.067899658694,124,127,0,0.18924744599996757,23,7
64,v2,hash,False,13,13,3042.9200337933426,234.07077183025712,10914.600168966712,132,135,0,0.31217560300001423,23,8
64,weighted0,hash,False,13,13,2938.498673488116,226.03835949908583,10992.493367440578,113,110,0,0.20689487200002077,22,7
64,weighted20,hash,False,13,13,2974.877183436959,228.8367064182276,10734.385917184796,127,128,0,0.2560629259999132,24,8
64,weighted5,hash,False,13,13,2950.6459894619666,226.97276842015128,10963.229947309832,116,113,0,0.07864746899997499,23,7
64,weighted_adaptive,hash,False,13,13,2925.8519758718066,225.0655366055236,10704.259879359033,120,120,0,0.21482660599997416,24,7
65,adaptive1,hash,False,11,11,3129.262763888264,284.4784330807513,11731.31381944132,121,123,0,0.1857618999999886,21,7
65,adaptive2,hash,False,11,11,3120.411320490782,283.6737564082529,11637.056602453911,123,123,0,0.18852301200001875,20,7
65,adaptive3,hash,False,11,11,3117.972801878698,283.4520728980635,11609.864009393492,124,121,0,0.19115364699996462,20,7
65,v2,hash,False,11,11,3017.158988666762,274.28718078788745,11120.79494333381,123,123,0,0.19601107599999068,19,8
65,weighted0,hash,False,11,11,3081.3581937858517,280.12347216235014,11716.79096892926,114,113,0,0.09111746999997195,21,7
65,weighted20,hash,False,11,11,3013.349595916332,273.9408723560302,11021.74797958166,126,124,0,0.10786293199998909,20,8
65,weighted5,hash,False,11,11,3134.861306275352,284.98739147957747,11709.30653137676,123,123,0,0.2012667669999928,21,7
65,weighted_adaptive,hash,False,11,11,3116.5856662708584,283.32596966098714,11617.928331354293,123,123,0,0.18572098700008155,20,7
66,adaptive1,hash,False,16,16,3839.306887391727,239.95668046198293,15001.534436958635,127,124,0,0.1553695960000141,27,6
66,adaptive2,hash,False,16,16,3454.702556349805,215.91890977186281,13138.512781749025,124,127,0,0.29253071000005093,27,6
66,adaptive3,hash,False,16,16,3436.005417298499,214.7503385811562,13125.027086492495,121,126,0,0.2524900069998921,26,6
66,v2,hash,False,16,16,3501.5039054100953,218.84399408813096,13072.519527050476,134,137,0,0.843159648999972,26,8
66,weighted0,hash,False,16,16,3659.529255495419,228.72057846846369,14332.646277477095,120,113,0,0.12469161100000292,29,6
66,weighted20,hash,False,16,16,3474.063422703436,217.12896391896476,12765.317113517181,140,141,0,0.348728895000022,27,8
66,weighted5,hash,False,16,16,3454.122376376389,215.88264852352432,13110.611881881947,125,127,0,0.14491428700000597,26,6
66,weighted_adaptive,hash,False,16,16,3454.122376376389,215.88264852352432,13110.611881881947,125,127,0,0.2738633369999661,26,6
67,adaptive1,hash,False,15,15,3086.1172858856285,205.74115239237523,11390.586429428142,122,123,0,0.2155955590000076,26,7
67,adaptive2,hash,False,15,15,3064.0319237843223,204.26879491895482,11300.15961892161,122,119,0,0.22346096299997953,25,7
67,adaptive3,hash,False,15,15,3066.5183204827167,204.4345546988478,11277.591602413584,123,121,0,0.11417949700000918,24,7
67,v2,hash,False,15,15,3155.1623981790563,210.34415987860376,11625.811990895281,125,130,0,0.3046838239999943,23,8
67,weighted0,hash,False,15,15,3044.897907941151,202.9931938627434,11334.489539705755,117,118,0,0.20985807900001419,27,7
67,weighted20,hash,False,15,15,3135.7547208135015,209.0503147209001,11553.773604067508,124,130,0,0.2598417749999271,24,8
67,weighted5,hash,False,15,15,3076.636937186288,205.10912914575252,11348.18468593144,122,122,0,0.1039958100000149,27,7
67,weighted_adaptive,hash,False,15,15,3063.6051146847612,204.24034097898408,11333.025573423805,121,117,0,0.10932077600000412,24,7
68,adaptive1,hash,False,13,13,3033.97142026434,233.38241694341076,10924.857101321699,132,124,0,0.22334195299993098,22,7
68,adaptive2,hash,False,13,13,3062.97142026434,235.61318617418,10924.857101321699,137,128,0,0.10285732900001676,22,7
68,adaptive3,hash,False,13,13,3074.9714202643404,236.53626309725695,10924.857101321702,139,130,0,0.22827565899990532,22,7
68,v2,hash,False,13,13,3011.6655022006844,231.66657709236034,10648.327511003423,136,137,0,0.6145446770000262,22,8
68,weighted0,hash,False,13,13,3241.8304588184938,249.37157375526874,11979.152294092468,131,126,0,0.10021574799998234,25,7
68,weighted20,hash,False,13,13,2974.034110781159,228.77185467547378,10480.170553905797,135,138,0,0.3171653309999556,23,8
68,weighted5,hash,False,13,13,3133.8416702865165,241.06474386819357,11454.208351432582,131,123,0,0.08808275499995943,21,7
68,weighted_adaptive,hash,False,13,13,3151.8416702865165,242.44935925280896,11454.208351432582,134,126,0,0.09190068400005202,21,7
69,adaptive1,hash,False,10,10,2857.91702831779,285.791702831779,10239.58514158895,127,125,0,0.08158486499996798,19,7
69,adaptive2,hash,False,10,10,2881.91702831779,288.191702831779,10239.58514158895,131,129,0,0.05930942700001651,19,7
69,adaptive3,hash,False,10,10,2880.678146688704,288.0678146688704,10418.39073344352,125,122,0,0.16843965400005345,18,7
69,v2,hash,False,10,10,3102.5041792758066,310.25041792758066,11472.520896379034,127,123,0,0.4427014830000644,20,8
69,weighted0,hash,False,10,10,2839.904977517727,283.9904977517727,10254.524887588634,123,124,0,0.16072687999997015,18,7
69,weighted20,hash,False,10,10,2913.2321205129206,291.32321205129205,10651.160602564603,123,118,0,0.09091137799998705,20,8
69,weighted5,hash,False,10,10,2868.904977517727,286.89049775177267,10254.524887588634,128,128,0,0.07851113100002749,18,7
69,weighted_adaptive,hash,False,10,10,2886.904977517727,288.6904977517727,10254.524887588634,131,131,0,0.14755335400002423,18,7
70,adaptive1,hash,False,14,14,2928.1791373194474,209.1556526656748,10545.895686597238,125,124,0,0.10834651200002554,24,7
70,adaptive2,hash,False,14,14,3017.672539143544,215.54803851025312,11168.362695717718,119,119,0,0.22593751299996256,24,7
70,adaptive3,hash,False,14,14,3058.3897285050693,218.4564091789335,11041.948642525347,130,130,0,0.16126961600002687,24,7
70,v2,hash,False,14,14,2956.0816034444892,211.14868596032065,9780.408017222446,154,160,0,0.7132258409999395,23,8
70,weighted0,hash,False,14,14,2885.4819834432083,206.10585596022915,10567.40991721604,117,117,0,0.23550196100006815,23,7
70,weighted20,hash,False,14,14,3097.7750787096957,221.26964847926396,10503.875393548478,154,157,0,0.3368229819999442,26,8
70,weighted5,hash,False,14,14,2914.4819834432074,208.17728453165768,10567.409917216037,122,121,0,0.10898573800000122,23,7
70,weighted_adaptive,hash,False,14,14,3010.4133483185324,215.02952487989518,11132.066741592662,119,119,0,0.29574450899997373,24,7
71,adaptive1,hash,False,16,16,3473.415751423032,217.0884844639395,13322.07875711516,122,119,0,0.26261643600003026,29,6
71,adaptive2,hash,False,16,16,3315.8037842473645,207.23773651546028,12819.018921236822,113,107,0,0.2571280120000665,28,6
71,adaptive3,hash,False,16,16,3310.3000062242777,206.89375038901736,12791.500031121388,113,107,0,0.3063416549999829,29,6
71,v2,hash,False,16,16,3382.8968393118744,211.43105245699215,12819.484196559371,123,124,0,0.4242406320000782,24,6
71,weighted0,hash,False,16,16,3416.38036057626,213.52377253601625,13231.9018028813,116,110,0,0.10649312200007444,27,6
71,weighted20,hash,False,16,16,3308.9501776809193,206.80938610505746,12169.750888404596,132,135,0,0.16597721300001922,27,6
71,weighted5,hash,False,16,16,3308.3171594217247,206.7698224638578,12781.585797108623,113,107,0,0.2747128439999642,29,6
71,weighted_adaptive,hash,False,16,16,3313.8209374448115,207.11380859030072,12809.104687224057,113,107,0,0.266227633000085,28,6
72,adaptive1,hash,False,16,16,3238.0379288893387,202.37737055558367,12060.189644446693,124,126,0,0.12722852400008833,26,6
72,adaptive2,hash,False,16,16,3237.462479200495,202.34140495003095,12057.312396002477,124,126,0,0.2953753949999509,26,6
72,adaptive3,hash,False,16,16,3240.9918813400745,202.56199258375466,12039.959406700373,125,128,0,0.29077266099989174,26,6
72,v2,hash,False,16,16,3642.3568677887906,227.6473042367994,13526.784338943953,143,142,0,0.9052339930000244,25,7
72,weighted0,hash,False,16,16,3233.4730237115336,202.09206398197085,12077.36511855767,123,123,0,0.12418748799996138,27,6
72,weighted20,hash,False,16,16,3300.4482802669118,206.27801751668198,11997.241401334559,136,141,0,0.3993445700000393,26,7
72,weighted5,hash,False,16,16,3221.804445656595,201.36277785353718,11979.022228282975,124,126,0,0.15054676799991284,27,6
72,weighted_adaptive,hash,False,16,16,3224.316486381226,201.5197803988266,11996.582431906128,124,125,0,0.2814388169999802,27,6
73,adaptive1,hash,False,15,15,3208.597071792143,213.90647145280954,11817.985358960716,128,130,0,0.2519983619999948,28,7
73,adaptive2,hash,False,15,15,3259.422166516409,217.29481110109393,12122.110832582046,127,125,0,0.11710455600007208,27,7
73,adaptive3,hash,False,15,15,3272.422166516409,218.1614777677606,12122.110832582046,129,128,0,0.22688472400000137,27,7
73,v2,hash,False,15,15,3458.0651015177455,230.53767343451636,12680.325507588728,141,142,0,0.29835516699995424,24,8
73,weighted0,hash,False,15,15,3188.925163632872,212.59501090885814,11834.62581816436,124,127,0,0.12500355199995283,28,7
73,weighted20,hash,False,15,15,3135.455119748002,209.03034131653345,11577.275598740009,124,125,0,0.2941052659999741,26,8
73,weighted5,hash,False,15,15,3199.832809793534,213.32218731956894,11834.16404896767,126,128,0,0.2638812570000937,27,7
73,weighted_adaptive,hash,False,15,15,3251.969572526369,216.79797150175793,12114.847862631845,126,124,0,0.12757931499993447,26,7
74,adaptive1,hash,False,11,11,2983.5260212430885,271.2296382948262,11347.630106215443,110,109,0,0.06340475399997558,21,7
74,adaptive2,hash,False,11,11,3073.5681578885396,279.41528708077635,11402.840789442698,123,123,0,0.2062945129999889,21,7
74,adaptive3,hash,False,11,11,3036.9231585096504,276.0839235008773,10839.615792548251,136,134,0,0.09943830299994261,22,7
74,v2,hash,False,11,11,3157.7187403079565,287.06534002799606,10853.593701539783,155,157,0,0.7657880149999983,21,8
74,weighted0,hash,False,11,11,2954.1789044457587,268.56171858597804,11265.894522228793,108,106,0,0.1689749729999903,23,7
74,weighted20,hash,False,11,11,3125.667738175909,284.15161256144626,10863.338690879546,149,153,0,0.3173049609999907,20,8
74,weighted5,hash,False,11,11,3039.9820739405945,276.3620067218722,11424.910369702973,117,115,0,0.10054280199994992,24,7
74,weighted_adaptive,hash,False,11,11,3072.80220803425,279.3456552758409,11399.01104017125,123,123,0,0.14772215999994387,21,7
75,adaptive1,hash,False,14,14,3241.6572546616567,231.5469467615469,12453.286273308284,114,111,0,0.10150424399989788,23,7
75,adaptive2,hash,False,14,14,3619.585392337572,258.541813738398,14372.926961687861,113,110,0,0.11438905299996804,26,7
75,adaptive3,hash,False,14,14,3426.7245824799516,244.76604160571083,12748.622912399758,135,132,0,0.33629997899993214,27,7
75,v2,hash,False,14,14,3299.597181707906,235.68551297913615,12452.985908539531,123,124,0,0.7035730059999423,24,8
75,weighted0,hash,False,14,14,3224.9501340433626,230.35358100309733,12479.750670216814,110,109,0,0.11873543499996231,25,7
75,weighted20,hash,False,14,14,3310.1688246791427,236.4406303342245,12370.844123395713,127,131,0,0.15354934499998762,24,8
75,weighted5,hash,False,14,14,3253.9501340433626,232.4250095745259,12479.750670216814,115,113,0,0.20919391300003554,25,7
75,weighted_adaptive,hash,False,14,14,3605.926947642528,257.5662105458949,14329.63473821264,112,110,0,0.1087286199999653,26,7
76,adaptive1,hash,False,13,13,2784.246902795811,214.17283867660083,10341.234513979054,109,106,0,0.18827694899994185,20,7
76,adaptive2,hash,False,13,13,2883.056535031554,221.77357961781186,10750.28267515777,112,108,0,0.10282493900001555,22,7
76,adaptive3,hash,False,13,13,2950.255412058149,226.942724004473,10661.277060290744,126,123,0,0.20271173000003273,22,7
76,v2,hash,False,13,13,2934.7554425525695,225.75041865788995,10613.777212762849,125,122,0,0.5719143270000586,18,8
76,weighted0,hash,False,13,13,2802.1477960567495,215.5498304659038,10335.738980283748,112,110,0,0.16608693900002436,20,7
76,weighted20,hash,False,13,13,3030.338404248246,233.10295417294202,10686.692021241231,138,138,0,0.27627371300002324,22,8
76,weighted5,hash,False,13,13,2899.597876586776,223.04599050667505,10747.989382933878,115,110,0,0.14419425400001273,22,7
76,weighted_adaptive,hash,False,13,13,2882.597876586776,221.73829819898276,10747.989382933878,112,108,0,0.10379933199999414,22,7
77,adaptive1,hash,False,10,10,2697.7097128123814,269.77097128123813,9608.548564061906,122,116,0,0.08372479900003782,19,7
77,adaptive2,hash,False,10,10,2679.250714932298,267.9250714932298,9361.253574661489,127,122,0,0.10628739200001291,19,7
77,adaptive3,hash,False,10,10,2763.998494556462,276.3998494556462,9714.99247278231,129,126,0,0.20023889399999462,21,7
77,v2,hash,False,10,10,3052.033766974558,305.20337669745584,10380.168834872791,154,156,0,0.533228695000048,18,8
77,weighted0,hash,False,10,10,2570.7954724778706,257.07954724778705,9008.977362389352,120,119,0,0.24393105300009665,19,7
77,weighted20,hash,False,10,10,2876.7832121979436,287.6783212197944,9678.916060989719,148,151,0,0.25621417100001054,19,8
77,weighted5,hash,False,10,10,2703.5051969860983,270.35051969860984,9632.525984930491,122,117,0,0.15244492600004378,19,7
77,weighted_adaptive,hash,False,10,10,2670.106605009415,267.0106605009415,9345.533025047074,126,121,0,0.08859660999996777,19,7
78,adaptive1,hash,False,15,15,3143.9165727233744,209.5944381815583,11519.582863616872,128,125,0,0.11936469099998703,27,7
78,adaptive2,hash,False,15,15,3152.9219297519867,210.19479531679912,11534.609648759933,129,126,0,0.2450927080000156,27,7
78,adaptive3,hash,False,15,15,3211.4117377394073,214.09411584929381,12107.058688697036,120,115,0,0.11992962500005433,28,7
78,v2,hash,False,15,15,3113.765287687699,207.58435251251328,11283.826438438495,130,132,0,0.5604301060000125,25,8
78,weighted0,hash,False,15,15,3134.8615277457143,208.99076851638094,11429.307638728571,129,129,0,0.2810919030000605,28,7
78,weighted20,hash,False,15,15,3260.0215412645107,217.33476941763405,12055.107706322553,129,129,0,0.2569594589999724,25,8
78,weighted5,hash,False,15,15,3159.518320621694,210.63455470811292,11502.591603108469,131,129,0,0.1251059860001078,27,7
78,weighted_adaptive,hash,False,15,15,3142.518320621694,209.5012213747796,11502.591603108469,128,127,0,0.14604124999993928,27,7
79,adaptive1,hash,False,10,10,3195.90657854065,319.590657854065,12289.53289270325,115,113,0,0.19738224699995044,21,7
79,adaptive2,hash,False,10,10,3302.1858936515137,330.2185893651514,12475.92946825757,126,127,0,0.09185924999997042,20,7
79,adaptive3,hash,False,10,10,3325.1858936515137,332.51858936515134,12475.92946825757,130,130,0,0.24049925600002098,20,7
79,v2,hash,False,10,10,3113.5577649818065,311.35577649818066,11017.788824909032,144,140,0,0.5625168540000232,21,8
79,weighted0,hash,False,10,10,3191.8745997501733,319.1874599750173,12239.372998750867,116,114,0,0.08843573900003321,21,7
79,weighted20,hash,False,10,10,3115.1519345609277,311.5151934560928,11030.75967280464,144,139,0,0.24650555200003055,21,8
79,weighted5,hash,False,10,10,3207.6203427934493,320.7620342793449,12233.101713967246,119,116,0,0.07180162199995266,21,7
79,weighted_adaptive,hash,False,10,10,3278.1968423177414,327.81968423177415,12410.984211588708,124,126,0,0.09254281400001219,20,7
