seed,repeat,mode,seconds,virtual_seconds
5000,0,v2,0.22744496299992534,2739.6957178722832
5000,0,v3,0.07297370300011607,2795.3781450744323
5001,0,v2,0.16316878699990411,2897.2091875223527
5001,0,v3,0.06236602099988886,2793.032191650149
5002,0,v2,0.20652288299993415,3400.233987431974
5002,0,v3,0.0878474000001006,3332.779038674976
5003,0,v2,0.20283817299991824,2704.4411351277668
5003,0,v3,0.06772887300007824,2741.240324870739
5004,0,v2,0.1683595269998932,2873.286373005661
5004,0,v3,0.07804956600011792,2784.5912574865956
5005,0,v2,0.29004651700006434,3396.0224504330035
5005,0,v3,0.10889547200008565,3435.7257906140117
5006,0,v2,0.19910907799999222,2882.0352333488145
5006,0,v3,0.06498267400002078,2934.6559566819733
5007,0,v2,0.2741475759999048,3513.693873490207
5007,0,v3,0.08855823400017471,3358.7641685093577
5008,0,v2,0.3237359990000641,3567.8996298452257
5008,0,v3,0.1164326999999048,3522.077920547628
5009,0,v2,0.21305811399997765,3030.595127622868
5009,0,v3,0.08337248899988481,3073.4146471433082
5010,0,v2,0.18797022800004015,2644.9184992609657
5010,0,v3,0.07909726899993075,2724.919996352848
5011,0,v2,0.1410926799999288,2830.9486970391144
5011,0,v3,0.062024564000012106,2796.238585888753
5012,0,v2,0.23062063000020316,3322.6038680580787
5012,0,v3,0.08603719500001716,2949.1833899932562
5013,0,v2,0.1916118409999399,3386.715363463744
5013,0,v3,0.07341129899987209,3271.8273719667905
5014,0,v2,0.27322259700008544,3061.985427031329
5014,0,v3,0.09511417999988225,2910.5961539945765
5015,0,v2,0.3670966930001214,3535.7938055784575
5015,0,v3,0.1242713740000454,3090.170272477993
5016,0,v2,0.21699236800009203,3187.010917055076
5016,0,v3,0.09682706800003871,3115.651496105242
5017,0,v2,0.16696111500004918,2723.5798369938593
5017,0,v3,0.06603176899989194,2784.011515694968
5018,0,v2,0.26153548799993587,3561.7505209405876
5018,0,v3,0.11173548299984759,3642.8405688560465
5019,0,v2,0.22234481500004222,3249.732825281298
5019,0,v3,0.08913990299993202,2951.2421325317737
5020,0,v2,0.22890955900015797,3416.8580431343235
5020,0,v3,0.09049943700006224,3192.8221718222694
5021,0,v2,0.16555600199990295,2902.5100642785505
5021,0,v3,0.08159597500002747,2970.8218166436336
5022,0,v2,0.2082956680001189,2949.30577634781
5022,0,v3,0.08070708200011723,3041.4177580539913
5023,0,v2,0.16436019999991913,2938.408147192625
5023,0,v3,0.07572348000007878,2880.0233605527214
5024,0,v2,0.17986408699994172,2863.130528638936
5024,0,v3,0.067796129999806,2880.434891146083
5025,0,v2,0.3593573140001354,3270.13544206339
5025,0,v3,0.10964423399991574,3173.317569692202
5026,0,v2,0.21675482000000557,3219.8628017588967
5026,0,v3,0.07349779700007275,2952.8414927315184
5027,0,v2,0.3031420859999798,2979.0836877268143
5027,0,v3,0.0934740770001099,2931.997863595073
5028,0,v2,0.282225864999873,3549.333158004637
5028,0,v3,0.1343358609999541,3519.1071999775836
5029,0,v2,0.19905871599985403,2975.3249632574716
5029,0,v3,0.07104424799990738,3131.4463067045285
5030,0,v2,0.23519558300017707,3135.7414891457506
5030,0,v3,0.07756251999990127,3157.596570705773
5031,0,v2,0.3413663940000333,3373.9756148357346
5031,0,v3,0.09518257899981108,3068.728724629484
5032,0,v2,0.2911100720000377,2479.635585391047
5032,0,v3,0.12193381699989914,2865.3499848376377
5033,0,v2,0.23964716599994063,3110.1059636892783
5033,0,v3,0.10495501799982776,2957.2987190314516
5034,0,v2,0.1618356409999251,2533.6030402502993
5034,0,v3,0.07068783999989137,2796.1932573331446
5035,0,v2,0.20084562600004574,3629.7886737659264
5035,0,v3,0.08928153900001234,3476.711079034304
5036,0,v2,0.19738503799999307,3138.291417120333
5036,0,v3,0.0679222999999638,3110.2516022620994
5037,0,v2,0.1911413339998944,3269.8032113376676
5037,0,v3,0.07777135199989971,3241.4439779812883
5038,0,v2,0.17144828799996503,3259.0969527202788
5038,0,v3,0.056770610000057786,3040.1787568383734
5039,0,v2,0.28571916099986083,3114.185781410716
5039,0,v3,0.09429938599987508,2974.144599734085
5040,0,v2,0.14529397899991636,3136.4403913867873
5040,0,v3,0.06308243700004823,3058.109098942627
5041,0,v2,0.2785205540001243,3303.6132927864255
5041,0,v3,0.11011118800001896,3300.304053882249
5042,0,v2,0.1660836720000134,3193.4588160613657
5042,0,v3,0.07166324299987537,3135.7816105233414
5043,0,v2,0.20978488500009007,3125.0061266298258
5043,0,v3,0.08949602899997444,3142.882596074026
5044,0,v2,0.17041665900001135,3460.5026965786833
5044,0,v3,0.08489078999991762,3194.8324062365023
5045,0,v2,0.14525283700004366,2838.8699466076573
5045,0,v3,0.0717673700000887,2834.2403894054883
5046,0,v2,0.2289934790001098,2742.858142940532
5046,0,v3,0.08747229999994488,2791.167699496461
5047,0,v2,0.23110506900002292,3214.674468408125
5047,0,v3,0.09285263999981908,3347.807354951488
5048,0,v2,0.19590284900004917,2898.9120711033916
5048,0,v3,0.06694177899998976,2836.229699094021
5049,0,v2,0.25034107700003005,3197.7579191687846
5049,0,v3,0.1078307230000064,2982.9443612872947
5000,1,v3,0.07326311199994961,2795.3781450744323
5000,1,v2,0.2333011499999884,2739.6957178722832
5001,1,v3,0.06167788599987034,2793.032191650149
5001,1,v2,0.16481120200000987,2897.2091875223527
5002,1,v3,0.08632564899994577,3332.779038674976
5002,1,v2,0.2066155570000774,3400.233987431974
5003,1,v3,0.06746599200005221,2741.240324870739
5003,1,v2,0.19648175500014986,2704.4411351277668
5004,1,v3,0.07529827600001227,2784.5912574865956
5004,1,v2,0.1655967579999924,2873.286373005661
5005,1,v3,0.10881712299988067,3435.7257906140117
5005,1,v2,0.28211017100011304,3396.0224504330035
5006,1,v3,0.06483251300005577,2934.6559566819733
5006,1,v2,0.18687164500011022,2882.0352333488145
5007,1,v3,0.08823504400015736,3358.7641685093577
5007,1,v2,0.267860538999912,3513.693873490207
5008,1,v3,0.12148297200019442,3522.077920547628
5008,1,v2,0.30933429699985027,3567.8996298452257
5009,1,v3,0.08085780700002942,3073.4146471433082
5009,1,v2,0.19796287300005133,3030.595127622868
5010,1,v3,0.07655409400013014,2724.919996352848
5010,1,v2,0.1854872730000352,2644.9184992609657
5011,1,v3,0.06407022099983806,2796.238585888753
5011,1,v2,0.1338487069999701,2830.9486970391144
5012,1,v3,0.08073654899999383,2949.1833899932562
5012,1,v2,0.2147561130000213,3322.6038680580787
5013,1,v3,0.07221910400016895,3271.8273719667905
5013,1,v2,0.1834065189998455,3386.715363463744
5014,1,v3,0.08910372700006519,2910.5961539945765
5014,1,v2,0.26472141600015675,3061.985427031329
5015,1,v3,0.11884802999998101,3090.170272477993
5015,1,v2,0.35556067500010613,3535.7938055784575
5016,1,v3,0.09558381799979543,3115.651496105242
5016,1,v2,0.21003122000001895,3187.010917055076
5017,1,v3,0.06427109399987785,2784.011515694968
5017,1,v2,0.1571617330000663,2723.5798369938593
5018,1,v3,0.09720571899993047,3642.8405688560465
5018,1,v2,0.259216368999887,3561.7505209405876
5019,1,v3,0.0939298589998998,2951.2421325317737
5019,1,v2,0.21875932800003284,3249.732825281298
5020,1,v3,0.08325070299997606,3192.8221718222694
5020,1,v2,0.2215606199999911,3416.8580431343235
5021,1,v3,0.08256787000004806,2970.8218166436336
5021,1,v2,0.16731221999998525,2902.5100642785505
5022,1,v3,0.08141224500013777,3041.4177580539913
5022,1,v2,0.19324788899984924,2949.30577634781
5023,1,v3,0.07327770300003067,2880.0233605527214
5023,1,v2,0.16033289400002104,2938.408147192625
5024,1,v3,0.06440134099989336,2880.434891146083
5024,1,v2,0.1718206430000464,2863.130528638936
5025,1,v3,0.11144874000001437,3173.317569692202
5025,1,v2,0.340375191000021,3270.13544206339
5026,1,v3,0.07225451800013616,2952.8414927315184
5026,1,v2,0.2217867849999493,3219.8628017588967
5027,1,v3,0.09364552199986065,2931.997863595073
5027,1,v2,0.2885831739999958,2979.0836877268143
5028,1,v3,0.1393265040001097,3519.1071999775836
5028,1,v2,0.2831686819999959,3549.333158004637
5029,1,v3,0.0735558740000215,3131.4463067045285
5029,1,v2,0.20374930699995275,2975.3249632574716
5030,1,v3,0.08284973900003934,3157.596570705773
5030,1,v2,0.2239434739999524,3135.7414891457506
5031,1,v3,0.09606570999994801,3068.728724629484
5031,1,v2,0.34434308599998076,3373.9756148357346
5032,1,v3,0.12876815899994654,2865.3499848376377
5032,1,v2,0.3004301769999529,2479.635585391047
5033,1,v3,0.0977338420000251,2957.2987190314516
5033,1,v2,0.2451883280000402,3110.1059636892783
5034,1,v3,0.07018589200015413,2796.1932573331446
5034,1,v2,0.16738006800005678,2533.6030402502993
5035,1,v3,0.08879350199981673,3476.711079034304
5035,1,v2,0.20318782899994403,3629.7886737659264
5036,1,v3,0.06821095800000876,3110.2516022620994
5036,1,v2,0.19969310700003007,3138.291417120333
5037,1,v3,0.07017453499997828,3241.4439779812883
5037,1,v2,0.19372708199989574,3269.8032113376676
5038,1,v3,0.05709085300009065,3040.1787568383734
5038,1,v2,0.1726789250001275,3259.0969527202788
5039,1,v3,0.0976958429998831,2974.144599734085
5039,1,v2,0.29696637300003204,3114.185781410716
5040,1,v3,0.06740133399989645,3058.109098942627
5040,1,v2,0.1450322260000121,3136.4403913867873
5041,1,v3,0.10951903999989554,3300.304053882249
5041,1,v2,0.2784317769999234,3303.6132927864255
5042,1,v3,0.071896186999993,3135.7816105233414
5042,1,v2,0.16868182200005322,3193.4588160613657
5043,1,v3,0.09185293100017589,3142.882596074026
5043,1,v2,0.20720566199997847,3125.0061266298258
5044,1,v3,0.0902810860000045,3194.8324062365023
5044,1,v2,0.16557287399996312,3460.5026965786833
5045,1,v3,0.07767876499997328,2834.2403894054883
5045,1,v2,0.14403641200010497,2838.8699466076573
5046,1,v3,0.09111668900004588,2791.167699496461
5046,1,v2,0.22418204299992794,2742.858142940532
5047,1,v3,0.09260259399979986,3347.807354951488
5047,1,v2,0.2208964679998644,3214.674468408125
5048,1,v3,0.06737774900011573,2836.229699094021
5048,1,v2,0.19546707500012417,2898.9120711033916
5049,1,v3,0.11005128900001182,2982.9443612872947
5049,1,v2,0.23502835199997207,3197.7579191687846
