kind,seed,mode,noise,true_sources,cleared,virtual_seconds,seconds_per_source,movement_metres,detects,switches,failed_clears,local_runtime_seconds
boundary,91000,v2,alternating,15,15,4218.900642512925,281.26004283419496,16384.50321256462,145,142,0,0.3011600180000187
boundary,91000,v3,alternating,15,15,4267.686567136437,284.5124378090958,16938.432835682182,135,130,0,0.0856504450000557
boundary,91000,v2,hash,15,15,4236.801608444648,282.45344056297654,16259.008042223239,152,150,0,0.2499595770000269
boundary,91000,v3,hash,15,15,4108.168820279143,273.87792135194286,16165.844101395713,134,130,0,0.3046302770000011
boundary,91000,v2,minus,15,15,4221.137027393746,281.4091351595831,16445.685136968732,143,142,0,0.20109989600007339
boundary,91000,v3,minus,15,15,4129.710476315382,275.3140317543588,16128.55238157691,139,134,0,0.08752146299991637
boundary,91000,v2,plus,15,15,4217.052108907575,281.13680726050495,16300.260544537874,148,142,0,0.18848047399990264
boundary,91000,v3,plus,15,15,4433.370727698634,295.5580485132423,18226.853638493172,119,118,0,0.07227383199995074
boundary,91000,v2,smooth,15,15,4231.066639110975,282.071109274065,16385.33319555488,147,144,0,0.20563689100004012
boundary,91000,v3,smooth,15,15,4251.763336676228,283.45088911174855,17123.81668338114,126,122,0,0.08122342000001481
boundary,91001,v2,alternating,11,11,3696.9857025873976,336.08960932612706,13679.928512936987,152,146,0,0.18477089800001067
boundary,91001,v3,alternating,11,11,4094.425376038853,372.2204887308048,16462.126880194264,126,117,0,0.06971830800000589
boundary,91001,v2,hash,11,11,4165.505919977219,378.6823563615653,16102.529599886093,150,140,0,0.18999360400005116
boundary,91001,v3,hash,11,11,4090.425653798347,371.85687761803155,16462.128268991735,125,118,0,0.28460162100009256
boundary,91001,v2,minus,11,11,4193.085211784272,381.18956470766113,16270.42605892136,149,139,0,0.1763727510000308
boundary,91001,v3,minus,11,11,3686.3055249612544,335.1186840873868,14466.527624806271,124,118,0,0.07374128300000393
boundary,91001,v2,plus,11,11,3677.9192375340767,334.3562943212797,13644.596187670384,150,144,0,0.17252853200000118
boundary,91001,v3,plus,11,11,4091.782682221502,371.98024383831836,16473.91341110751,125,117,0,0.06782541199993375
boundary,91001,v2,smooth,11,11,4199.004342937063,381.727667539733,16205.021714685314,152,143,0,0.20142138700009582
boundary,91001,v3,smooth,11,11,4119.630439484087,374.511858134917,16493.152197420437,129,121,0,0.08636322099994231
boundary,91002,v2,alternating,11,11,3925.1418380504474,356.8310761864043,14845.709190252237,151,146,0,0.20506513600003018
boundary,91002,v3,alternating,11,11,3943.5754655007418,358.50686050006743,15477.87732750371,133,128,0,0.0726970270000038
boundary,91002,v2,hash,11,11,3941.731071633851,358.3391883303501,14918.655358169255,151,148,0,0.20646865599997
boundary,91002,v3,hash,11,11,3894.027815317389,354.0025286652172,15320.139076586946,130,125,0,0.271666454999945
boundary,91002,v2,minus,11,11,3915.022014819409,355.9110922563099,14935.110074097045,146,143,0,0.17647863100000905
boundary,91002,v3,minus,11,11,3949.4151159314797,359.0377378119527,15482.0755796574,134,128,0,0.07183053599999312
boundary,91002,v2,plus,11,11,3907.325536111467,355.21141237376975,14816.627680557334,149,144,0,0.18738174400004937
boundary,91002,v3,plus,11,11,3887.7263324985224,353.4296665907748,15288.631662492613,130,125,0,0.070580093999979
boundary,91002,v2,smooth,11,11,3924.107029632767,356.7370026938879,14815.535148163835,152,146,0,0.18995882100000472
boundary,91002,v3,smooth,11,11,3952.1052447710395,359.2822949791854,15495.526223855197,134,128,0,0.08994026400000621
boundary,91003,v2,alternating,10,10,3834.0190225678275,383.40190225678276,14475.095112839137,149,144,0,0.17252583999993476
boundary,91003,v3,alternating,10,10,3893.845321800388,389.3845321800388,15174.22660900194,136,129,0,0.06369071200003873
boundary,91003,v2,hash,10,10,4050.511343155739,405.0511343155739,15542.556715778694,150,142,0,0.18557191299998976
boundary,91003,v3,hash,10,10,3823.9614135983643,382.3961413598364,15084.807067991822,127,122,0,0.32113190100005795
boundary,91003,v2,minus,10,10,3833.1124299435405,383.3112429943541,14505.562149717704,148,142,0,0.16191007300005822
boundary,91003,v3,minus,10,10,3896.907062378663,389.69070623786627,15164.535311893314,137,129,0,0.06528247300002477
boundary,91003,v2,plus,10,10,3735.4449907326125,373.54449907326125,13987.224953663062,149,143,0,0.1513844959999915
boundary,91003,v3,plus,10,10,3817.157550728384,381.7157550728384,15085.78775364192,126,120,0,0.06540956200001347
boundary,91003,v2,smooth,10,10,3747.837986882097,374.7837986882097,13974.189934410486,152,143,0,0.16908887800002503
boundary,91003,v3,smooth,10,10,3887.5030378310908,388.7503037831091,15192.515189155454,134,129,0,0.06220034799991936
boundary,91004,v2,alternating,12,12,3909.11962604657,325.75996883721416,14645.59813023285,154,150,0,0.19067216300004475
boundary,91004,v3,alternating,12,12,3814.5897418637605,317.8824784886467,14852.948709318802,132,124,0,0.07786759800001164
boundary,91004,v2,hash,12,12,3847.559218500451,320.6299348750376,14457.796092502256,151,141,0,0.22792954199996984
boundary,91004,v3,hash,12,12,4037.423093469543,336.4519244557952,16067.115467347714,128,124,0,0.07412945499993384
boundary,91004,v2,minus,12,12,3821.9981537816793,318.4998461484733,14569.990768908396,143,133,0,0.16506048899998405
boundary,91004,v3,minus,12,12,3946.7805008221494,328.89837506851245,15623.902504110747,128,122,0,0.07457025599990175
boundary,91004,v2,plus,12,12,3895.489126646438,324.6240938872032,14727.44563323219,149,145,0,0.1657469620000711
boundary,91004,v3,plus,12,12,3559.0879705134903,296.59066420945754,13610.439852567451,130,127,0,0.08016681599997355
boundary,91004,v2,smooth,12,12,3891.300975183593,324.27508126529943,14736.504875917964,148,144,0,0.2139930229999436
boundary,91004,v3,smooth,12,12,3963.3907379357215,330.28256149464346,15641.953689678607,130,125,0,0.07678130800002236
boundary,91005,v2,alternating,14,14,4202.178398676977,300.1555999054984,16285.891993384883,147,140,0,0.21719511799994962
boundary,91005,v3,alternating,14,14,4293.753734806182,306.69669534329876,17268.76867403091,129,125,0,0.08694184600005883
boundary,91005,v2,hash,14,14,4179.687839119806,298.5491313657004,16288.43919559903,143,137,0,0.2642596629999616
boundary,91005,v3,hash,14,14,4024.840882835583,287.48863448825597,15719.204414177917,136,131,0,0.08028457399996114
boundary,91005,v2,minus,14,14,4439.5613197032,317.1115228359428,17622.806598516,142,135,0,0.20800681900004747
boundary,91005,v3,minus,14,14,4029.2222674064265,287.8015905290305,15706.111337032133,137,133,0,0.08787600899995596
boundary,91005,v2,plus,14,14,4182.765955732518,298.76899683803697,16298.82977866259,143,138,0,0.19689967099998285
boundary,91005,v3,plus,14,14,4268.147400680208,304.8676714771577,17250.737003401042,125,123,0,0.08141398999998728
boundary,91005,v2,smooth,14,14,4454.944663671137,318.21033311936696,17624.723318355685,145,135,0,0.2170893759999899
boundary,91005,v3,smooth,14,14,4297.889877136761,306.9921340811972,17259.449385683805,130,126,0,0.08690160899993771
boundary,91006,v2,alternating,10,10,3823.9030411678555,382.39030411678556,14559.515205839278,145,137,0,0.16663976899997124
boundary,91006,v3,alternating,10,10,3745.5263095903815,374.55263095903814,14607.631547951907,130,124,0,0.06746888999998646
boundary,91006,v2,hash,10,10,3626.6075848587725,362.66075848587724,13128.037924293863,160,151,0,0.23839586599990525
boundary,91006,v3,hash,10,10,3743.6912583451403,374.369125834514,14598.4562917257,130,124,0,0.07136911500003862
boundary,91006,v2,minus,10,10,3805.02754507305,380.502754507305,14540.13772536525,142,137,0,0.14373504200000298
boundary,91006,v3,minus,10,10,3740.9905861515135,374.09905861515136,14584.952930757567,130,124,0,0.06491391600002316
boundary,91006,v2,plus,10,10,3614.763301929726,361.47633019297257,13178.81650964863,156,149,0,0.16565453900000193
boundary,91006,v3,plus,10,10,3770.5517993847034,377.05517993847036,14657.758996923516,133,124,0,0.06588256700001693
boundary,91006,v2,smooth,10,10,3811.6497472260444,381.1649747226044,14548.248736130223,143,137,0,0.19518236700002944
boundary,91006,v3,smooth,10,10,3742.580872729439,374.2580872729439,14592.904363647194,130,124,0,0.06473977500002093
boundary,91007,v2,alternating,16,16,4153.6607861494585,259.60379913434116,16153.303930747292,141,138,0,0.2251006320000215
boundary,91007,v3,alternating,16,16,3969.1752220886574,248.0734513805411,15575.876110443287,129,129,0,0.10010516099998767
boundary,91007,v2,hash,16,16,4156.358894648107,259.7724309155067,16166.794473240532,141,138,0,0.2512846790000367
boundary,91007,v3,hash,16,16,4003.6316964335665,250.2269810270979,16113.158482167833,117,116,0,0.11486897999998291
boundary,91007,v2,minus,16,16,4447.911772984192,277.994485811512,17529.55886492096,144,142,0,0.19652848900000208
boundary,91007,v3,minus,16,16,4044.530757799458,252.78317236246613,16387.65378899729,116,107,0,0.09567449099995429
boundary,91007,v2,plus,16,16,4139.810986790498,258.7381866744061,16159.054933952488,138,138,0,0.21080332899998666
boundary,91007,v3,plus,16,16,4104.903559818989,256.55647248868684,16299.517799094949,128,125,0,0.10021193700004005
boundary,91007,v2,smooth,16,16,4177.643432807585,261.10271455047405,16153.217164037926,145,142,0,0.24713568699996813
boundary,91007,v3,smooth,16,16,4087.8680039431792,255.4917502464487,16334.340019715897,124,121,0,0.09336198000005425
boundary,91008,v2,alternating,10,10,3799.8427479003353,379.9842747900335,14274.213739501676,150,145,0,0.1642350270000179
boundary,91008,v3,alternating,10,10,3893.799448909088,389.3799448909088,15293.99724454544,132,125,0,0.06212540799992894
boundary,91008,v2,hash,10,10,3797.7852537208328,379.77852537208327,14228.926268604164,151,147,0,0.20855098200001976
boundary,91008,v3,hash,10,10,3845.1860656303843,384.5186065630384,15435.930328151922,119,113,0,0.05875245599997925
boundary,91008,v2,minus,10,10,3790.560218916862,379.0560218916862,14227.80109458431,150,145,0,0.1713641279999365
boundary,91008,v3,minus,10,10,3900.1028208070406,390.0102820807041,15300.514104035203,133,125,0,0.06316918999993959
boundary,91008,v2,plus,10,10,4000.5419349749254,400.0541934974925,15367.709674874628,147,142,0,0.16265761199997542
boundary,91008,v3,plus,10,10,3935.9774387109314,393.59774387109314,15744.887193554658,124,117,0,0.060220342999969034
boundary,91008,v2,smooth,10,10,3995.2208551778986,399.52208551778983,15306.104275889493,148,144,0,0.1691151180000361
boundary,91008,v3,smooth,10,10,3951.9324697730526,395.19324697730525,15764.662348865262,126,119,0,0.06951027299999168
boundary,91009,v2,alternating,16,16,4693.0400899321385,293.31500562075865,18720.200449660693,146,139,0,0.22891662100005306
boundary,91009,v3,alternating,16,16,4298.2715146682685,268.6419696667668,17476.35757334134,121,118,0,0.09834188700006052
boundary,91009,v2,hash,16,16,3983.200942543143,248.95005890894643,15431.004712715714,137,132,0,0.2426866280000013
boundary,91009,v3,hash,16,16,4801.914636262603,300.1196647664127,19899.573181313015,124,122,0,0.086948500999938
boundary,91009,v2,minus,16,16,4702.700148226361,293.9187592641476,18713.500741131807,148,140,0,0.21588750699993398
boundary,91009,v3,minus,16,16,4842.764500932216,302.6727813082635,19958.82250466108,130,121,0,0.09823333700001058
boundary,91009,v2,plus,16,16,3975.3017384641093,248.45635865400683,15441.508692320547,135,132,0,0.1869982020000407
boundary,91009,v3,plus,16,16,4339.496601352612,271.21853758453824,17547.48300676306,126,120,0,0.10685739699999885
boundary,91009,v2,smooth,16,16,4688.321820298903,293.0201137686814,18721.609101494516,145,139,0,0.21273732699989978
boundary,91009,v3,smooth,16,16,4811.668141198244,300.7292588248902,19898.340705991217,126,122,0,0.08816961500008347
boundary,91010,v2,alternating,10,10,4016.2301630558027,401.6230163055803,15341.150815279014,151,143,0,0.1879789450000544
boundary,91010,v3,alternating,10,10,3929.527017504106,392.9527017504106,15272.63508752053,139,130,0,0.07294847799994386
boundary,91010,v2,hash,10,10,4014.0628456753134,401.4062845675313,15260.314228376566,153,147,0,0.22246820999998818
boundary,91010,v3,hash,10,10,3894.2002486963675,389.42002486963673,15206.001243481836,135,128,0,0.05978871100001015
boundary,91010,v2,minus,10,10,3809.8328198886284,380.9832819888628,14379.164099443142,148,144,0,0.1668717000000015
boundary,91010,v3,minus,10,10,3901.608295385014,390.1608295385014,15218.041476925071,136,128,0,0.06274035199999162
boundary,91010,v2,plus,10,10,3998.479510726035,399.8479510726035,15302.397553630177,149,143,0,0.170583095999973
boundary,91010,v3,plus,10,10,4044.6775427519265,404.46775427519265,16273.387713759632,124,120,0,0.05688838899993698
boundary,91010,v2,smooth,10,10,4000.6046407887,400.06046407887004,15278.023203943501,150,145,0,0.18531497100002525
boundary,91010,v3,smooth,10,10,3905.7688172703406,390.57688172703405,15278.844086351703,134,130,0,0.06000650399994356
boundary,91011,v2,alternating,14,14,4006.5376880697654,286.18126343355465,15437.688440348827,142,139,0,0.2218368259999579
boundary,91011,v3,alternating,14,14,4371.574693509305,312.25533525066464,17557.873467546524,133,125,0,0.07612120999999661
boundary,91011,v2,hash,14,14,3949.660206930207,282.11858620930053,15373.301034651035,135,130,0,0.2614776500000744
boundary,91011,v3,hash,14,14,4189.271234480105,299.23365960572175,16861.356172400523,125,122,0,0.11075856499996917
boundary,91011,v2,minus,14,14,4006.8424836979466,286.2030345498533,15444.212418489733,142,138,0,0.2050376250000454
boundary,91011,v3,minus,14,14,4371.880816239239,312.2772011599456,17609.404081196193,131,125,0,0.07774539199999708
boundary,91011,v2,plus,14,14,3959.3091660313385,282.807797573667,15386.545830156692,136,132,0,0.21978465200004393
boundary,91011,v3,plus,14,14,4167.609573314401,297.68639809388577,16833.047866572007,122,121,0,0.0804692529999329
boundary,91011,v2,smooth,14,14,3940.6612171106854,281.4758012221918,15398.306085553428,132,131,0,0.2024948039999117
boundary,91011,v3,smooth,14,14,4181.668129947765,298.6905807105546,16873.340649738824,123,122,0,0.0763751949999687
boundary,91012,v2,alternating,13,13,3833.981794154097,294.92167647339204,14539.908970770484,144,141,0,0.21391619600001377
boundary,91012,v3,alternating,13,13,4301.1461275904285,330.85739443003297,17535.730637952143,122,119,0,0.07683943500001078
boundary,91012,v2,hash,13,13,3847.942490509794,295.9955761930611,14319.712452548969,154,149,0,0.24306236600000375
boundary,91012,v3,hash,13,13,4151.710341465343,319.3623339588725,16308.551707326716,139,130,0,0.08520445600004223
boundary,91012,v2,minus,13,13,3801.043488368106,292.38796064370047,14490.21744184053,140,138,0,0.20605943800001114
boundary,91012,v3,minus,13,13,4294.025724865902,330.3096711435309,17505.12862432951,122,118,0,0.07760634299995672
boundary,91012,v2,plus,13,13,3822.870996597422,294.06699973826323,14359.35498298711,148,146,0,0.20668901900000947
boundary,91012,v3,plus,13,13,4138.217934570517,318.3244565054244,16341.089672852586,136,125,0,0.07844777899993005
boundary,91012,v2,smooth,13,13,3819.23433654538,293.7872566573369,14486.1716827269,143,142,0,0.20455794500003321
boundary,91012,v3,smooth,13,13,4133.397867888291,317.9536821452532,16366.989339441456,134,125,0,0.07671211399997446
boundary,91013,v2,alternating,13,13,3970.0550104410067,305.3888469570005,15120.275052205034,148,141,0,0.2006383679999999
boundary,91013,v3,alternating,13,13,4293.1099044784805,330.23922342142157,17570.5495223924,120,114,0,0.07579627900008745
boundary,91013,v2,hash,13,13,3976.8296146270177,305.90997035592443,15034.148073135088,152,145,0,0.28118531699999494
boundary,91013,v3,hash,13,13,4300.3397046698165,330.79536189767816,17561.69852334908,121,118,0,0.10546181299991986
boundary,91013,v2,minus,13,13,3964.360969738292,304.9508438260225,15056.804848691461,149,143,0,0.20303605999993124
boundary,91013,v3,minus,13,13,4029.515383137718,309.96272177982445,15932.576915688589,131,123,0,0.10070306799991613
boundary,91013,v2,plus,13,13,4100.456964987582,315.4197665375063,15702.28482493791,150,145,0,0.20471927799997047
boundary,91013,v3,plus,13,13,4317.876897637511,332.144376741347,17549.384488187556,125,118,0,0.08290410100005374
boundary,91013,v2,smooth,13,13,4119.7424778924915,316.90326753019167,15678.712389462458,154,149,0,0.2120082019999927
boundary,91013,v3,smooth,13,13,4294.856679614353,330.37359073956566,17579.283398071766,120,114,0,0.07175658700009535
boundary,91014,v2,alternating,12,12,4369.813391048328,364.15111592069405,17289.06695524164,143,137,0,0.21879918199999793
boundary,91014,v3,alternating,12,12,4244.847957953582,353.7373298294652,16989.23978976791,132,127,0,0.07760449099998823
boundary,91014,v2,hash,12,12,4344.553609623433,362.0461341352861,17257.768048117163,140,133,0,0.22246988199992757
boundary,91014,v3,hash,12,12,3925.3870382367486,327.11558651972905,15386.935191183744,132,128,0,0.07123696600001495
boundary,91014,v2,minus,12,12,4362.116056016229,363.5096713346857,17275.580280081143,142,137,0,0.18681319900008475
boundary,91014,v3,minus,12,12,3981.4246451097742,331.7853870924812,15727.12322554887,130,126,0,0.06744720399990456
boundary,91014,v2,plus,12,12,3910.257531922003,325.8547943268336,14826.287659610016,148,145,0,0.19650746799993613
boundary,91014,v3,plus,12,12,4226.352640501103,352.19605337509194,17016.763202505517,128,123,0,0.07419811900001605
boundary,91014,v2,smooth,12,12,3916.5110626916176,326.37592189096813,14872.555313458088,148,142,0,0.19699797700002364
boundary,91014,v3,smooth,12,12,3988.4566389964825,332.3713865830402,15752.283194982412,130,128,0,0.06692256300004829
boundary,91015,v2,alternating,14,14,4126.3729314723705,294.7409236765979,16201.864657361852,137,131,0,0.1953733650000231
boundary,91015,v3,alternating,14,14,4242.097465981986,303.0069618558561,17235.48732990993,122,115,0,0.0826474780000126
boundary,91015,v2,hash,14,14,4134.4846832601725,295.32033451858376,16212.423416300864,138,132,0,0.2790567419999661
boundary,91015,v3,hash,14,14,4147.708785369289,296.26491324066353,16328.543926846447,136,132,0,0.08027420799999163
boundary,91015,v2,minus,14,14,4110.741725794564,293.62440898532606,16213.708628972823,134,128,0,0.20316458399997828
boundary,91015,v3,minus,14,14,4264.301260892113,304.5929472065795,17266.506304460563,125,116,0,0.09372987300002933
boundary,91015,v2,plus,14,14,4009.7886197163093,286.41347283687924,15668.943098581547,135,131,0,0.2060275599999386
boundary,91015,v3,plus,14,14,4145.85624763856,296.13258911703997,16319.281238192796,136,132,0,0.08239960899993548
boundary,91015,v2,smooth,14,14,4097.932215980003,292.70944399857166,16174.661079900017,133,128,0,0.20326682899997195
boundary,91015,v3,smooth,14,14,4237.158826203407,302.65420187167194,17255.794131017035,120,116,0,0.08713322899996001
boundary,91016,v2,alternating,14,14,4169.999954124514,297.85713958032244,15984.99977062257,151,148,0,0.22808749299997544
boundary,91016,v3,alternating,14,14,3999.8938502961532,285.70670359258236,15804.469251480767,129,124,0,0.08290315500005363
boundary,91016,v2,hash,14,14,4178.744985185351,298.48178465609647,15913.724925926752,155,151,0,0.3049637429999166
boundary,91016,v3,hash,14,14,4004.453559567704,286.03239711197887,15887.26779783852,127,122,0,0.08301437700004044
boundary,91016,v2,minus,14,14,4154.643956259471,296.76028258996223,15938.219781297359,150,147,0,0.20420179100005953
boundary,91016,v3,minus,14,14,4062.86829512399,290.20487822314215,16354.341475619949,121,117,0,0.08478104300002087
boundary,91016,v2,plus,14,14,3802.697392343713,271.62124231026525,14593.486961718565,136,134,0,0.18477864500005126
boundary,91016,v3,plus,14,14,3999.568940607954,285.683495757711,15927.844703039771,125,119,0,0.07975787700002002
boundary,91016,v2,smooth,14,14,3807.191043130714,271.9422173664796,14635.955215653572,135,135,0,0.19013191900000947
boundary,91016,v3,smooth,14,14,4060.7703245758826,290.05502318399164,16333.851622879412,121,119,0,0.0830738150000343
boundary,91017,v2,alternating,12,12,3960.955624330759,330.0796353608966,15234.778121653793,143,139,0,0.16856584899994687
boundary,91017,v3,alternating,12,12,3936.456990766017,328.03808256383473,15447.284953830085,132,127,0,0.07716845200002354
boundary,91017,v2,hash,12,12,3888.6694939233685,324.0557911602807,14728.347469616843,148,143,0,0.24635944699991796
boundary,91017,v3,hash,12,12,4149.631804633163,345.8026503860969,16733.159023165812,125,118,0,0.07959309900002154
boundary,91017,v2,minus,12,12,3966.073765479905,330.50614712332543,15235.368827399525,144,139,0,0.18893576599998596
boundary,91017,v3,minus,12,12,3920.0464965445103,326.6705413787092,15450.232482722551,129,125,0,0.07261195600005976
boundary,91017,v2,plus,12,12,3875.7305067632497,322.9775422302708,14698.652533816248,147,141,0,0.18385058799992748
boundary,91017,v3,plus,12,12,4186.451542772671,348.87096189772257,16752.257713863357,131,121,0,0.08021063099999992
boundary,91017,v2,smooth,12,12,3973.2092606350425,331.1007717195869,15186.046303175213,147,141,0,0.20709228400005486
boundary,91017,v3,smooth,12,12,3935.876528641951,327.9897107201626,15459.382643209756,131,129,0,0.07671576999996432
boundary,91018,v2,alternating,10,10,3682.887284079249,368.2887284079249,13849.436420396247,145,138,0,0.16763799700004256
boundary,91018,v3,alternating,10,10,3829.4051621659296,382.940516216593,14957.025810829648,133,123,0,0.06540135699992788
boundary,91018,v2,hash,10,10,3743.8357426539574,374.38357426539574,13944.178713269786,152,145,0,0.19746037499999147
boundary,91018,v3,hash,10,10,3820.0101223962606,382.00101223962605,14960.050611981304,131,123,0,0.06804607600008694
boundary,91018,v2,minus,10,10,3681.416013818204,368.1416013818204,13867.080069091022,144,138,0,0.15090256300004512
boundary,91018,v3,minus,10,10,3823.5160680201107,382.3516068020111,14927.580340100552,133,123,0,0.06473228200002268
boundary,91018,v2,plus,10,10,3750.4740374659,375.04740374659,14002.3701873295,151,145,0,0.16503365200003373
boundary,91018,v3,plus,10,10,3807.2993551564555,380.72993551564554,14921.496775782278,130,123,0,0.06708712699992248
boundary,91018,v2,smooth,10,10,3717.5200691582186,371.7520069158219,13912.600345791094,149,140,0,0.1777394060000006
boundary,91018,v3,smooth,10,10,3819.6983522432706,381.9698352243271,14933.491761216354,132,123,0,0.06356785399998444
boundary,91019,v2,alternating,12,12,3680.7978439780227,306.73315366483524,13798.989219890113,144,141,0,0.1903244379999478
boundary,91019,v3,alternating,12,12,4120.199712153983,343.34997601283186,16320.998560769911,134,126,0,0.07628229400006603
boundary,91019,v2,hash,12,12,3808.451741838694,317.3709784865578,14427.25870919347,145,138,0,0.20684796700004426
boundary,91019,v3,hash,12,12,4110.254683491415,342.5212236242846,16321.273417457072,132,126,0,0.06989013199995497
boundary,91019,v2,minus,12,12,3671.951962029257,305.99599683577145,13779.759810146286,143,141,0,0.1828459959999691
boundary,91019,v3,minus,12,12,4108.003227053403,342.3336022544502,16285.016135267017,133,126,0,0.07138689599992176
boundary,91019,v2,plus,12,12,3803.224853660765,316.9354044717304,14451.124268303825,143,138,0,0.15571157900001253
boundary,91019,v3,plus,12,12,4011.4234842653364,334.2852903554447,15947.117421326682,128,122,0,0.06920145000003686
boundary,91019,v2,smooth,12,12,3679.0326792876667,306.5860566073056,13760.163396438335,145,142,0,0.23035849799998687
boundary,91019,v3,smooth,12,12,4032.5396523299937,336.04497102749946,16002.698261649968,130,122,0,0.07291041999997105
boundary,91020,v2,alternating,13,13,4485.175185295602,345.0134757919694,17815.87592647801,144,137,0,0.19600197499994465
boundary,91020,v3,alternating,13,13,4121.6790568530305,317.0522351425408,16288.39528426515,134,129,0,0.08606934800002364
boundary,91020,v2,hash,13,13,4487.72876566036,345.2099050507969,17803.643828301803,145,137,0,0.235182069000075
boundary,91020,v3,hash,13,13,4171.168105692779,320.8590850532907,16860.840528463894,123,119,0,0.06294926499992926
boundary,91020,v2,minus,13,13,4452.563964870101,342.5049203746231,17652.819824350503,144,137,0,0.22593699099991227
boundary,91020,v3,minus,13,13,4220.175979744019,324.6289215187707,16875.879898720097,131,125,0,0.07877637000001414
boundary,91020,v2,plus,13,13,4439.982370355936,341.53710541199507,17699.91185177968,140,135,0,0.204583198000023
boundary,91020,v3,plus,13,13,4095.193915232037,315.01491655631054,16220.969576160185,132,126,0,0.07815523700003268
boundary,91020,v2,smooth,13,13,4436.564528296445,341.27419448434193,17657.822641482227,141,135,0,0.20348161900005834
boundary,91020,v3,smooth,13,13,4136.572360310866,318.19787387006664,16317.86180155433,135,133,0,0.08614682799998263
boundary,91021,v2,alternating,12,12,3832.327601212729,319.36063343439406,14406.638006063646,149,146,0,0.1882386069999029
boundary,91021,v3,alternating,12,12,4246.563847115076,353.880320592923,17042.819235575378,131,123,0,0.08373267800004669
boundary,91021,v2,hash,12,12,3809.0995009114336,317.42495840928615,14515.497504557168,142,136,0,0.21921101799989628
boundary,91021,v3,hash,12,12,4048.420096586532,337.368341382211,15957.100482932661,134,127,0,0.077437682999971
boundary,91021,v2,minus,12,12,3802.0877690201623,316.84064741834686,14530.438845100813,140,136,0,0.1738138789999084
boundary,91021,v3,minus,12,12,4046.498413421785,337.20820111848207,15947.492067108924,134,127,0,0.06869703200004551
boundary,91021,v2,plus,12,12,3820.4989781143527,318.3749148428627,14407.494890571763,147,144,0,0.181553908000069
boundary,91021,v3,plus,12,12,4233.976058009227,352.8313381674356,17039.880290046134,129,121,0,0.07957332900002712
boundary,91021,v2,smooth,12,12,3838.8449203902246,319.90374336585205,14414.224601951122,150,146,0,0.1950195930000973
boundary,91021,v3,smooth,12,12,4024.7003228871818,335.39169357393183,15978.501614435909,129,124,0,0.06523957000001701
boundary,91022,v2,alternating,14,14,3964.331066345066,283.16650473893327,15361.655331725331,138,132,0,0.19791077899992615
boundary,91022,v3,alternating,14,14,3919.4896772126176,279.96354837232985,15497.448386063088,126,120,0,0.08346115799997733
boundary,91022,v2,hash,14,14,3924.8069712173005,280.34335508695006,15289.034856086502,133,132,0,0.2577114989999245
boundary,91022,v3,hash,14,14,3835.938652333861,273.9956180238472,15449.693261669305,113,111,0,0.08590833000005205
boundary,91022,v2,minus,14,14,4186.488488446534,299.03489203189525,16172.442442232667,147,147,0,0.14937800999996398
boundary,91022,v3,minus,14,14,3840.8253197811514,274.34466569865367,15449.126598905757,114,111,0,0.089502465999999
boundary,91022,v2,plus,14,14,3833.193098370744,273.7995070264817,14685.96549185372,138,136,0,0.18551199800003815
boundary,91022,v3,plus,14,14,3935.877171420405,281.13408367288605,15529.385857102025,128,120,0,0.08930905600004735
boundary,91022,v2,smooth,14,14,4203.850054683793,300.2750039059852,16134.250273418967,152,147,0,0.18767714099999466
boundary,91022,v3,smooth,14,14,3846.68112209677,274.7629372926264,15478.405610483851,114,111,0,0.0843933600000355
boundary,91023,v2,alternating,12,12,3881.0698203729526,323.42248503107936,14900.349101864764,141,136,0,0.20868811200000437
boundary,91023,v3,alternating,12,12,4045.037151979375,337.08642933161457,15835.185759896875,138,128,0,0.07772448200000781
boundary,91023,v2,hash,12,12,3890.6427740693953,324.2202311724496,14883.213870346975,143,139,0,0.20910754300007284
boundary,91023,v3,hash,12,12,4010.7272733892105,334.2272727824342,15788.636366946053,133,128,0,0.07270048300006238
boundary,91023,v2,minus,12,12,3880.8065930112366,323.40054941760303,14899.032965056183,141,136,0,0.19023080199997366
boundary,91023,v3,minus,12,12,4035.919899169226,336.32665826410215,15814.59949584613,137,128,0,0.0740668349999396
boundary,91023,v2,plus,12,12,3947.1888772515063,328.9324064376255,14770.944386257532,157,148,0,0.1899108929999329
boundary,91023,v3,plus,12,12,4282.9879495820915,356.9156624651743,17239.939747910455,130,125,0,0.07278215000008004
boundary,91023,v2,smooth,12,12,3964.718611843261,330.39321765360506,14923.593059216306,155,145,0,0.21112899400009155
boundary,91023,v3,smooth,12,12,4124.384704103662,343.69872534197185,16431.923520518314,131,123,0,0.0743619630000012
boundary,91024,v2,alternating,15,15,4118.044261473457,274.53628409823045,15910.221307367281,144,141,0,0.2188121310000497
boundary,91024,v3,alternating,15,15,4277.814889233299,285.18765928221995,17324.074446166494,124,118,0,0.08603797000000668
boundary,91024,v2,hash,15,15,4129.020969965886,275.2680646643924,15870.104849829433,147,145,0,0.28813368400005857
boundary,91024,v3,hash,15,15,4244.953725353487,282.9969150235658,17254.768626767436,121,114,0,0.08743346300002486
boundary,91024,v2,minus,15,15,4102.555947402106,273.50372982680705,15892.779737010529,142,139,0,0.19749873399996432
boundary,91024,v3,minus,15,15,4258.1190266557,283.8746017770466,17320.595133278497,121,114,0,0.08628667800007861
boundary,91024,v2,plus,15,15,4299.471528590816,286.6314352393877,16682.35764295408,149,143,0,0.21069233700006862
boundary,91024,v3,plus,15,15,4197.563063141737,279.83753754278246,16707.815315708685,131,126,0,0.09385246099998312
boundary,91024,v2,smooth,15,15,4122.629043794903,274.84193625299355,15908.145218974512,145,141,0,0.20892257899993183
boundary,91024,v3,smooth,15,15,4151.533755690424,276.76891704602826,16642.66877845212,125,123,0,0.08300309899993863
boundary,91025,v2,alternating,10,10,3574.603281752353,357.4603281752353,13143.016408761765,150,146,0,0.18907461899993905
boundary,91025,v3,alternating,10,10,3829.1775414595345,382.91775414595344,15210.887707297672,124,117,0,0.060910521999971934
boundary,91025,v2,hash,10,10,3580.2003639852137,358.02003639852137,13141.001819926068,151,147,0,0.18965585299997656
boundary,91025,v3,hash,10,10,3712.3509486469165,371.23509486469163,14116.754743234584,141,134,0,0.0665618140000106
boundary,91025,v2,minus,10,10,3593.8303503889883,359.3830350388988,13244.151751944943,150,145,0,0.1520628560000432
boundary,91025,v3,minus,10,10,3713.8152505817443,371.3815250581744,14104.07625290872,142,133,0,0.06348875300000145
boundary,91025,v2,plus,10,10,3822.9278062087806,382.29278062087803,14309.639031043902,153,146,0,0.19727252400002726
boundary,91025,v3,plus,10,10,3821.136902162979,382.11369021629787,15195.684510814894,123,117,0,0.06630751900001997
boundary,91025,v2,smooth,10,10,3822.6045833395347,382.26045833395347,14248.022916697673,155,148,0,0.1711500999999771
boundary,91025,v3,smooth,10,10,3866.7253923401777,386.6725392340178,15218.62696170089,130,123,0,0.06697187800000393
boundary,91026,v2,alternating,14,14,4524.7884341139015,323.1991738652787,18198.94217056951,137,130,0,0.20543243899999197
boundary,91026,v3,alternating,14,14,4132.616625061394,295.18690179009957,16288.08312530697,136,125,0,0.08816320100004305
boundary,91026,v2,hash,14,14,4539.217611833539,324.22982941668135,18186.088059167694,140,132,0,0.29833721299996796
boundary,91026,v3,hash,14,14,4384.594417673952,313.18531554813944,17967.97208836976,121,116,0,0.08417988799999421
boundary,91026,v2,minus,14,14,4022.552210523906,287.3251578945647,15617.76105261953,139,134,0,0.2036949350000441
boundary,91026,v3,minus,14,14,4389.48348216191,313.5345344401364,17992.41741080955,121,116,0,0.08510924899997008
boundary,91026,v2,plus,14,14,4535.344018894333,323.9531442067381,18161.720094471668,140,133,0,0.2306611989999965
boundary,91026,v3,plus,14,14,4134.674279938485,295.3338771384632,16293.371399692422,136,126,0,0.08194343000002391
boundary,91026,v2,smooth,14,14,4526.330099723103,323.30929283736447,18131.650498615512,139,135,0,0.2530130710000549
boundary,91026,v3,smooth,14,14,4378.260716517487,312.73290832267764,17931.303582587432,121,117,0,0.07780065899999045
boundary,91027,v2,alternating,16,16,4352.233098476744,272.0145686547965,17246.16549238372,138,133,0,0.2053666089999524
boundary,91027,v3,alternating,16,16,4455.966374111954,278.4978983819971,18209.83187055977,123,119,0,0.09452941799997916
boundary,91027,v2,hash,16,16,3756.4790373707365,234.77993983567103,14527.395186853682,129,126,0,0.2993774789999861
boundary,91027,v3,hash,16,16,4443.372009940608,277.710750621288,18181.860049703042,122,117,0,0.08916875499994603
boundary,91027,v2,minus,16,16,4377.498823114593,273.59367644466204,17262.49411557296,142,135,0,0.24833818599995539
boundary,91027,v3,minus,16,16,4309.404464266361,269.3377790166476,17142.022321331806,135,126,0,0.11982632700005524
boundary,91027,v2,plus,16,16,3757.3639748905134,234.8352484306571,14526.819874452567,129,127,0,0.2376306310000018
boundary,91027,v3,plus,16,16,4462.612128110296,278.9132580068935,18193.06064055148,125,119,0,0.09482703300000139
boundary,91027,v2,smooth,16,16,3752.598270481342,234.53739190508387,14507.991352406709,129,126,0,0.21174214999996366
boundary,91027,v3,smooth,16,16,4261.638830029084,266.35242687681773,17123.194150145417,127,122,0,0.08482990899995002
boundary,91028,v2,alternating,10,10,3723.6281664895623,372.36281664895625,13833.14083244781,152,147,0,0.17121439900006408
boundary,91028,v3,alternating,10,10,3792.576829714471,379.2576829714471,15022.884148572355,124,118,0,0.060068279999995866
boundary,91028,v2,hash,10,10,3845.1842376799914,384.51842376799914,14475.921188399956,151,145,0,0.21149905700008276
boundary,91028,v3,hash,10,10,4063.0539579486153,406.3053957948615,16170.269789743077,131,124,0,0.06560073099990404
boundary,91028,v2,minus,10,10,3835.9897100692783,383.59897100692785,14514.948550346391,148,143,0,0.17117440099991654
boundary,91028,v3,minus,10,10,4055.59218737729,405.559218737729,16167.96093688645,130,122,0,0.06514681800001654
boundary,91028,v2,plus,10,10,3709.12497580529,370.912497580529,13820.624879026449,150,145,0,0.17471355500003938
boundary,91028,v3,plus,10,10,3795.2141606632485,379.52141606632483,15036.070803316243,124,118,0,0.06492576200002986
boundary,91028,v2,smooth,10,10,3842.525827571256,384.2525827571256,14492.62913785628,150,144,0,0.17644476999998915
boundary,91028,v3,smooth,10,10,3814.8690141324446,381.4869014132445,15044.345070662222,127,121,0,0.06754364100004295
boundary,91029,v2,alternating,16,16,4287.04113610128,267.94007100633,16900.205680506402,138,137,0,0.25383622799995464
boundary,91029,v3,alternating,16,16,4041.351005162026,252.58443782262663,15926.75502581013,130,126,0,0.10106374899999082
boundary,91029,v2,hash,16,16,4039.1163928423825,252.4447745526489,15430.581964211913,146,143,0,0.2698818869999968
boundary,91029,v3,hash,16,16,4085.0195368526693,255.31372105329183,16425.097684263346,120,120,0,0.0825237770000058
boundary,91029,v2,minus,16,16,4285.551003717533,267.8469377323458,16987.755018587664,135,133,0,0.23681457499992575
boundary,91029,v3,minus,16,16,4235.760192270848,264.735012016928,17223.80096135424,120,111,0,0.12448526000002857
boundary,91029,v2,plus,16,16,4054.664996220621,253.41656226378882,15473.324981103106,147,145,0,0.2126624320000019
boundary,91029,v3,plus,16,16,4025.044640218991,251.56529001368693,15910.223201094954,128,123,0,0.10181056199996874
boundary,91029,v2,smooth,16,16,4064.9523620161453,254.05952262600908,15464.761810080727,149,147,0,0.2092535599999792
boundary,91029,v3,smooth,16,16,4215.222769614504,263.4514231009065,17236.113848072517,116,108,0,0.09344918300007521
boundary,91030,v2,alternating,15,15,4137.249904193327,275.81666027955515,15921.249520966636,147,143,0,0.24741705199994612
boundary,91030,v3,alternating,15,15,4184.011701799473,278.93411345329815,16650.05850899736,131,124,0,0.0807639529999733
boundary,91030,v2,hash,15,15,4178.904989148723,278.5936659432482,15834.524945743617,157,152,0,0.3087749789999634
boundary,91030,v3,hash,15,15,4181.653549706337,278.7769033137558,16668.267748531685,129,128,0,0.0888482609999528
boundary,91030,v2,minus,15,15,4119.752934827617,274.65019565517446,15818.764674138085,147,146,0,0.21991610399993533
boundary,91030,v3,minus,15,15,4438.854635836865,295.9236423891243,17944.273179184325,130,125,0,0.08507173199996032
boundary,91030,v2,plus,15,15,4035.133972185461,269.00893147903076,15500.669860927304,144,140,0,0.1878550170000608
boundary,91030,v3,plus,15,15,4174.829686485626,278.3219790990417,16619.14843242813,130,126,0,0.08257727700004125
boundary,91030,v2,smooth,15,15,4059.8976128513464,270.65984085675643,15569.488064256731,146,141,0,0.19639950900000258
boundary,91030,v3,smooth,15,15,4205.152056351513,280.3434704234342,16655.760281757564,134,129,0,0.09021639699994921
boundary,91031,v2,alternating,13,13,3922.3363463928486,301.7181804917576,14986.681731964243,144,140,0,0.21174564499995085
boundary,91031,v3,alternating,13,13,4183.603510147142,321.8156546267032,16753.01755073571,129,123,0,0.07691515999999865
boundary,91031,v2,hash,13,13,3916.0443646458675,301.23418189583595,14935.221823229338,145,139,0,0.21784541400006674
boundary,91031,v3,hash,13,13,4149.708100844442,319.20831544957247,16598.540504222212,128,125,0,0.09256069900004604
boundary,91031,v2,minus,13,13,4111.44927580187,316.26532890783614,16022.246379009348,141,137,0,0.17872561000001497
boundary,91031,v3,minus,13,13,4174.763714993375,321.13567038410577,16633.818574966877,131,128,0,0.07807571099999677
boundary,91031,v2,plus,13,13,3920.3944671460704,301.5688051650823,14946.972335730352,145,141,0,0.18154761900007088
boundary,91031,v3,plus,13,13,4204.156905851231,323.39668506547935,16805.784529256158,131,123,0,0.07860272300001725
boundary,91031,v2,smooth,13,13,3918.8421660823674,301.44939739095133,14904.210830411837,146,143,0,0.19677144100000987
boundary,91031,v3,smooth,13,13,4186.074637021598,322.0057413093537,16790.37318510799,128,123,0,0.07215303600003153
boundary,91032,v2,alternating,16,16,3981.892261291511,248.86826633071945,15314.461306457557,140,139,0,0.2255826479999996
boundary,91032,v3,alternating,16,16,4197.270819673273,262.32942622957955,16521.354098366362,136,133,0,0.0980973719999838
boundary,91032,v2,hash,16,16,4081.2419632454316,255.07762270283948,15671.209816227158,145,142,0,0.2704209279999077
boundary,91032,v3,hash,16,16,4135.072506245408,258.442031640338,16875.362531227038,114,110,0,0.09427758300000733
boundary,91032,v2,minus,16,16,3974.2377005891585,248.3898562868224,15311.188502945794,139,137,0,0.20441213800006608
boundary,91032,v3,minus,16,16,4192.1766640162705,262.0110415010169,16535.883320081353,135,130,0,0.09544311000001926
boundary,91032,v2,plus,16,16,4215.067103214393,263.44169395089955,16135.335516071962,152,148,0,0.20946581399994102
boundary,91032,v3,plus,16,16,4094.729854141368,255.9206158838355,16848.64927070684,108,105,0,0.08676825800000643
boundary,91032,v2,smooth,16,16,4175.823996580942,260.98899978630885,16144.119982904707,145,142,0,0.19612904999996772
boundary,91032,v3,smooth,16,16,4165.100580916651,260.3187863072907,17155.502904583253,109,109,0,0.08774818800009143
boundary,91033,v2,alternating,14,14,4060.2506576640417,290.01790411886014,15501.253288320208,149,145,0,0.19398639899998216
boundary,91033,v3,alternating,14,14,4146.456793065562,296.17548521896873,16422.28396532781,133,127,0,0.08754288299996915
boundary,91033,v2,hash,14,14,4044.701968289286,288.90728344923474,15508.50984144643,146,143,0,0.2314746219999506
boundary,91033,v3,hash,14,14,4127.633900428122,294.83099288772297,16463.16950214061,128,125,0,0.07802810400005455
boundary,91033,v2,minus,14,14,4052.537622424882,289.4669730303487,15512.68811212441,147,145,0,0.18453854300003059
boundary,91033,v3,minus,14,14,4185.829544973478,298.9878246409627,17194.14772486739,114,107,0,0.08435983499998656
boundary,91033,v2,plus,14,14,4360.360835309927,311.4543453792805,17191.804176549635,143,137,0,0.16666137000004255
boundary,91033,v3,plus,14,14,4143.7610223930915,295.9829301709351,16438.805111965456,132,126,0,0.09118305799995596
boundary,91033,v2,smooth,14,14,4042.5642938185833,288.7545924156131,15462.821469092916,147,145,0,0.16699300999994193
boundary,91033,v3,smooth,14,14,4144.745843646155,296.0532745461539,16468.729218230772,131,126,0,0.0873254090000728
boundary,91034,v2,alternating,10,10,3695.5928214659607,369.55928214659605,13872.964107329804,146,141,0,0.1749710500000674
boundary,91034,v3,alternating,10,10,3938.3957600914973,393.8395760091497,15301.978800457488,140,128,0,0.07154199000001427
boundary,91034,v2,hash,10,10,3686.100251083716,368.6100251083716,13860.501255418581,145,139,0,0.19454894899990904
boundary,91034,v3,hash,10,10,4223.947017197475,422.39470171974756,16974.735085987377,131,124,0,0.08091198200008876
boundary,91034,v2,minus,10,10,3685.2759347951883,368.5275934795188,13821.379673975942,146,141,0,0.16742370400004347
boundary,91034,v3,minus,10,10,4250.922415413248,425.0922415413248,17154.612077066242,130,120,0,0.06764721500007909
boundary,91034,v2,plus,10,10,3609.911063748487,360.9911063748487,13474.555318742434,145,140,0,0.1615624469999375
boundary,91034,v3,plus,10,10,3927.8520122541026,392.7852012254103,15349.260061270514,136,128,0,0.06430300099998476
boundary,91034,v2,smooth,10,10,3700.4218133847858,370.0421813384786,13812.10906692393,149,143,0,0.1802369389999967
boundary,91034,v3,smooth,10,10,3945.8105919420495,394.58105919420495,15389.052959710247,138,128,0,0.0670635559999937
boundary,91035,v2,alternating,15,15,3969.3645777631714,264.62430518421144,15336.822888815857,138,137,0,0.2118041239999684
boundary,91035,v3,alternating,15,15,4513.117506499035,300.87450043326896,18525.587532495174,123,118,0,0.09326318099999753
boundary,91035,v2,hash,15,15,3989.0126612061326,265.9341774137422,15260.063306030663,144,142,0,0.24261931900002764
boundary,91035,v3,hash,15,15,4501.839918726748,300.12266124844984,18529.199593633737,121,116,0,0.08105568000007679
boundary,91035,v2,minus,15,15,3954.115383409002,263.6076922272668,15265.57691704501,138,136,0,0.1823237959999915
boundary,91035,v3,minus,15,15,4506.981279661216,300.46541864408107,18519.90639830608,122,118,0,0.0843005170000879
boundary,91035,v2,plus,15,15,4192.262230319654,279.4841486879769,16236.311151598271,146,140,0,0.19900420999999824
boundary,91035,v3,plus,15,15,4161.289786614419,277.419319107628,16581.448933072097,129,125,0,0.09240362599996388
boundary,91035,v2,smooth,15,15,4218.822618281627,281.25484121877514,16289.113091408137,149,141,0,0.21681934100001854
boundary,91035,v3,smooth,15,15,4165.991152189413,277.7327434792942,16574.955760947065,130,126,0,0.08985832599989863
boundary,91036,v2,alternating,12,12,3968.1514964951657,330.67929137459714,14985.757482475829,153,146,0,0.19501493300003858
boundary,91036,v3,alternating,12,12,3849.3969613342233,320.78308011118526,15166.984806671117,127,121,0,0.07238365000000613
boundary,91036,v2,hash,12,12,3952.807634843141,329.4006362369284,14959.038174215704,151,146,0,0.2298738050000111
boundary,91036,v3,hash,12,12,4140.12048784373,345.0100406536442,16790.602439218652,121,117,0,0.06693418600002587
boundary,91036,v2,minus,12,12,3965.870677832387,330.4892231526989,15049.353389161935,150,146,0,0.1777558809999391
boundary,91036,v3,minus,12,12,4141.260684694319,345.10505705785994,16771.303423471596,122,117,0,0.07296268700008568
boundary,91036,v2,plus,12,12,4024.6924950699786,335.39104125583157,15493.462475349894,145,141,0,0.17851315500001874
boundary,91036,v3,plus,12,12,3853.4046470967273,321.11705392472726,15177.023235483637,127,123,0,0.07850867000001926
boundary,91036,v2,smooth,12,12,3970.387044397713,330.86558703314273,15071.935221988564,150,146,0,0.18316731599998093
boundary,91036,v3,smooth,12,12,4149.7727284148405,345.81439403457006,16778.863642074204,123,119,0,0.07243961900007889
boundary,91037,v2,alternating,15,15,4332.209210325656,288.81394735504375,17056.04605162828,142,136,0,0.28067593399998714
boundary,91037,v3,alternating,15,15,4375.8239559402655,291.72159706268434,17864.119779701326,122,118,0,0.08025999000005868
boundary,91037,v2,hash,15,15,4043.0952038803453,269.53968025868966,15850.476019401727,133,133,0,0.22548117799999545
boundary,91037,v3,hash,15,15,4244.725056871301,282.98167045808674,17193.625284356505,123,116,0,0.08322514599990427
boundary,91037,v2,minus,15,15,4333.997101121573,288.93314007477153,17029.985505607863,143,138,0,0.2555466260000685
boundary,91037,v3,minus,15,15,4254.605238274973,283.64034921833155,17208.026191374865,124,118,0,0.08521564899990608
boundary,91037,v2,plus,15,15,4056.509063891578,270.4339375927719,15867.545319457891,135,133,0,0.20393504900005155
boundary,91037,v3,plus,15,15,4387.509032660024,292.50060217733494,17862.54516330012,124,120,0,0.0928251379999665
boundary,91037,v2,smooth,15,15,4348.152861446903,289.8768574297936,17140.764307234516,142,135,0,0.2478112260000671
boundary,91037,v3,smooth,15,15,4274.421149747412,284.96140998316076,17217.105748737056,127,121,0,0.088332310999931
boundary,91038,v2,alternating,13,13,3675.5779915564167,282.7367685812628,14037.889957782083,135,128,0,0.22260476100007054
boundary,91038,v3,alternating,13,13,3777.338212075542,290.56447785196474,14676.691060377709,130,127,0,0.08251024000003326
boundary,91038,v2,hash,13,13,3661.889702571748,281.68382327474984,14014.44851285874,133,129,0,0.23068946599994433
boundary,91038,v3,hash,13,13,3732.145684378753,287.08812956759635,14690.728421893764,122,119,0,0.0687981819999095
boundary,91038,v2,minus,13,13,3675.6364127509023,282.74126251930016,14033.182063754512,135,129,0,0.20291663000000426
boundary,91038,v3,minus,13,13,3770.721904381163,290.0555311062433,14703.609521905813,128,125,0,0.07606315100008487
boundary,91038,v2,plus,13,13,3693.499756148387,284.11536585756824,14182.498780741935,133,127,0,0.2136122179999802
boundary,91038,v3,plus,13,13,3985.1779683874347,306.55215141441806,15720.889841937173,130,126,0,0.07285489999992478
boundary,91038,v2,smooth,13,13,3677.529083175185,282.8868525519373,14012.645415875924,136,130,0,0.20858292700006587
boundary,91038,v3,smooth,13,13,3977.6516853125468,305.9732065625036,15733.258426562734,128,126,0,0.07554840499994953
boundary,91039,v2,alternating,11,11,3861.4554254663585,351.0414023151235,14467.277127331792,153,148,0,0.18952913600003285
boundary,91039,v3,alternating,11,11,3693.626642792446,335.78424025385874,14363.13321396223,129,121,0,0.0733479159999888
boundary,91039,v2,hash,11,11,3851.009937292514,350.09181248113765,14440.049686462571,152,148,0,0.20421203699993384
boundary,91039,v3,hash,11,11,3662.07872926514,332.9162481150127,14370.3936463257,123,118,0,0.06217022900000302
boundary,91039,v2,minus,11,11,3633.7402688448014,330.3400244404365,13618.701344224008,143,140,0,0.16844045000004826
boundary,91039,v3,minus,11,11,3911.158746007154,355.55988600065035,15540.79373003577,126,118,0,0.07128422100004173
boundary,91039,v2,plus,11,11,3860.737827197707,350.9761661088824,14463.689135988534,153,148,0,0.17877614200006064
boundary,91039,v3,plus,11,11,3701.7012349493825,336.5182940863075,14368.506174746914,130,123,0,0.07811227199999848
boundary,91039,v2,smooth,11,11,3651.779152569755,331.9799229608868,13648.895762848773,145,142,0,0.172009968999987
boundary,91039,v3,smooth,11,11,3913.2572772933117,355.75066157211927,15551.28638646656,126,118,0,0.0640176250000195
boundary,91040,v2,alternating,12,12,4268.993594166557,355.74946618054645,16524.967970832786,152,144,0,0.20130490500002907
boundary,91040,v3,alternating,12,12,4440.871889885237,370.07265749043637,18099.359449426185,129,116,0,0.07413171099994997
boundary,91040,v2,hash,12,12,3775.7876378923092,314.6489698243591,14188.938189461545,147,143,0,0.24414412200007973
boundary,91040,v3,hash,12,12,4429.60029589758,369.13335799146495,18093.0014794879,127,116,0,0.07525065900006211
boundary,91040,v2,minus,12,12,4267.4638271199665,355.6219855933305,16487.31913559983,153,145,0,0.18867144699993332
boundary,91040,v3,minus,12,12,4106.465059021496,342.20542158512467,16472.32529510748,127,117,0,0.08009879400003683
boundary,91040,v2,plus,12,12,3770.6393633569946,314.2199469464162,14198.196816784974,146,141,0,0.18349557099998037
boundary,91040,v3,plus,12,12,4427.860364553319,368.9883637127766,18094.301822766596,127,114,0,0.07681388999992578
boundary,91040,v2,smooth,12,12,3787.881624526879,315.65680204390657,14214.408122634395,148,145,0,0.19061834399997224
boundary,91040,v3,smooth,12,12,4117.5805540485935,343.1317128373828,16487.902770242967,128,120,0,0.07465723400002844
boundary,91041,v2,alternating,11,11,3748.261467305144,340.7510424822858,14136.307336525719,145,141,0,0.23044461999995747
boundary,91041,v3,alternating,11,11,3953.6593590360503,359.4235780941864,15628.296795180251,130,123,0,0.06707682199998999
boundary,91041,v2,hash,11,11,4008.1504410364446,364.37731282149497,15360.752205182223,148,141,0,0.24441250699999273
boundary,91041,v3,hash,11,11,3980.728573650805,361.8844157864368,15698.642868254026,132,126,0,0.06973106100008408
boundary,91041,v2,minus,11,11,3752.5531956153695,341.1411996013972,14157.765978076848,145,141,0,0.16150886799994169
boundary,91041,v3,minus,11,11,3955.710971142549,359.6100882856863,15648.554855712746,130,121,0,0.06691263200002595
boundary,91041,v2,plus,11,11,3991.4766917462593,362.86151743147815,15362.383458731296,145,139,0,0.163822992000064
boundary,91041,v3,plus,11,11,4145.312376585922,376.84657968962927,16676.561882929607,127,120,0,0.06914931599999363
boundary,91041,v2,smooth,11,11,3993.792229426542,363.0720208569583,15313.96114713271,147,141,0,0.19004918400003135
boundary,91041,v3,smooth,11,11,4168.26019929844,378.93274539076725,16766.3009964922,128,120,0,0.07242759000007482
boundary,91042,v2,alternating,15,15,3955.894201462096,263.7262800974731,15294.471007310482,137,137,0,0.2733379950000199
boundary,91042,v3,alternating,15,15,4515.586461619472,301.03909744129817,18482.93230809736,125,119,0,0.08869938999998794
boundary,91042,v2,hash,15,15,4176.815195807707,278.45434638718046,16034.075979038536,150,145,0,0.2804858819999936
boundary,91042,v3,hash,15,15,3870.9203215415973,258.06135476943984,15064.601607707988,130,133,0,0.09075652300009551
boundary,91042,v2,minus,15,15,3946.3193600831396,263.087957338876,15271.596800415698,136,137,0,0.17888625399996272
boundary,91042,v3,minus,15,15,3869.243251595687,257.94955010637915,15041.216257978436,131,131,0,0.08777513699999417
boundary,91042,v2,plus,15,15,4173.701843779047,278.24678958526977,16048.509218895233,149,144,0,0.21118356899989976
boundary,91042,v3,plus,15,15,4501.026265592636,300.06841770617575,18455.13132796318,123,120,0,0.07733271400002195
boundary,91042,v2,smooth,15,15,3953.2448501884396,263.5496566792293,15276.224250942198,137,138,0,0.18747696800005542
boundary,91042,v3,smooth,15,15,3860.3814648746984,257.3587643249799,15046.907324373493,129,131,0,0.08480455099993378
boundary,91043,v2,alternating,14,14,4148.141433819546,296.2958167013962,16260.707169097734,139,131,0,0.27619294700002683
boundary,91043,v3,alternating,14,14,4047.071863801579,289.0765617001128,15975.359319007895,131,127,0,0.09645621899994694
boundary,91043,v2,hash,14,14,4162.740201635674,297.33858583111953,16128.70100817837,145,142,0,0.2354164780000474
boundary,91043,v3,hash,14,14,4006.114324447897,286.1510231748498,15905.571622239486,126,125,0,0.0790586619999658
boundary,91043,v2,minus,14,14,4117.926098768534,294.1375784834667,16099.63049384267,139,133,0,0.23320594199992684
boundary,91043,v3,minus,14,14,4033.349624784291,288.0964017703065,15946.748123921454,130,124,0,0.09581861499998467
boundary,91043,v2,plus,14,14,4159.629999023841,297.11642850170296,16123.149995119205,145,140,0,0.20063758700007384
boundary,91043,v3,plus,14,14,4139.634646755991,295.68818905399934,16668.173233779955,124,116,0,0.07960622900009184
boundary,91043,v2,smooth,14,14,4119.021548346207,294.2158248818719,16090.107741731037,139,136,0,0.21706537700003992
boundary,91043,v3,smooth,14,14,4149.391559563808,296.38511139741485,16701.95779781904,124,119,0,0.07983310899999196
boundary,91044,v2,alternating,12,12,4633.047645172613,386.0873037643844,18330.238225863064,153,142,0,0.27165845299998637
boundary,91044,v3,alternating,12,12,4274.943601352643,356.24530011272026,17154.718006763214,131,129,0,0.07174215099996673
boundary,91044,v2,hash,12,12,4594.635196017587,382.8862663347989,18303.175980087937,147,139,0,0.22167745199999445
boundary,91044,v3,hash,12,12,3792.29969435429,316.0249745295242,14726.498471771449,131,132,0,0.079464845000075
boundary,91044,v2,minus,12,12,4606.280697530471,383.85672479420595,18301.403487652355,149,141,0,0.19412246299998515
boundary,91044,v3,minus,12,12,4254.651392226878,354.5542826855731,17113.25696113439,129,127,0,0.06877544299993588
boundary,91044,v2,plus,12,12,3806.7263249600855,317.2271937466738,14283.631624800428,149,145,0,0.1777584440000055
boundary,91044,v3,plus,12,12,3774.943237302617,314.5786031085514,14684.716186513086,130,128,0,0.07708686300009049
boundary,91044,v2,smooth,12,12,3831.9892795912683,319.33243996593905,14314.94639795634,152,149,0,0.20896927100000084
boundary,91044,v3,smooth,12,12,4517.3702284424335,376.44751903686944,18381.851142212166,131,126,0,0.07443258000000696
boundary,91045,v2,alternating,10,10,3606.413689957721,360.6413689957721,13312.068449788605,150,144,0,0.21579084199993304
boundary,91045,v3,alternating,10,10,3748.1979700000693,374.81979700000693,14715.989850000346,127,120,0,0.06659876000003351
boundary,91045,v2,hash,10,10,3617.598859174768,361.7598859174768,13307.994295873841,152,146,0,0.2069291319999138
boundary,91045,v3,hash,10,10,3834.5656220895203,383.45656220895205,15107.828110447601,128,123,0,0.05913821800004371
boundary,91045,v2,minus,10,10,3599.655765326425,359.9655765326425,13303.278826632124,149,144,0,0.1642761690000043
boundary,91045,v3,minus,10,10,3737.4585267616258,373.7458526761626,14712.292633808129,125,120,0,0.06349833199999466
boundary,91045,v2,plus,10,10,3828.9369672838116,382.89369672838114,14504.684836419057,147,143,0,0.16887082799996733
boundary,91045,v3,plus,10,10,3848.9150012004097,384.891500120041,15134.57500600205,130,122,0,0.059622248999971816
boundary,91045,v2,smooth,10,10,3841.3116991975658,384.1311699197566,14516.558495987829,149,143,0,0.16579358199999206
boundary,91045,v3,smooth,10,10,3868.444394451181,386.8444394451181,15167.221972255904,132,125,0,0.0678622529999302
boundary,91046,v2,alternating,16,16,4216.823878290296,263.5514923931435,16369.11939145148,144,143,0,0.20834086799993656
boundary,91046,v3,alternating,16,16,4313.531954453105,269.59574715331905,17027.659772265524,138,138,0,0.0949907849999363
boundary,91046,v2,hash,16,16,4237.041538757225,264.81509617232655,16425.207693786124,146,142,0,0.25143372399998043
boundary,91046,v3,hash,16,16,4273.722449503346,267.10765309395913,16953.61224751673,134,133,0,0.08431312999994134
boundary,91046,v2,minus,16,16,4242.223834370211,265.1389896481382,16476.119171851056,145,142,0,0.19586939199996323
boundary,91046,v3,minus,16,16,4276.221931743602,267.2638707339751,17001.10965871801,133,131,0,0.08346807800000988
boundary,91046,v2,plus,16,16,4146.870318223904,259.179394888994,16129.351591119523,141,136,0,0.2118232349999971
boundary,91046,v3,plus,16,16,4119.196198359959,257.44976239749747,16750.980991799795,115,114,0,0.08944847699990532
boundary,91046,v2,smooth,16,16,4240.622582145252,265.03891138407823,16428.112910726257,146,145,0,0.20900021800002833
boundary,91046,v3,smooth,16,16,4288.208003980709,268.0130002487943,16991.040019903543,135,135,0,0.0867436409999982
boundary,91047,v2,alternating,11,11,3863.75453093127,351.2504119028427,14608.77265465635,149,142,0,0.1626625009999998
boundary,91047,v3,alternating,11,11,3859.8228225039206,350.8929838639928,15279.114112519603,126,119,0,0.07820734799997808
boundary,91047,v2,hash,11,11,3848.823970791548,349.8930882537771,14584.119853957742,147,142,0,0.16816990899997108
boundary,91047,v3,hash,11,11,3925.7935452612755,356.8903222964796,15698.967726306379,123,116,0,0.06282303599994066
boundary,91047,v2,minus,11,11,4140.086145176083,376.3714677432803,16095.430725880413,145,141,0,0.14321339599996463
boundary,91047,v3,minus,11,11,3843.618066958791,349.419824268981,15318.090334793955,122,115,0,0.07505596099997547
boundary,91047,v2,plus,11,11,3946.950002981289,358.8136366346626,15049.750014906444,148,142,0,0.16228698199995506
boundary,91047,v3,plus,11,11,3689.304223557433,335.39129305067576,14346.521117787164,129,120,0,0.07516892600006031
boundary,91047,v2,smooth,11,11,3944.9164549990537,358.6287686362776,15029.58227499527,148,144,0,0.18128167800000483
boundary,91047,v3,smooth,11,11,3847.8013374944517,349.8001215904047,15279.006687472258,124,117,0,0.07389769100007015
boundary,91048,v2,alternating,16,16,3993.959174032839,249.62244837705245,15574.795870164196,134,129,0,0.24588602000005721
boundary,91048,v3,alternating,16,16,3962.655139882404,247.66594624265025,15623.275699412021,126,128,0,0.09615641600009894
boundary,91048,v2,hash,16,16,4109.620255800395,256.8512659875247,15508.101279001976,155,153,0,0.2835689790000515
boundary,91048,v3,hash,16,16,3967.88718852385,247.99294928274062,15629.43594261925,127,127,0,0.08686393300001782
boundary,91048,v2,minus,16,16,4111.998045711653,256.9998778569783,16304.990228558261,129,126,0,0.19669865599996683
boundary,91048,v3,minus,16,16,4375.866790056491,273.49167437853066,17994.333950282453,116,117,0,0.06972305499994036
boundary,91048,v2,plus,16,16,4095.787257744832,255.986703609052,15538.93628872416,152,148,0,0.2004821330000368
boundary,91048,v3,plus,16,16,3960.113077169098,247.5070673230686,15620.56538584549,126,126,0,0.08674927000004118
boundary,91048,v2,smooth,16,16,4129.925298411083,258.12033115069266,15539.626492055415,158,152,0,0.25564491300008285
boundary,91048,v3,smooth,16,16,4170.148575598714,260.63428597491964,16835.74287799357,121,118,0,0.08045246500000758
boundary,91049,v2,alternating,15,15,4201.499205680424,280.0999470453616,16642.496028402118,134,128,0,0.25679709799999273
boundary,91049,v3,alternating,15,15,4242.429809754648,282.8286539836432,16602.14904877324,142,137,0,0.08682283400003143
boundary,91049,v2,hash,15,15,4309.999244864566,287.3332829909711,16819.99622432283,146,141,0,0.2578086239999493
boundary,91049,v3,hash,15,15,4226.77219730957,281.78481315397136,16598.860986547854,139,137,0,0.08995489200003703
boundary,91049,v2,minus,15,15,4207.610402505003,280.5073601670002,16668.05201252501,134,129,0,0.22878481199995804
boundary,91049,v3,minus,15,15,4362.236806343886,290.8157870895924,17856.18403171943,120,116,0,0.07739314100001593
boundary,91049,v2,plus,15,15,4317.413654920681,287.8275769947121,16827.068274603407,147,142,0,0.2086556900000005
boundary,91049,v3,plus,15,15,4236.6861157275835,282.44574104850557,16598.43057863792,141,137,0,0.0836567679999689
boundary,91049,v2,smooth,15,15,4185.652033836062,279.04346892240414,16638.26016918031,131,128,0,0.209732623999912
boundary,91049,v3,smooth,15,15,4228.594582267041,281.9063054844694,16612.972911335204,139,136,0,0.09177454200005286
special,93000,v2,alternating,10,10,1823.0796529082575,182.30796529082573,6200.398264541287,90,83,0,0.01005093300000226
special,93000,v3,alternating,10,10,2131.844954427932,213.1844954427932,7404.224772139659,100,101,0,0.04511320899996463
special,93000,v2,hash,10,10,1823.0796529082575,182.30796529082573,6200.398264541287,90,83,0,0.02974490499991589
special,93000,v3,hash,10,10,2141.4831923351403,214.14831923351403,7392.415961675702,102,103,0,0.045372093000082714
special,93000,v2,minus,10,10,1823.0796529082575,182.30796529082573,6200.398264541287,90,83,0,0.010108061999972051
special,93000,v3,minus,10,10,2128.6722471586572,212.86722471586572,7383.361235793285,100,102,0,0.03068628500000159
special,93000,v2,plus,10,10,1823.0796529082575,182.30796529082573,6200.398264541287,90,83,0,0.010067538000043896
special,93000,v3,plus,10,10,2128.672247158657,212.8672247158657,7383.361235793284,100,102,0,0.030214104000037878
special,93000,v2,smooth,10,10,1823.0796529082575,182.30796529082573,6200.398264541287,90,83,0,0.01015875899997809
special,93000,v3,smooth,10,10,2157.3242561449283,215.73242561449283,7381.621280724641,105,106,0,0.04053853999994317
special,93001,v2,alternating,11,11,2552.941371536678,232.0855792306071,7529.706857683392,165,167,0,0.10654091299988977
special,93001,v3,alternating,11,11,2144.142104622515,194.92200951113773,7555.710523112575,96,98,0,0.037761141000032694
special,93001,v2,hash,11,11,2603.7105227916904,236.7009566174264,7638.552613958452,170,171,0,0.10971920000008595
special,93001,v3,hash,11,11,2160.1535066777265,196.37759151615694,7535.767533388632,99,103,0,0.03967209199993249
special,93001,v2,minus,11,11,2710.6507944675895,246.4227994970536,8183.253972337949,171,164,0,0.15016479899998103
special,93001,v3,minus,11,11,2137.894669298677,194.35406084533426,7519.473346493384,96,99,0,0.0287908420000349
special,93001,v2,plus,11,11,2711.1020174657197,246.46381976961086,8185.510087328599,171,164,0,0.1546873620000042
special,93001,v3,plus,11,11,2137.894669298677,194.35406084533426,7519.473346493384,96,99,0,0.028981350999970346
special,93001,v2,smooth,11,11,2608.1234880100965,237.10213527364513,7730.617440050482,168,167,0,0.13324111299994001
special,93001,v3,smooth,11,11,2179.288841698396,198.1171674271269,7541.44420849198,102,106,0,0.040186376999940876
special,93002,v2,alternating,12,12,2781.1330428820743,231.76108690683952,10255.665214410372,111,115,0,0.22064543200008302
special,93002,v3,alternating,12,12,2966.258390198823,247.18819918323524,11236.291950994113,110,109,0,0.09130526700005248
special,93002,v2,hash,12,12,2775.2941454334664,231.27451211945552,10146.470727167332,114,116,0,0.2581099599999561
special,93002,v3,hash,12,12,2945.830027725999,245.48583564383327,11424.150138629995,101,96,0,0.08779662200004168
special,93002,v2,minus,12,12,2798.0635822501085,233.17196518750904,10250.317911250542,114,118,0,0.20506120000004557
special,93002,v3,minus,12,12,2942.469308527107,245.20577571059223,11097.346542635534,110,113,0,0.09676850999994713
special,93002,v2,plus,12,12,2798.0635822176564,233.1719651848047,10250.317911088281,114,118,0,0.21484474999999748
special,93002,v3,plus,12,12,2943.145859323814,245.26215494365115,11100.729296619069,110,113,0,0.08942958800002998
special,93002,v2,smooth,12,12,2984.3636659755603,248.69697216463,11201.818329877802,114,114,0,0.28332659700004115
special,93002,v3,smooth,12,12,2871.392648196221,239.28272068301843,10821.963240981106,107,112,0,0.0869531470000311
special,93003,v2,alternating,13,13,2593.3668440012943,199.4897572308688,7606.834220006471,167,172,0,0.1158468900000571
special,93003,v3,alternating,13,13,2177.8053418728873,167.52348783637595,7629.026709364436,97,102,0,0.05447766700001466
special,93003,v2,hash,13,13,2610.639671548615,200.81843627297036,7603.198357743075,170,175,0,0.13832333200002722
special,93003,v3,hash,13,13,2159.701949770949,166.13091921314992,7593.509748854745,95,101,0,0.055086727999992036
special,93003,v2,minus,13,13,2628.8491689716757,202.21916684397505,7604.245844858378,173,178,0,0.12553541700003734
special,93003,v3,minus,13,13,2216.4255299761703,170.49427153662847,7637.127649880851,103,109,0,0.07140150999998696
special,93003,v2,plus,13,13,2565.1531507231593,197.3194731325507,7590.765753615797,163,167,0,0.09804405299996688
special,93003,v3,plus,13,13,2216.42552997617,170.49427153662845,7637.127649880848,103,109,0,0.07114185200009615
special,93003,v2,smooth,13,13,2606.0837971560522,200.4679843966194,7610.418985780261,169,174,0,0.11702678999995442
special,93003,v3,smooth,13,13,2164.3791128622725,166.49070098940558,7616.895564311363,95,101,0,0.0581446109999888
special,93004,v2,alternating,14,14,2025.3449807677432,144.66749862626736,7076.724903838716,90,90,0,0.347658043000024
special,93004,v3,alternating,14,14,1845.9972053984723,131.85694324274803,6684.986026992361,72,79,0,0.03989399299996421
special,93004,v2,hash,14,14,1918.9728783674036,137.0694913119574,6509.864391837018,90,97,0,0.2894615510000449
special,93004,v3,hash,14,14,1831.6169634929197,130.8297831066371,6673.084817464598,70,77,0,0.04145542600008412
special,93004,v2,minus,14,14,2073.9885069182806,148.14203620844862,7324.942534591403,90,89,0,0.26310990299998593
special,93004,v3,minus,14,14,1825.341525367659,130.38153752626135,6641.707626838295,70,77,0,0.02821049600004244
special,93004,v2,plus,14,14,1924.554579938597,137.46818428132835,6532.772899692985,90,98,0,0.16633044000002428
special,93004,v3,plus,14,14,1832.415953068359,130.88685379059706,6677.079765341795,70,77,0,0.032063686999890706
special,93004,v2,smooth,14,14,1917.6462874881229,136.9747348205802,6513.231437440614,90,95,0,0.15816120499994213
special,93004,v3,smooth,14,14,1832.9838834670884,130.92742024764917,6679.919417335442,70,77,0,0.04016769899999417
special,93005,v2,alternating,15,15,1638.0796529082575,109.20531019388383,6200.398264541287,55,48,0,0.010813345000087793
special,93005,v3,alternating,15,15,2041.8449544279317,136.12299696186213,7404.224772139659,80,86,0,0.056007518000001255
special,93005,v2,hash,15,15,1638.0796529082575,109.20531019388383,6200.398264541287,55,48,0,0.033368189999919196
special,93005,v3,hash,15,15,2052.1408054030235,136.80938702686822,7455.704027015118,81,81,0,0.06128293799997664
special,93005,v2,minus,15,15,1638.0796529082575,109.20531019388383,6200.398264541287,55,48,0,0.010086088999969434
special,93005,v3,minus,15,15,2038.672247158657,135.91148314391046,7383.361235793285,80,87,0,0.04452670299997408
special,93005,v2,plus,15,15,1638.0796529082575,109.20531019388383,6200.398264541287,55,48,0,0.010136742999975468
special,93005,v3,plus,15,15,2038.6722471586568,135.91148314391046,7383.361235793284,80,87,0,0.040904253000007884
special,93005,v2,smooth,15,15,1638.0796529082575,109.20531019388383,6200.398264541287,55,48,0,0.01092148099996848
special,93005,v3,smooth,15,15,2082.706719058782,138.84711460391878,7473.533595293909,85,88,0,0.07435084600001574
special,93006,v2,alternating,16,16,2223.9384449184536,138.99615280740335,5874.692224592267,160,169,0,0.08820393299993157
special,93006,v3,alternating,16,16,764.3098162024676,47.76936351265422,1826.5490810123376,51,64,0,0.03500227300003189
special,93006,v2,hash,16,16,2245.4943942578193,140.3433996411137,5927.4719712890965,162,170,0,0.13856222099991555
special,93006,v3,hash,16,16,797.5021764121176,49.84388602575735,2007.5108820605878,51,61,0,0.03879579700003433
special,93006,v2,minus,16,16,2173.7126322292575,135.8570395143286,5863.563161146287,152,161,0,0.06596253000009256
special,93006,v3,minus,16,16,758.0424959259287,47.377655995370546,1790.2124796296434,51,65,0,0.030462713000019903
special,93006,v2,plus,16,16,2272.3515768106654,142.0219735506666,5876.757884053326,168,177,0,0.09343272700004945
special,93006,v3,plus,16,16,758.0424959259287,47.377655995370546,1790.2124796296434,51,65,0,0.027149983999947835
special,93006,v2,smooth,16,16,2271.4497399340244,141.96560874587652,6042.248699670123,163,168,0,0.13830729799997243
special,93006,v3,smooth,16,16,760.3311723269702,47.52069827043564,1806.6558616348511,51,64,0,0.031938736000029166
special,93007,v2,alternating,10,10,2989.32551921833,298.932551921833,10996.62759609165,123,125,0,0.18312739099997088
special,93007,v3,alternating,10,10,2854.0569203635805,285.40569203635806,10535.284601817903,116,117,0,0.06615929599990977
special,93007,v2,hash,10,10,2991.0636221530667,299.10636221530666,10990.318110765334,124,123,0,0.21982311099998242
special,93007,v3,hash,10,10,2850.6044450331474,285.0604445033147,10518.022225165738,116,117,0,0.07016532700004063
special,93007,v2,minus,10,10,3090.1135136511884,309.01135136511886,11550.567568255943,122,120,0,0.17008825999994315
special,93007,v3,minus,10,10,2843.5341623810937,284.3534162381094,10512.67081190547,115,116,0,0.06763677300000381
special,93007,v2,plus,10,10,3090.1135136506587,309.0113513650659,11550.567568253293,122,120,0,0.16643929499991827
special,93007,v3,plus,10,10,2852.015427325949,285.20154273259493,10525.077136629745,116,117,0,0.0670137159999058
special,93007,v2,smooth,10,10,3065.409936023208,306.5409936023208,11342.04968011604,125,122,0,0.20841115700000046
special,93007,v3,smooth,10,10,2838.437189618392,283.8437189618392,10512.185948091961,114,116,0,0.06631677699999727
special,93008,v2,alternating,11,11,2533.457931562502,230.3143574147729,7362.28965781251,167,171,0,0.11467704399990453
special,93008,v3,alternating,11,11,2156.666917874132,196.06062889764837,7608.334589370661,96,100,0,0.045836521999945035
special,93008,v2,hash,11,11,2539.785088896323,230.88955353602935,7358.925444481614,168,173,0,0.15144987099995433
special,93008,v3,hash,11,11,2160.4477823642947,196.4043438512995,7627.238911821473,96,100,0,0.04186772799994287
special,93008,v2,minus,11,11,2540.4654402414712,230.95140365831557,7397.327201207357,167,171,0,0.10298759099998733
special,93008,v3,minus,11,11,2237.667887393541,203.42435339941284,7623.339436967706,109,113,0,0.0647772840000016
special,93008,v2,plus,11,11,2552.790613938534,232.0718739944122,7338.9530696926695,171,175,0,0.1170438550000199
special,93008,v3,plus,11,11,2236.6678873933743,203.33344430848857,7623.339436966871,109,112,0,0.060089766000032796
special,93008,v2,smooth,11,11,2501.427105489647,227.40246413542246,7417.135527448236,160,163,0,0.09728410599996096
special,93008,v3,smooth,11,11,2201.2524821039233,200.11386200944756,7591.262410519617,104,108,0,0.050608534000048166
special,93009,v2,alternating,12,12,2085.7306775014863,173.81088979179052,7083.653387507431,102,99,0,0.28396594399998776
special,93009,v3,alternating,12,12,1985.473932405712,165.45616103380934,7067.36966202856,85,87,0,0.04400725699997565
special,93009,v2,hash,12,12,1972.9381375595217,164.41151146329346,6519.690687797609,101,104,0,0.20727350300001035
special,93009,v3,hash,12,12,1879.4324126846539,156.61936772372115,6677.1620634232695,80,84,0,0.03834706100008134
special,93009,v2,minus,12,12,2019.251558619609,168.27096321830075,6781.257793098045,100,103,0,0.14964228899998488
special,93009,v3,minus,12,12,1871.28121466291,155.94010122190917,6646.406073314551,80,82,0,0.026130973999897833
special,93009,v2,plus,12,12,1964.072474894958,163.67270624124652,6495.36237447479,100,105,0,0.16383002299994587
special,93009,v3,plus,12,12,1880.1437743391944,156.67864786159953,6675.718871695972,80,85,0,0.030895603999965715
special,93009,v2,smooth,12,12,1965.9560314331175,163.82966928609312,6504.780157165587,100,105,0,0.1745708979999563
special,93009,v3,smooth,12,12,1886.035519454531,157.1696266212109,6675.177597272655,81,86,0,0.035631015000035404
special,93010,v2,alternating,13,13,1711.0796529082575,131.62151176217364,6200.398264541287,69,61,0,0.010448874000076103
special,93010,v3,alternating,13,13,2077.844954427932,159.83422726368707,7404.224772139659,88,92,0,0.05535236799994436
special,93010,v2,hash,13,13,1711.0796529082575,131.62151176217364,6200.398264541287,69,61,0,0.010454984999910266
special,93010,v3,hash,13,13,2093.2668470302274,161.02052669463288,7466.334235151137,89,90,0,0.062255068000013125
special,93010,v2,minus,13,13,1711.0796529082575,131.62151176217364,6200.398264541287,69,61,0,0.012401037000017823
special,93010,v3,minus,13,13,2074.6722471586572,159.59017285835824,7383.361235793285,88,93,0,0.03768138200007343
special,93010,v2,plus,13,13,1711.0796529082575,131.62151176217364,6200.398264541287,69,61,0,0.010345708999921044
special,93010,v3,plus,13,13,2075.672247158657,159.66709593528128,7383.361235793284,88,94,0,0.035705508999967606
special,93010,v2,smooth,13,13,1711.0796529082575,131.62151176217364,6200.398264541287,69,61,0,0.010588578000010784
special,93010,v3,smooth,13,13,2081.6638272203886,160.12798670926065,7403.3191361019435,89,91,0,0.053874427999971886
special,93011,v2,alternating,14,14,2577.941371536678,184.13866939547702,7529.706857683392,166,172,0,0.08009060699998827
special,93011,v3,alternating,14,14,2090.142104622515,149.29586461589392,7555.710523112575,84,89,0,0.044003662000022814
special,93011,v2,hash,14,14,2620.0428422635005,187.14591730453574,7630.214211317503,170,174,0,0.12146196000003329
special,93011,v3,hash,14,14,2090.227018562167,149.30192989729764,7551.135092810835,84,90,0,0.04344952799999646
special,93011,v2,minus,14,14,2783.112789894515,198.79377070675108,8380.563949472576,174,167,0,0.20869276700000228
special,93011,v3,minus,14,14,2084.894669298677,148.92104780704835,7519.473346493384,84,91,0,0.0346482699999342
special,93011,v2,plus,14,14,2783.753509126933,198.8395363662095,8383.767545634664,174,167,0,0.2053587589999779
special,93011,v3,plus,14,14,2084.894669298677,148.92104780704835,7519.473346493384,84,91,0,0.033981865999976435
special,93011,v2,smooth,14,14,2638.2798160667126,188.44855829047947,7696.399080333562,171,174,0,0.1245443029999933
special,93011,v3,smooth,14,14,2121.5941932306287,151.54244237361632,7717.970966153144,84,88,0,0.04665498099996057
special,93012,v2,alternating,15,15,2722.968165638762,181.53121104258415,10189.84082819381,101,105,0,0.2602250349999622
special,93012,v3,alternating,15,15,2932.6121170340225,195.50747446893484,11298.060585170113,99,103,0,0.10409611199997926
special,93012,v2,hash,15,15,2875.548383164218,191.70322554428122,11092.74191582109,97,97,0,0.3235615160000407
special,93012,v3,hash,15,15,3053.4241501550164,203.56161001033442,12052.120750775082,94,98,0,0.11366582200002995
special,93012,v2,minus,15,15,2724.1564007796896,181.61042671864598,10195.782003898448,101,105,0,0.2926551030000155
special,93012,v3,minus,15,15,2952.5311477356563,196.83540984904374,11497.65573867828,96,98,0,0.10565054799997142
special,93012,v2,plus,15,15,2724.1564007470533,181.61042671647022,10195.782003735267,101,105,0,0.28936380300001474
special,93012,v3,plus,15,15,2966.949086278546,197.79660575190306,11579.74543139273,96,96,0,0.09544050900001366
special,93012,v2,smooth,15,15,2864.412067555785,190.960804503719,10947.060337778925,99,105,0,0.2909960450000426
special,93012,v3,smooth,15,15,2961.0928871521037,197.40619247680692,11515.464435760518,97,98,0,0.10417696999991222
special,93013,v2,alternating,16,16,2338.887441992869,146.1804651245543,6214.437209964345,168,176,0,0.10852154399992742
special,93013,v3,alternating,16,16,887.7419693951086,55.48387308719429,1898.709846975543,69,83,0,0.05271869900002457
special,93013,v2,hash,16,16,2352.284208770256,147.017763048141,6196.42104385128,171,178,0,0.13757355899997492
special,93013,v3,hash,16,16,875.6781024405332,54.72988140253332,1898.390512202666,67,81,0,0.04868633000000955
special,93013,v2,minus,16,16,2350.835240696144,146.927202543509,6219.176203480719,170,177,0,0.10338041399995745
special,93013,v3,minus,16,16,903.6367019729785,56.477293873311154,1918.1835098648926,71,85,0,0.05155176499999925
special,93013,v2,plus,16,16,2358.624608456146,147.4140380285091,6198.123042280728,172,179,0,0.11938141600001018
special,93013,v3,plus,16,16,903.6367019729782,56.47729387331114,1918.1835098648914,71,85,0,0.05352799299998878
special,93013,v2,smooth,16,16,2360.0976198555063,147.50610124096914,6205.4880992775325,172,179,0,0.14335421800001313
special,93013,v3,smooth,16,16,784.169643800951,49.01060273755944,1890.8482190047553,52,66,0,0.03522632399995018
special,93014,v2,alternating,10,10,2086.1519122773957,208.61519122773956,6890.759561386979,110,108,0,0.15845305200002713
special,93014,v3,alternating,10,10,1950.8672244614233,195.08672244614235,6679.336122307117,94,95,0,0.035337970000000496
special,93014,v2,hash,10,10,2037.705037079001,203.7705037079001,6608.525185395005,111,111,0,0.20325652400003946
special,93014,v3,hash,10,10,1955.3360417532083,195.53360417532082,6671.680208766042,95,96,0,0.03421093200006453
special,93014,v2,minus,10,10,2133.08026911978,213.308026911978,7140.401345598901,110,105,0,0.18849834499997087
special,93014,v3,minus,10,10,1921.4148107091034,192.14148107091034,6642.074053545517,90,93,0,0.02750131400000555
special,93014,v2,plus,10,10,2021.2107959502753,202.12107959502754,6536.053979751377,110,114,0,0.12159378799992737
special,93014,v3,plus,10,10,1926.3510451810432,192.63510451810433,6666.755225905216,90,93,0,0.024365568999996867
special,93014,v2,smooth,10,10,2015.8094860600818,201.58094860600818,6504.047430300409,111,110,0,0.1100844259999576
special,93014,v3,smooth,10,10,1964.3137004974724,196.43137004974724,6676.568502487362,96,99,0,0.033279251000067234
special,93015,v2,alternating,11,11,1786.0796529082575,162.37087753711432,6200.398264541287,83,76,0,0.010106407000080253
special,93015,v3,alternating,11,11,2113.844954427932,192.167723129812,7404.224772139659,96,98,0,0.056620974999987084
special,93015,v2,hash,11,11,1786.0796529082575,162.37087753711432,6200.398264541287,83,76,0,0.011894198000049983
special,93015,v3,hash,11,11,2158.672451913195,196.2429501739268,7473.362259565975,102,99,0,0.05699431599998661
special,93015,v2,minus,11,11,1786.0796529082575,162.37087753711432,6200.398264541287,83,76,0,0.010076664999928653
special,93015,v3,minus,11,11,2110.6722471586572,191.87929519624157,7383.361235793285,96,99,0,0.03269183500003692
special,93015,v2,plus,11,11,1786.0796529082575,162.37087753711432,6200.398264541287,83,76,0,0.01075052000010146
special,93015,v3,plus,11,11,2110.672247158657,191.87929519624151,7383.361235793284,96,99,0,0.03514797700006511
special,93015,v2,smooth,11,11,1786.0796529082575,162.37087753711432,6200.398264541287,83,76,0,0.01426290599999902
special,93015,v3,smooth,11,11,2121.1406617088383,192.83096924625804,7375.703308544192,98,101,0,0.041858613999920635
special,93016,v2,alternating,12,12,2580.6702782076527,215.0558565173044,7268.351391038263,177,182,0,0.09476450199997544
special,93016,v3,alternating,12,12,2126.142104622515,177.17850871854293,7555.710523112575,92,95,0,0.04102088600006937
special,93016,v2,hash,12,12,2549.084339647106,212.42369497059215,7510.421698235529,164,167,0,0.1727143849999493
special,93016,v3,hash,12,12,2122.1416922708527,176.84514102257106,7535.708461354264,92,95,0,0.04157326300003206
special,93016,v2,minus,12,12,2550.305798035596,212.52548316963302,7266.5289901779815,172,177,0,0.07476691299996219
special,93016,v3,minus,12,12,2120.894669298677,176.7412224415564,7519.473346493384,92,97,0,0.03365968699995392
special,93016,v2,plus,12,12,2784.5354114873444,232.04461762394536,8492.677057436722,172,166,0,0.17065484399995512
special,93016,v3,plus,12,12,2120.894669298677,176.7412224415564,7519.473346493384,92,97,0,0.029700658000024305
special,93016,v2,smooth,12,12,2604.2831443831974,217.02359536526646,7821.415721915987,163,165,0,0.1383663169999636
special,93016,v3,smooth,12,12,2154.408182070114,179.5340151725095,7537.04091035057,97,102,0,0.040771671000015886
special,93017,v2,alternating,13,13,3010.5772811796523,231.58286778305018,11322.886405898262,114,111,0,0.2101583890000711
special,93017,v3,alternating,13,13,3087.409121099538,237.49300931534907,11827.04560549769,110,107,0,0.09340528900008849
special,93017,v2,hash,13,13,2978.86178790831,229.1432144544854,11209.30893954155,112,112,0,0.2510895350000055
special,93017,v3,hash,13,13,3031.1252785923416,233.16348296864166,11610.626392961709,108,104,0,0.09308735499996601
special,93017,v2,minus,13,13,3012.5471788391797,231.73439837224458,11362.735894195897,113,110,0,0.2151062959999308
special,93017,v3,minus,13,13,2997.514189664007,230.578014589539,11457.570948320035,107,106,0,0.09082163700009005
special,93017,v2,plus,13,13,2959.2042171652733,227.63109362809794,11101.021085826367,112,114,0,0.2366139859999521
special,93017,v3,plus,13,13,2988.9047904766485,229.91575311358835,11454.523952383242,106,103,0,0.0837350870000364
special,93017,v2,smooth,13,13,2917.050853112214,224.388527162478,10950.25426556107,110,112,0,0.22591916000010315
special,93017,v3,smooth,13,13,2983.4083385842832,229.49294912186795,11332.041692921417,109,107,0,0.09398191700006464
special,93018,v2,alternating,14,14,2550.9122816738086,182.20802011955774,7364.561408369043,167,173,0,0.1494614090000823
special,93018,v3,alternating,14,14,2155.417424909084,153.958387493506,7602.08712454542,93,100,0,0.0632971819999284
special,93018,v2,hash,14,14,2566.762687945011,183.3401919960722,7413.813439725054,168,174,0,0.18079613399993377
special,93018,v3,hash,14,14,2102.4784131163537,150.177029508311,7607.392065581769,84,91,0,0.048909585999922456
special,93018,v2,minus,14,14,2570.620930416304,183.61578074402172,7398.104652081519,169,176,0,0.14298504099997444
special,93018,v3,minus,14,14,2209.634927467515,157.83106624767964,7638.1746373375745,101,107,0,0.0708412239999916
special,93018,v2,plus,14,14,2588.8411691577403,184.91722636841,7339.205845788701,174,181,0,0.17147410000006857
special,93018,v3,plus,14,14,2210.0747734958786,157.8624838211342,7635.373867479394,101,108,0,0.07461552899997059
special,93018,v2,smooth,14,14,2557.1039035998647,182.65027882856177,7360.5195179993225,168,175,0,0.14446835599994756
special,93018,v3,smooth,14,14,2147.114262261464,153.3653044472474,7620.57131130732,91,98,0,0.05640027399999781
special,93019,v2,alternating,15,15,1944.6686941820335,129.64457961213557,6773.3434709101675,85,90,0,0.2820623090000254
special,93019,v3,alternating,15,15,1826.6243982956887,121.77495988637925,6678.121991478443,68,76,0,0.03862153099998977
special,93019,v2,hash,15,15,1923.9817419151661,128.2654494610111,6639.9087095758305,86,91,0,0.2198933270000225
special,93019,v3,hash,15,15,1827.0308413328762,121.80205608885841,6680.154206664381,68,76,0,0.046797316000038336
special,93019,v2,minus,15,15,2069.281994999034,137.9521329999356,7431.409974995169,85,83,0,0.31485897999993995
special,93019,v3,minus,15,15,1800.5130590603717,120.03420393735811,6642.565295301859,65,72,0,0.03096275300003981
special,93019,v2,plus,15,15,1900.0104756500327,126.66736504333552,6530.052378250164,85,94,0,0.25640530400005446
special,93019,v3,plus,15,15,1806.424776701045,120.42831844673633,6672.1238835052245,65,72,0,0.036262129999954595
special,93019,v2,smooth,15,15,1925.564210170279,128.37094734468528,6647.821050851395,86,91,0,0.30326142000001255
special,93019,v3,smooth,15,15,1826.060810434486,121.73738736229907,6675.30405217243,68,76,0,0.04438171599997531
