profile,kind,seed,mode,noise,repeat,true_sources,cleared,success,virtual_seconds,seconds_per_source,movement_metres,detects,switches,optical_attempts,failed_clears,local_runtime_seconds,error
annex,random,0,future_cover,hash,0,15,15,True,2945.632556359611,196.3755037573074,10488.162781798055,130,123,15,0,0.10514879200491123,
annex,random,0,scenario,hash,0,15,15,True,2979.7202968180545,198.6480197878703,10848.601484090274,124,115,15,0,0.2694624589930754,
annex,random,0,scenario_future,hash,0,15,15,True,2979.7202968180545,198.6480197878703,10848.601484090274,124,115,15,0,0.2742104580102023,
annex,random,0,v3,hash,0,15,15,True,2945.632556359611,196.3755037573074,10488.162781798055,130,123,15,0,0.07921958301449195,
annex,random,1,future_cover,hash,0,13,13,True,3483.5724820105934,267.9671140008149,13042.862410052967,136,130,13,0,0.08900924999034032,
annex,random,1,scenario,hash,0,13,13,True,3461.3534144126556,266.25795495481964,13146.767072063278,129,122,13,0,0.21764129199436866,
annex,random,1,scenario_future,hash,0,13,13,True,3461.3534144126556,266.25795495481964,13146.767072063278,129,122,13,0,0.24119795902515762,
annex,random,1,v3,hash,0,13,13,True,3483.5724820105934,267.9671140008149,13042.862410052967,136,130,13,0,0.06684625000343658,
annex,random,2,future_cover,hash,0,15,15,True,3170.65080955048,211.37672063669868,11808.2540477524,123,119,15,0,0.08851783300633542,
annex,random,2,scenario,hash,0,15,15,True,3241.4609688123073,216.0973979208205,11882.304844061537,133,125,15,0,0.27536120801232755,
annex,random,2,scenario_future,hash,0,15,15,True,3241.4609688123073,216.0973979208205,11882.304844061537,133,125,15,0,0.30051379100768827,
annex,random,2,v3,hash,0,15,15,True,3170.65080955048,211.37672063669868,11808.2540477524,123,119,15,0,0.06294091697782278,
annex,random,3,future_cover,hash,0,15,15,True,3140.2379029334256,209.34919352889503,12071.189514667129,109,106,15,0,0.08933491702191532,
annex,random,3,scenario,hash,0,15,15,True,3375.4388430826484,225.02925620550988,13287.194215413243,108,103,15,0,0.24888516697683372,
annex,random,3,scenario_future,hash,0,15,15,True,3375.4388430826484,225.02925620550988,13287.194215413243,108,103,15,0,0.28084395901532844,
annex,random,3,v3,hash,0,15,15,True,3140.2379029334256,209.34919352889503,12071.189514667129,109,106,15,0,0.06742704199859872,
annex,random,4,future_cover,hash,0,15,15,True,3019.095741645351,201.2730494430234,11025.478708226756,124,119,15,0,0.09796812498825602,
annex,random,4,scenario,hash,0,15,15,True,3101.891820272947,206.79278801819646,11374.459101364735,127,117,15,0,0.2436148750130087,
annex,random,4,scenario_future,hash,0,15,15,True,3101.891820272947,206.79278801819646,11374.459101364735,127,117,15,0,0.2691562910040375,
annex,random,4,v3,hash,0,15,15,True,3019.095741645351,201.2730494430234,11025.478708226756,124,119,15,0,0.0665396660042461,
annex,random,5,future_cover,hash,0,14,14,True,3001.9727883614573,214.4266277401041,10924.863941807287,125,122,14,0,0.10605858400231227,
annex,random,5,scenario,hash,0,14,14,True,3013.4822376700354,215.24873126214538,11367.411188350177,113,105,14,0,0.2189408749982249,
annex,random,5,scenario_future,hash,0,14,14,True,3013.4822376700354,215.24873126214538,11367.411188350177,113,105,14,0,0.3113069999963045,
annex,random,5,v3,hash,0,14,14,True,3001.9727883614573,214.4266277401041,10924.863941807287,125,122,14,0,0.08112841699039564,
annex,random,6,future_cover,hash,0,13,13,True,3078.498179631964,236.80755227938184,11122.49089815982,132,129,13,0,0.12645058298949152,
annex,random,6,scenario,hash,0,13,13,True,3222.685954655225,247.89891958886346,11838.429773276126,133,125,13,0,0.353088707983261,
annex,random,6,scenario_future,hash,0,13,13,True,3222.685954655225,247.89891958886346,11838.429773276126,133,125,13,0,0.4428413750138134,
annex,random,6,v3,hash,0,13,13,True,3078.498179631964,236.80755227938184,11122.49089815982,132,129,13,0,0.12360508300480433,
annex,random,7,future_cover,hash,0,16,16,True,2975.86733947789,185.9917087173681,11209.33669738945,110,104,16,0,0.19437579199438915,
annex,random,7,scenario,hash,0,16,16,True,3010.3156802917733,188.14473001823583,11406.578401458866,109,104,16,0,0.4092205000051763,
annex,random,7,scenario_future,hash,0,16,16,True,3010.3156802917733,188.14473001823583,11406.578401458866,109,104,16,0,0.4536057079967577,
annex,random,7,v3,hash,0,16,16,True,2975.86733947789,185.9917087173681,11209.33669738945,110,104,16,0,0.093146416998934,
annex,random,8,future_cover,hash,0,15,15,True,3335.551027023238,222.37006846821586,12227.75513511619,137,130,15,0,0.1474791670043487,
annex,random,8,scenario,hash,0,15,15,True,3124.6168985310724,208.30779323540483,11593.084492655362,123,116,15,0,0.30016300000716,
annex,random,8,scenario_future,hash,0,15,15,True,3124.6168985310724,208.30779323540483,11593.084492655362,123,116,15,0,0.3283493750204798,
annex,random,8,v3,hash,0,15,15,True,3335.551027023238,222.37006846821586,12227.75513511619,137,130,15,0,0.10620262500015087,
annex,random,9,future_cover,hash,0,12,12,True,3018.9383920731757,251.5781993394313,11244.691960365879,119,115,12,0,0.10423700002138503,
annex,random,9,scenario,hash,0,12,12,True,3086.1456207571987,257.1788017297666,11400.728103785994,126,116,12,0,0.29251670799567364,
annex,random,9,scenario_future,hash,0,12,12,True,3086.1456207571987,257.1788017297666,11400.728103785994,126,116,12,0,0.3509599170065485,
annex,random,9,v3,hash,0,12,12,True,3018.9383920731757,251.5781993394313,11244.691960365879,119,115,12,0,0.07572908300790004,
annex,random,10,future_cover,hash,0,15,15,True,3032.798439561082,202.18656263740547,11028.99219780541,126,122,15,0,0.1314604580111336,
annex,random,10,scenario,hash,0,15,15,True,3298.907021406782,219.92713476045213,12259.53510703391,130,122,15,0,0.35059225000441074,
annex,random,10,scenario_future,hash,0,15,15,True,3298.907021406782,219.92713476045213,12259.53510703391,130,122,15,0,0.40760858298745006,
annex,random,10,v3,hash,0,15,15,True,3032.798439561082,202.18656263740547,11028.99219780541,126,122,15,0,0.11108837500796653,
annex,random,11,future_cover,hash,0,10,10,True,2946.48658361689,294.648658361689,10522.43291808445,133,127,10,0,0.06530283301253803,
annex,random,11,scenario,hash,0,10,10,True,3053.296300551336,305.32963005513363,11086.48150275668,132,126,10,0,0.21699358298792504,
annex,random,11,scenario_future,hash,0,10,10,True,3053.296300551336,305.32963005513363,11086.48150275668,132,126,10,0,0.24966270799632184,
annex,random,11,v3,hash,0,10,10,True,2946.48658361689,294.648658361689,10522.43291808445,133,127,10,0,0.05444624999654479,
annex,random,12,future_cover,hash,0,14,14,True,3274.1599939523926,233.86857099659946,12415.799969761963,121,116,14,0,0.14075433401740156,
annex,random,12,scenario,hash,0,14,14,True,3379.8867329435457,241.42048092453896,13094.433664717728,117,106,14,0,0.3625971250003204,
annex,random,12,scenario_future,hash,0,14,14,True,3379.8867329435457,241.42048092453896,13094.433664717728,117,106,14,0,0.3770839170028921,
annex,random,12,v3,hash,0,14,14,True,3274.1599939523926,233.86857099659946,12415.799969761963,121,116,14,0,0.09160370900644921,
annex,random,13,future_cover,hash,0,16,16,True,3151.830206370686,196.98938789816788,12079.151031853431,110,106,16,0,0.11637329100631177,
annex,random,13,scenario,hash,0,16,16,True,3224.495445183244,201.53096532395276,12357.47722591622,113,108,16,0,0.3185489999887068,
annex,random,13,scenario_future,hash,0,16,16,True,3224.495445183244,201.53096532395276,12357.47722591622,113,108,16,0,0.3691802090033889,
annex,random,13,v3,hash,0,16,16,True,3151.830206370686,196.98938789816788,12079.151031853431,110,106,16,0,0.10193883400643244,
annex,random,14,future_cover,hash,0,11,11,True,3599.617575660154,327.2379614236504,13483.08787830077,143,133,11,0,0.10756775000481866,
annex,random,14,scenario,hash,0,11,11,True,3699.2868701005696,336.29880637277904,14191.434350502848,136,126,11,0,0.5623384579957929,
annex,random,14,scenario_future,hash,0,11,11,True,3699.2868701005696,336.29880637277904,14191.434350502848,136,126,11,0,0.2925834160123486,
annex,random,14,v3,hash,0,11,11,True,3573.2787359638155,324.843521451256,13646.393679819077,133,124,11,0,0.06720129097811878,
annex,random,15,future_cover,hash,0,16,16,True,2880.937707439019,180.0586067149387,10634.688537195096,113,109,16,0,0.15611137499217875,
annex,random,15,scenario,hash,0,16,16,True,3052.6204443531087,190.7887777720693,11598.102221765543,110,103,16,0,0.3112139579898212,
annex,random,15,scenario_future,hash,0,16,16,True,3052.6204443531087,190.7887777720693,11598.102221765543,110,103,16,0,0.6098578330129385,
annex,random,15,v3,hash,0,16,16,True,2880.937707439019,180.0586067149387,10634.688537195096,113,109,16,0,0.11725037501309998,
annex,random,16,future_cover,hash,0,13,13,True,3319.120116493172,255.3169320379363,12485.60058246586,127,122,13,0,0.09778466599527746,
annex,random,16,scenario,hash,0,13,13,True,3355.6893820191963,258.1299524630151,12673.446910095981,127,121,13,0,0.29107475001364946,
annex,random,16,scenario_future,hash,0,13,13,True,3355.6893820191963,258.1299524630151,12673.446910095981,127,121,13,0,0.31635004200506955,
annex,random,16,v3,hash,0,13,13,True,3319.120116493172,255.3169320379363,12485.60058246586,127,122,13,0,0.0714817080006469,
annex,random,17,future_cover,hash,0,15,15,True,3371.8341003500154,224.78894002333436,12989.170501750077,117,114,15,0,0.11089024998364039,
annex,random,17,scenario,hash,0,15,15,True,3520.948858094812,234.72992387298746,13989.74429047406,109,103,15,0,0.23684770800173283,
annex,random,17,scenario_future,hash,0,15,15,True,3520.948858094812,234.72992387298746,13989.74429047406,109,103,15,0,0.24742595801944844,
annex,random,17,v3,hash,0,15,15,True,3371.8341003500154,224.78894002333436,12989.170501750077,117,114,15,0,0.0766861249867361,
annex,random,18,future_cover,hash,0,16,16,True,3391.963258251347,211.99770364070918,12739.816291256733,128,124,16,0,0.13577887500287034,
annex,random,18,scenario,hash,0,16,16,True,3448.7860577550236,215.54912860968898,13323.930288775118,118,114,16,0,0.27879308399860747,
annex,random,18,scenario_future,hash,0,16,16,True,3448.7860577550236,215.54912860968898,13323.930288775118,118,114,16,0,0.33021395799005404,
annex,random,18,v3,hash,0,16,16,True,3391.963258251347,211.99770364070918,12739.816291256733,128,124,16,0,0.09378733299672604,
annex,random,19,future_cover,hash,0,14,14,True,3046.791458072177,217.6279612908698,11423.957290360886,116,112,14,0,0.09516758300014772,
annex,random,19,scenario,hash,0,14,14,True,3151.6392067185952,225.11708619418536,11568.196033592976,129,123,14,0,0.24397020897595212,
annex,random,19,scenario_future,hash,0,14,14,True,3151.6392067185952,225.11708619418536,11568.196033592976,129,123,14,0,0.28224416699958965,
annex,random,19,v3,hash,0,14,14,True,3046.791458072177,217.6279612908698,11423.957290360886,116,112,14,0,0.0697860830114223,
