seed,mode,noise,stress,true_sources,cleared,virtual_seconds,seconds_per_source,movement_metres,detects,switches,failed_clears,local_runtime_seconds,steps,full_scans,centre_tour_metres,relaxed_movement_lower_bound,ideal_centres_move_and_clear_per_source,relaxed_time_lower_bound_per_source
5000,v3,hash,False,13,13,2795.3781450744323,215.02908808264863,9861.89072537216,127,123,0,0.7309757909999917,19,7,7111.741177178627,6611.741177178627,114.41140272582504,106.71909503351735
5001,v3,hash,False,10,10,2793.032191650149,279.30321916501487,10070.160958250744,122,119,0,0.7596878570000172,18,7,7367.026242374417,6987.026242374417,152.34052484748835,144.74052484748833
5002,v3,hash,False,14,14,3332.779038674976,238.05564561964115,12543.89519337488,127,119,0,0.6869217880000633,26,7,10301.758788143856,9761.758788143856,152.16798268776938,144.45369697348366
5003,v3,hash,False,11,11,2741.240324870739,249.20366589733996,9801.201624353696,121,121,0,0.0950795079999125,20,7,7681.4847604531005,7261.4847604531005,144.66335928096547,137.02699564460184
5004,v3,hash,False,10,10,2784.591257486596,278.4591257486596,10107.95628743298,119,118,0,0.1049644230000694,18,7,6818.441450632759,6438.441450632759,141.3688290126552,133.76882901265517
5005,v3,hash,False,15,15,3435.725790614012,229.0483860409341,13388.628953070058,114,113,0,0.7225799089999327,30,7,10116.58997640226,9536.58997640226,139.88786635203013,132.15453301869678
5006,v3,hash,False,11,11,2934.6559566819733,266.7869051529067,10773.279783409866,121,120,0,0.2171156549999295,21,7,7821.505531573608,7401.505531573608,147.2091914831565,139.57282784679288
5007,v3,hash,False,13,13,3358.7641685093577,258.36647450071985,12953.820842546787,117,118,0,0.2347829089999322,24,7,10069.59222381761,9569.59222381761,159.91680344334785,152.22449575104017
5008,v3,hash,False,15,15,3522.077920547628,234.8051947031752,13475.38960273814,125,127,0,0.2989931470000329,27,7,11138.056457973084,10558.056457973084,153.50741943964113,145.77408610630778
5009,v3,hash,False,12,12,3073.414647143308,256.1178872619424,11272.073235716542,127,124,0,0.2180822060000764,21,7,9366.512984812514,8906.512984812514,161.10854974687524,153.44188308020858
5010,v3,hash,False,11,11,2724.919996352848,247.71999966844075,9534.59998176424,127,128,0,0.075143646000015,18,7,5822.949577123646,5402.949577123646,110.8718104931572,103.23544685679357
5011,v3,hash,False,10,10,2796.238585888753,279.6238585888753,10191.192929443763,118,118,0,0.1595393009999952,19,7,6586.526098606216,6206.526098606216,136.7305219721243,129.1305219721243
5012,v3,hash,False,11,11,2949.183389993256,268.1075809084778,10850.916949966282,121,119,0,0.197645126999987,23,7,6652.126141855542,6232.126141855542,125.94774803373713,118.3113843973735
5013,v3,hash,False,11,11,3271.8273719667905,297.43885199698093,12364.136859833952,125,119,0,0.1619808399999556,24,7,10101.943767412959,9681.943767412959,188.6717048620538,181.03534122569016
5014,v3,hash,False,13,13,2910.5961539945765,223.89201184573665,10672.980769972884,119,116,0,0.1091518410000844,23,7,7040.490134667783,6540.490134667783,113.31523284104283,105.62292514873513
5015,v3,hash,False,16,16,3090.170272477993,193.13564202987456,11575.851362389963,116,115,0,0.304386255000054,29,6,9403.76039046876,8783.76039046876,122.5470048808595,114.7970048808595
5016,v3,hash,False,14,14,3115.651496105242,222.54653543608876,11828.25748052621,113,115,0,0.252190961999986,23,7,8137.60996006391,7597.60996006391,121.25157085805586,113.53728514377015
5017,v3,hash,False,10,10,2784.011515694968,278.4011515694968,10000.05757847484,123,119,0,0.1517793819999724,22,7,8348.413966199381,7968.413966199381,171.96827932398762,164.36827932398762
5018,v3,hash,False,13,13,3642.8405688560474,280.21850529661896,13759.202844280231,138,136,0,0.1367186319999973,24,7,9907.537117359956,9407.537117359956,157.42364795938394,149.73134026707623
5019,v3,hash,False,12,12,2951.2421325317737,245.93684437764784,10686.210662658868,126,124,0,0.1143920079999816,20,7,7870.028911945037,7410.028911945037,136.1671485324173,128.5004818657506
5020,v3,hash,False,13,13,3192.8221718222694,245.60170552479,11994.110859111348,122,119,0,0.1101222449999568,25,7,10563.756263676492,10063.756263676492,167.5193271334845,159.82701944117682
5021,v3,hash,False,12,12,2970.8218166436336,247.5684847203028,11094.109083218167,116,112,0,0.0950095030000284,23,7,8458.832758232309,7998.832758232309,145.9805459705385,138.31387930387183
5022,v3,hash,False,11,11,3041.4177580539917,276.49252345945376,11157.088790269956,126,125,0,0.1418899209999153,22,7,8150.527874146266,7730.527874146266,153.1914158935685,145.55505225720484
5023,v3,hash,False,11,11,2880.023360552721,261.8203055047929,10290.116802763609,128,127,0,0.0971605629999885,23,7,7905.883252339534,7485.883252339534,148.7433318607188,141.10696822435517
5024,v3,hash,False,10,10,2880.434891146083,288.0434891146083,10537.174455730416,121,118,0,0.0829551489999858,21,7,7686.459978907302,7306.459978907302,158.72919957814602,151.12919957814603
5025,v3,hash,False,16,16,3173.317569692202,198.33234810576263,11936.587848461011,117,121,0,0.2612073070000633,25,5,9866.376640050881,9246.376640050881,128.329708000636,120.57970800063602
5026,v3,hash,False,10,10,2952.8414927315184,295.28414927315185,10754.207463657593,125,127,0,0.1930610819999856,20,7,8661.135948744517,8281.135948744517,178.22271897489034,170.62271897489035
5027,v3,hash,False,14,14,2931.997863595073,209.4284188282195,10869.989317975364,115,113,0,0.274025427999959,24,7,8819.948318030582,8279.948318030582,130.99926168615116,123.28497597186545
5028,v3,hash,False,14,14,3519.107199977584,251.36479999839884,13000.535999887918,141,144,0,0.3772035670000377,29,7,10801.8937949977,10261.8937949977,159.31276849996715,151.59848278568143
5029,v3,hash,False,13,13,3131.4463067045285,240.8804851311176,11307.231533522645,135,130,0,0.093718181999975,23,7,8483.83770077257,7983.83770077257,135.5205800118857,127.828272319578
5030,v3,hash,False,14,14,3157.596570705773,225.5426121932695,11612.982853528863,127,130,0,0.203666265000038,22,7,9819.863716671658,9279.863716671658,145.2837673810237,137.56948166673797
5031,v3,hash,False,16,16,3068.728724629484,191.79554528934275,11863.64362314742,102,106,0,0.2630855139999539,22,4,9915.187232170249,9295.187232170249,128.9398404021281,121.18984040212811
5032,v3,hash,False,16,16,2865.3499848376377,179.08437405235236,10806.749924188189,103,109,0,0.3491114270000253,24,5,7996.265770428367,7376.265770428367,104.9533221303546,97.2033221303546
5033,v3,hash,False,16,16,2957.298719031452,184.83116993946567,11026.49359515726,112,112,0,0.1213505120000491,23,5,9500.684937883732,8880.684937883732,123.75856172354665,116.00856172354665
5034,v3,hash,False,10,10,2796.1932573331446,279.61932573331444,9780.966286665724,132,130,0,0.1786067319999347,21,7,7165.271555704107,6785.271555704107,148.30543111408215,140.70543111408216
5035,v3,hash,False,14,14,3476.711079034304,248.33650564530743,13313.55539517152,125,119,0,0.2429008860000294,25,7,9984.971314930706,9444.971314930706,147.64244735615296,139.92816164186723
5036,v3,hash,False,11,11,3110.2516022621,282.75014566019087,11726.258011310496,119,115,0,0.1810742800000753,22,7,8860.34150378959,8440.34150378959,166.09711825071983,158.46075461435618
5037,v3,hash,False,13,13,3241.4439779812883,249.3418444600991,12182.219889906442,124,120,0,0.1840552149999439,22,7,9017.965064126282,8517.965064126282,143.73792406348124,136.04561637117357
5038,v3,hash,False,11,11,3040.1787568383734,276.37988698530665,11145.893784191869,127,121,0,0.1465156650000381,22,7,9064.140546722598,8644.140546722598,169.80255539495633,162.16619175859267
5039,v3,hash,False,16,16,2974.144599734085,185.88403748338035,11420.722998670426,102,100,0,0.2571344919999774,26,6,9872.59216554055,9252.59216554055,128.40740206925688,120.65740206925686
5040,v3,hash,False,12,12,3058.109098942627,254.8424249118856,11280.545494713137,124,122,0,0.1537940420000723,22,7,9141.377251516511,8681.377251516511,157.35628752527518,149.68962085860852
5041,v3,hash,False,15,15,3300.304053882249,220.0202702588166,12436.520269411243,122,128,0,0.3382205819999626,24,7,9553.835361487494,8973.835361487494,132.38447148649993,124.65113815316658
5042,v3,hash,False,12,12,3135.781610523341,261.3151342102785,11543.908052616707,128,127,0,0.2000243019999743,22,7,9064.185546253364,8604.185546253364,156.06975910422273,148.40309243755607
5043,v3,hash,False,14,14,3142.882596074026,224.4916140052876,11794.41298037013,119,119,0,0.2622381229999746,25,7,9588.455571060722,9048.455571060722,141.97793672943888,134.26365101515316
5044,v3,hash,False,10,10,3194.8324062365023,319.4832406236502,11579.162031182512,138,139,0,0.2195153919999484,22,7,9244.794388302002,8864.794388302002,189.89588776604003,182.29588776604004
5045,v3,hash,False,10,10,2834.2403894054883,283.4240389405488,10031.20194702744,130,128,0,0.208918715999971,21,7,7550.022248999878,7170.022248999878,156.00044497999755,148.40044497999756
5046,v3,hash,False,12,12,2791.167699496461,232.59730829137172,10330.838497482306,110,115,0,0.2804529950000187,22,7,7120.09620218181,6660.09620218181,123.66827003636351,116.00160336969684
5047,v3,hash,False,11,11,3347.807354951488,304.346123177408,12234.03677475744,141,141,0,0.2864652490000026,25,7,7526.860634688352,7106.860634688352,141.8520115397882,134.21564790342458
5048,v3,hash,False,12,12,2836.229699094021,236.3524749245017,10176.148495470105,124,121,0,0.1682077299999491,21,7,8333.597060513906,7873.597060513906,143.89328434189844,136.22661767523178
5049,v3,hash,False,16,16,2982.9443612872947,186.43402258045592,11134.721806436472,112,116,0,0.3471912060000477,23,5,8910.096158123702,8290.096158123702,116.37620197654628,108.62620197654628
5050,v3,hash,False,14,14,3077.568791346671,219.82634223904796,11257.843956733355,126,126,0,0.2018662460000087,25,7,8508.835656346673,7968.835656346673,126.55479509066676,118.84050937638105
5051,v3,hash,False,10,10,2926.3132729055683,292.63132729055684,10706.566364527842,123,120,0,0.1877724099999795,21,7,8041.104580220738,7661.104580220738,165.82209160441477,158.22209160441477
5052,v3,hash,False,15,15,3480.7357146869576,232.0490476457972,13143.678573434789,130,127,0,0.2625297240000463,25,7,8843.534523917751,8263.534523917751,122.91379365223669,115.18046031890336
5053,v3,hash,False,11,11,3290.805684136641,299.16415310333105,12469.028420683208,124,122,0,0.2090186530000437,23,7,9955.841341234629,9535.841341234629,186.0152971133569,178.37893347699327
5054,v3,hash,False,13,13,2829.345948836836,217.641996064372,10611.729744184178,107,107,0,0.2976552110000057,21,7,8086.6191098699765,7586.6191098699765,129.4095247672304,121.71721707492271
5055,v3,hash,False,13,13,2823.5257980820243,217.19429216015573,10172.62899041012,120,124,0,0.2267015410000112,21,7,7174.889041180013,6674.889041180013,115.38290832584636,107.69060063353866
5056,v3,hash,False,14,14,3258.770897591436,232.76934982795973,12003.85448795718,131,133,0,0.2949382289999676,27,7,9521.208513721413,8981.208513721413,141.01726448173446,133.30297876744876
5057,v3,hash,False,10,10,2809.488719418564,280.9488719418564,10227.44359709282,119,119,0,0.1616227490000028,19,7,7577.4859928403885,7197.4859928403885,156.54971985680777,148.94971985680777
5058,v3,hash,False,15,15,3114.1981293985364,207.6132086265691,11530.99064699268,122,123,0,0.2395688629999313,27,7,9514.436966935547,8934.436966935547,131.85915955914064,124.1258262258073
5059,v3,hash,False,16,16,3539.6011327738843,221.22507079836777,13973.00566386942,111,110,0,0.2809516690000464,27,6,11040.535527369266,10420.535527369266,143.00669409211582,135.25669409211582
5060,v3,hash,False,11,11,3211.647046520673,291.9679133200612,11758.235232603363,134,135,0,0.2309478250000438,23,7,9523.551845996537,9103.551845996537,178.15548810902794,170.51912447266432
5061,v3,hash,False,11,11,3144.041829638445,285.8219845125859,11550.209148192223,130,129,0,0.1910283319999735,22,7,9143.85817161564,8723.85817161564,171.25196675664802,163.61560312028436
5062,v3,hash,False,15,15,3177.592640663989,211.83950937759928,11527.963203319949,132,137,0,0.2778020329999435,29,7,9656.002099997468,9076.002099997468,133.7466946666329,126.01336133329957
5063,v3,hash,False,16,16,3257.9721832835025,203.6232614552189,12369.860916417512,117,119,0,0.2918568580000737,23,5,9718.882844065782,9098.882844065782,126.48603555082227,118.73603555082227
5064,v3,hash,False,13,13,3413.0234083227333,262.5402621786718,12980.117041613668,126,122,0,0.2320810009999832,26,7,9856.30148472332,9356.30148472332,156.63540745728187,148.94309976497416
5065,v3,hash,False,13,13,3090.899479022529,237.7614983863484,11504.497395112645,121,120,0,0.2794143239999584,24,7,10334.801015357445,9834.801015357445,163.99693869780685,156.30463100549915
5066,v3,hash,False,14,14,2823.498510456494,201.6784650326067,10267.492552282469,117,115,0,0.2996094719999291,24,7,7673.808817074816,7133.808817074816,114.62584024392595,106.91155452964023
5067,v3,hash,False,12,12,2903.738929572165,241.97824413101372,10423.694647860826,127,124,0,0.2228947500000231,23,7,7727.20125186974,7267.20125186974,133.78668753116233,126.12002086449567
5068,v3,hash,False,11,11,2855.432464309915,259.58476948271954,10472.162321549577,118,116,0,0.2018998349999492,20,7,7546.145286779548,7126.145286779548,142.20264157780997,134.56627794144632
5069,v3,hash,False,16,16,3324.8813075790777,207.80508172369235,12549.406537895387,121,130,0,0.2646214769999915,26,7,9262.362564717552,8642.362564717552,120.77953205896941,113.02953205896941
5070,v3,hash,False,15,15,3208.2574011671136,213.88382674447425,11611.287005835567,136,131,0,0.284095877000027,23,7,9604.930724661064,9024.930724661064,133.06574299548086,125.33240966214753
5071,v3,hash,False,11,11,2905.832889786101,264.16662634419106,10674.164448930507,120,116,0,0.1732908430000179,22,7,8532.3603860457,8112.360386045701,160.13382520083093,152.49746156446727
5072,v3,hash,False,13,13,2821.3056268019745,217.02350975399804,9986.528134009872,126,129,0,0.2275113110000575,24,7,7433.713847680209,6933.713847680209,119.36482842584937,111.67252073354167
5073,v3,hash,False,13,13,3268.721633959821,251.44012568921696,11603.608169799105,147,148,0,0.2759433620000209,25,7,9899.673381770523,9399.673381770523,157.3026674118542,149.6103597195465
5074,v3,hash,False,10,10,2533.753067619023,253.37530676190232,8618.765338095116,127,125,0,0.1529486279999901,18,7,7368.5102158828895,6988.5102158828895,152.3702043176578,144.7702043176578
5075,v3,hash,False,13,13,2940.315365449173,226.1781050345518,10701.576827245866,123,120,0,0.2327143769999793,24,7,8222.77983555129,7722.77983555129,131.5043051623275,123.81199747001983
5076,v3,hash,False,13,13,2909.690528876065,223.82234837508196,10963.452644380324,109,107,0,0.2037571749999642,23,7,8336.543927051482,7836.543927051482,133.2545219546382,125.56221426233049
5077,v3,hash,False,10,10,2714.7671062070185,271.47671062070185,9723.835531035093,120,120,0,0.1679327770000327,20,7,5923.715051176556,5543.715051176556,123.47430102353111,115.87430102353112
5078,v3,hash,False,10,10,2614.7352191611403,261.473521916114,9183.676095805702,122,118,0,0.1973325779999868,19,7,6808.316336746021,6428.316336746021,141.16632673492043,133.5663267349204
5079,v3,hash,False,12,12,3189.482918757581,265.7902432297984,12167.414593787906,116,116,0,0.2006826699999919,23,7,9004.221033640328,8544.221033640328,155.07035056067213,147.40368389400547
5080,v3,hash,False,14,14,3205.7523782404664,228.9823127314619,12243.761891202332,115,112,0,0.2913701770000898,24,7,8737.495042376097,8197.495042376097,129.82135774822996,122.10707203394423
5081,v3,hash,False,16,16,3067.8446778211974,191.74029236382484,11244.223389105988,123,124,0,0.2396554450000394,26,7,9821.603528104308,9201.603528104308,127.77004410130385,120.02004410130385
5082,v3,hash,False,16,16,3346.8718298263348,209.17948936414592,12694.359149131677,121,123,0,0.2387981499999796,25,6,10256.79468958313,9636.79468958313,133.20993361978913,125.45993361978913
5083,v3,hash,False,11,11,2781.816764799272,252.89243316357013,10259.083823996356,113,110,0,0.1710665319999407,21,7,7647.520880997736,7227.520880997736,144.04583419995882,136.4094705635952
5084,v3,hash,False,13,13,3261.763707956427,250.90490061203283,12148.818539782134,128,127,0,0.2357187569999723,24,7,8380.795097131755,7880.795097131755,133.93530918664237,126.24300149433469
5085,v3,hash,False,14,14,3302.503420820464,235.893101487176,12397.51710410232,125,128,0,0.2959461560000136,23,7,8708.261183393346,8168.261183393346,129.40373119133352,121.6894454770478
5086,v3,hash,False,11,11,2873.0854391724965,261.18958537931786,10105.427195862483,133,132,0,0.1938458690000288,20,7,7286.511533535745,6866.511533535745,137.4820278824681,129.84566424610443
5087,v3,hash,False,11,11,3003.239010590008,273.0217282354552,11136.19505295004,121,116,0,0.2346745479999299,25,7,9116.979794718101,8696.979794718101,170.76326899487458,163.12690535851092
5088,v3,hash,False,15,15,3011.7580066626474,200.78386711084315,10978.790033313237,123,126,0,0.3431689679999863,27,7,8337.977920083833,7757.977920083833,116.1730389344511,108.43970560111778
5089,v3,hash,False,10,10,3016.863215068092,301.6863215068092,11159.31607534046,123,120,0,0.1822143639999467,20,7,8719.941878425476,8339.941878425476,179.39883756850952,171.79883756850953
5090,v3,hash,False,13,13,3058.400970112346,235.26161308556507,11367.004850561729,120,120,0,0.2049899679999498,25,7,8487.98979824372,7987.98979824372,135.58445843451875,127.89215074221107
5091,v3,hash,False,11,11,2873.740193633349,261.2491085121226,10298.700968166742,127,124,0,0.2180200239999976,21,7,7915.199862743973,7495.199862743973,148.91272477716316,141.2763611407995
5092,v3,hash,False,12,12,3360.093261831792,280.007771819316,12485.46630915896,134,133,0,0.2345048610000049,23,7,9268.107008240599,8808.107008240599,159.4684501373433,151.80178347067664
5093,v3,hash,False,12,12,2967.3271687761544,247.27726406467957,10671.635843880773,129,128,0,0.2412199660000169,23,7,6866.810927799479,6406.810927799479,119.44684879665799,111.78018212999132
5094,v3,hash,False,16,16,2993.407041832846,187.08794011455288,11177.03520916423,114,108,0,0.29901648200007,25,6,9025.274631469721,8405.274631469721,117.81593289337152,110.06593289337152
5095,v3,hash,False,10,10,3078.457162369382,307.8457162369382,11602.285811846908,118,118,0,0.2000414480000927,20,7,6669.8219247851775,6289.8219247851775,138.39643849570356,130.79643849570357
5096,v3,hash,False,16,16,3209.5835792939324,200.5989737058708,12402.917896469662,108,109,0,0.2294465080000236,25,6,8918.692161184887,8298.692161184887,116.48365201481108,108.73365201481108
5097,v3,hash,False,13,13,3195.6506480739326,245.81928062107173,11883.253240369664,126,124,0,0.239136568000049,23,7,9589.719773699748,9089.719773699748,152.5341503646115,144.8418426723038
5098,v3,hash,False,16,16,3117.3598147401744,194.8349884212609,11801.799073700871,113,112,0,0.2576595040000029,27,5,8726.302305176478,8106.302305176478,114.07877881470597,106.32877881470597
5099,v3,hash,False,14,14,3409.6302630787027,243.5450187913359,12673.151315393514,134,135,0,0.2553635350000149,29,7,9941.038256779011,9401.038256779011,147.01483223970016,139.30054652541443
5100,v3,hash,False,10,10,2810.864670365299,281.0864670365299,10299.323351826495,117,116,0,0.1421954029999597,19,7,6977.885292891075,6597.885292891075,144.5577058578215,136.95770585782148
5101,v3,hash,False,11,11,2945.8348779522894,267.8031707229354,10754.174389761449,124,120,0,0.1803548210000372,22,7,8527.95512221265,8107.95512221265,160.05372949477547,152.4173658584118
5102,v3,hash,False,14,14,2856.3540278494947,204.02528770353533,10531.770139247474,113,115,0,0.2327357389999633,25,7,9277.104127526753,8737.104127526753,137.5300589646679,129.81577325038216
5103,v3,hash,False,15,15,3460.9668147999173,230.73112098666115,13474.834073999587,114,121,0,0.2760076920000074,26,7,10713.445745085606,10133.445745085606,147.84594326780808,140.11260993447476
5104,v3,hash,False,11,11,2927.069080712726,266.09718915570244,10755.345403563631,121,116,0,0.1873149799999964,20,7,8703.232243521263,8283.232243521263,163.24058624584114,155.60422260947752
5105,v3,hash,False,11,11,2344.9646051308905,213.17860046644455,7924.823025654453,117,120,0,0.2001158209999403,19,7,4778.077554713929,4358.077554713929,91.87413735843508,84.23777372207144
5106,v3,hash,False,10,10,3074.205118917117,307.4205118917117,11256.025594585588,129,128,0,0.1909607979999918,23,7,7695.389131043693,7315.389131043693,158.90778262087386,151.30778262087387
5107,v3,hash,False,15,15,3029.138323302104,201.9425548868069,11195.691616510518,119,120,0,0.2385642499999676,25,7,8578.165757471012,7998.165757471012,119.37554343294683,111.6422100996135
5108,v3,hash,False,14,14,3161.922722595843,225.85162304256025,11244.613612979216,140,143,0,0.2364919450000115,23,7,8577.21452193102,8037.2145219310205,127.531636027586,119.8173503133003
5109,v3,hash,False,10,10,2979.524280445328,297.9524280445327,10552.621402226638,137,134,0,0.2015540340000825,20,7,7811.315963242461,7431.315963242461,161.22631926484922,153.62631926484923
5110,v3,hash,False,11,11,2894.874122743974,263.1703747949068,10454.370613719871,125,124,0,0.1737439530000983,20,7,8239.022049945763,7819.022049945763,154.8004009081048,147.16403727174114
5111,v3,hash,False,11,11,3085.557621564373,280.50523832403394,11577.788107821869,120,115,0,0.1373931079999693,20,7,8391.45336901013,7971.453369010131,157.57187943654782,149.9355158001842
5112,v3,hash,False,13,13,2917.156057119877,224.3966197784521,10345.780285599389,130,133,0,0.2784670380000307,23,7,8914.196827839973,8414.196827839973,142.1414896590765,134.4491819667688
5113,v3,hash,False,13,13,3472.932019530749,267.1486168869807,12989.660097653748,135,135,0,0.2811787749999439,27,7,8808.481228346955,8308.481228346955,140.51509582072237,132.8227881284147
5114,v3,hash,False,15,15,3135.7826995096466,209.05217996730977,11798.913497548234,116,121,0,0.3006927599999471,28,7,9605.295097856018,9025.295097856018,133.0706013047469,125.33726797141358
5115,v3,hash,False,16,16,3272.091936151956,204.50574600949724,12225.45968075978,125,122,0,0.2914697149999483,25,6,9814.38737221168,9194.38737221168,127.679842152646,119.929842152646
5116,v3,hash,False,16,16,3477.188256505597,217.32426603159985,13065.941282527983,131,129,0,0.2847394800000984,26,6,10879.392967300428,10259.392967300428,140.99241209125535,133.24241209125535
5117,v3,hash,False,11,11,2965.51870448786,269.5926094988964,10727.5935224393,128,125,0,0.1565251050000142,22,7,7855.489148049119,7435.489148049119,147.82707541907487,140.19071178271125
5118,v3,hash,False,14,14,3197.596800923383,228.39977149452736,12002.984004616914,122,117,0,0.243326981999985,24,7,8215.005738923333,7675.005738923333,122.3572248417619,114.6429391274762
5119,v3,hash,False,12,12,3170.352224614789,264.1960187178991,11646.761123073948,130,131,0,0.265280012000062,24,7,9561.298280437024,9101.298280437024,164.35497134061706,156.6883046739504
5120,v3,hash,False,16,16,3076.5643176794383,192.2852698549649,11677.821588397192,110,111,0,0.2284673130000101,27,6,10149.316265716288,9529.316265716288,131.8664533214536,124.1164533214536
5121,v3,hash,False,15,15,3192.7186425663763,212.84790950442508,11873.593212831882,124,123,0,0.2497228040000436,27,7,9778.876998193397,9198.876998193397,135.38502664257862,127.65169330924529
5122,v3,hash,False,10,10,2994.364493270118,299.4364493270118,10936.82246635059,127,122,0,0.1233643850000589,20,7,7421.873494507046,7041.873494507046,153.43746989014093,145.83746989014094
5123,v3,hash,False,11,11,2794.113842264059,254.0103492967326,10120.569211320297,120,115,0,0.1761639620000323,20,7,8675.886831660571,8255.886831660571,162.74339693928312,155.1070333029195
5124,v3,hash,False,14,14,3017.652042833942,215.5465744881387,11223.260214169708,117,118,0,0.318974709000031,24,7,8537.879692903554,7997.879692903554,126.9697098986222,119.25542418433649
5125,v3,hash,False,14,14,3312.9890233608594,236.64207309720425,12634.945116804298,119,121,0,0.2768935269999701,29,7,9591.200239425443,9051.200239425443,142.01714627750633,134.3028605632206
5126,v3,hash,False,14,14,3366.602678975335,240.47161992680964,13008.013394876674,117,110,0,0.2096963069999446,26,7,9793.594598567706,9253.594598567706,144.90849426525295,137.19420855096723
5127,v3,hash,False,12,12,3106.2034217265023,258.8502851438752,11671.017108632512,119,117,0,0.1876944129999174,22,7,8699.454541292496,8239.454541292496,149.9909090215416,142.32424235487494
5128,v3,hash,False,13,13,3159.9251682996496,243.07116679228076,11614.625841498248,129,127,0,0.30974358200001,25,7,8624.773975372394,8124.7739753723945,137.68883039034452,129.99652269803684
5129,v3,hash,False,11,11,2834.571454691641,257.6883140628765,10117.857273458209,126,126,0,0.1778051219999952,19,7,8363.239731832182,7943.239731832182,157.05890421513058,149.42254057876696
5130,v3,hash,False,13,13,2883.015814313517,221.77044725488597,10095.079071567588,133,134,0,0.1652879680000296,20,7,8827.766138212572,8327.766138212572,140.81178674173188,133.11947904942417
5131,v3,hash,False,10,10,3106.458984236029,310.64589842360294,11497.294921180146,127,122,0,0.1865989990000116,21,7,9119.308462243887,8739.308462243887,187.38616924487775,179.78616924487775
5132,v3,hash,False,15,15,2897.375663528147,193.15837756854316,11041.878317640734,102,104,0,0.2725154409999959,24,7,9582.736645717736,9002.736645717736,132.76982194290315,125.03648860956982
5133,v3,hash,False,10,10,2727.245236399647,272.7245236399648,9531.226181998236,129,126,0,0.1750555370000484,21,7,7382.995071892583,7002.995071892583,152.65990143785166,145.05990143785166
5134,v3,hash,False,13,13,3158.7084144831847,242.9775703448604,11908.542072415925,119,117,0,0.2113619640000479,26,7,7494.209416378713,6994.209416378713,120.29552948274943,112.60322179044174
5135,v3,hash,False,15,15,3285.640389152169,219.0426926101446,12823.201945760846,108,106,0,0.2269111880000309,27,7,10596.648740365314,10016.648740365314,146.2886498715375,138.55531653820418
5136,v3,hash,False,13,13,3259.9355017276216,250.7642693636632,12039.677508638108,131,132,0,0.2941112319999774,23,7,8488.032238479582,7988.032238479582,135.58511136122434,127.89280366891664
5137,v3,hash,False,12,12,3361.9065966129883,280.15888305108234,12529.53298306494,133,131,0,0.270773720999955,26,7,10175.027593115286,9715.027593115286,174.5837932185881,166.91712655192143
5138,v3,hash,False,14,14,3087.061977880584,220.5044269914703,11610.30988940292,116,115,0,0.2389506800000163,24,7,9251.424694910917,8711.424694910917,137.1632099272988,129.44892421301307
5139,v3,hash,False,11,11,3056.92948867297,277.9026807884518,11309.64744336485,124,120,0,0.1541229319999502,20,7,9422.307430494762,9002.307430494762,176.31468055445023,168.67831691808658
5140,v3,hash,False,15,15,3181.1427713073163,212.07618475382108,11765.713856536582,125,128,0,0.2741689030000316,25,7,8607.020521327126,8027.020521327126,119.760273617695,112.02694028436167
5141,v3,hash,False,11,11,2939.4301202611905,267.2209200237446,10407.150601305952,134,133,0,0.2167544800000769,21,7,8463.200150374738,8043.200150374738,158.87636637044977,151.24000273408615
5142,v3,hash,False,16,16,3138.836855076835,196.1773034423022,11779.184275384176,117,118,0,0.2838584840000067,24,5,9982.94914583223,9362.94914583223,129.7868643229029,122.03686432290287
5143,v3,hash,False,11,11,2971.585433055323,270.14413027775663,10717.927165276617,129,128,0,0.1959031729999196,21,7,8202.619547204124,7782.619547204124,154.13853722189316,146.50217358552953
5144,v3,hash,False,12,12,2858.7042532718706,238.22535443932256,10093.521266359354,130,130,0,0.2514040050000403,24,7,7682.021645405167,7222.021645405167,133.03369409008613,125.36702742341944
5145,v3,hash,False,13,13,3011.4684201174614,231.65141693211245,10897.342100587306,128,127,0,0.2063347649999514,22,7,8584.087092430731,8084.087092430731,137.06287834508817,129.3705706527805
5146,v3,hash,False,15,15,3086.7138501161294,205.7809233410753,11608.569250580647,115,115,0,0.2794357709999531,27,7,8904.6130246023,8324.6130246023,123.72817366136401,115.99484032803068
5147,v3,hash,False,12,12,3212.841114346372,267.7367595288643,12024.20557173186,125,123,0,0.2907872089999728,23,7,9383.623271986937,8923.623271986937,161.39372119978228,153.72705453311562
5148,v3,hash,False,13,13,3073.1041239036185,236.39262491566296,11550.520619518093,117,113,0,0.2329773320000185,27,7,9935.901535964475,9435.901535964475,157.86002363022268,150.167715937915
5149,v3,hash,False,12,12,3535.551615420494,294.62930128504115,13637.75807710247,125,123,0,0.2723147109999217,26,7,10116.579169587661,9656.579169587661,173.60965282646103,165.94298615979434
5150,v3,hash,False,11,11,3201.506460372614,291.04604185205585,12117.53230186307,121,118,0,0.2210851229999662,24,7,9378.564131686053,8958.564131686053,175.51934784883733,167.8829842124737
5151,v3,hash,False,12,12,2888.803969635922,240.73366413632684,10589.019848179609,119,116,0,0.2029178809999621,24,7,7110.473267071638,6650.473267071638,123.5078877845273,115.84122111786063
5152,v3,hash,False,12,12,2919.5457031084647,243.29547525903877,10602.728515542323,123,124,0,0.1820087990000729,23,7,8190.996083576207,7730.996083576207,141.5166013929368,133.8499347262701
5153,v3,hash,False,10,10,3372.954127718014,337.2954127718014,12684.770638590073,132,126,0,0.1960122230000252,25,7,6996.04424320313,6616.04424320313,144.9208848640626,137.32088486406258
5154,v3,hash,False,13,13,3192.3164177520416,245.56280136554167,11806.582088760208,128,126,0,0.2279664249999768,26,7,9783.87936017913,9283.87936017913,155.52122092583275,147.82891323352507
5155,v3,hash,False,12,12,3080.204038292476,256.6836698577063,11426.02019146238,123,120,0,0.1701240609999104,21,7,9283.714079900776,8823.714079900776,159.72856799834625,152.0619013316796
5156,v3,hash,False,12,12,2750.3366021388656,229.19471684490543,9756.683010694327,123,124,0,0.1884119290000399,21,7,7778.178178094043,7318.178178094043,134.63630296823405,126.96963630156738
5157,v3,hash,False,14,14,3536.3408349071988,252.5957739219428,13576.704174535991,126,121,0,0.294894347999957,27,7,10288.455016932498,9748.455016932498,151.9779288133214,144.26364309903568
5158,v3,hash,False,12,12,2882.356310249852,240.19635918748767,10651.78155124926,116,112,0,0.1861358889999564,20,7,7948.319785410549,7488.319785410549,137.47199642350915,129.80532975684247
5159,v3,hash,False,16,16,3743.371478569949,233.96071741062184,14376.857392849748,132,128,0,0.3377488190000122,31,6,11372.907941600724,10752.907941600724,147.16134927000905,139.41134927000905
5160,v3,hash,False,15,15,3003.305365994076,200.2203577329384,11031.52682997038,120,122,0,0.2599981820000039,25,7,8760.073206049758,8180.073206049758,121.80097608066343,114.0676427473301
5161,v3,hash,False,12,12,3071.142217303615,255.92851810863456,11085.711086518077,133,129,0,0.1926903229999652,22,7,8138.92580327156,7678.92580327156,140.64876338785933,132.98209672119265
5162,v3,hash,False,15,15,3142.7260913874115,209.5150727591608,11888.630456937057,115,115,0,0.2934700560000465,25,7,9030.456990407609,8450.456990407609,125.40609320543479,117.67275987210145
5163,v3,hash,False,15,15,3704.9940468065406,246.99960312043603,14349.970234032702,127,125,0,0.2791621160000659,29,7,11412.782741629337,10832.782741629337,157.17043655505782,149.4371032217245
5164,v3,hash,False,11,11,3015.454095866364,274.13219053330585,11152.27047933182,122,120,0,0.2063271170000007,23,7,8796.173234098907,8376.173234098907,164.93042243816194,157.29405880179831
5165,v3,hash,False,15,15,3401.7838231342785,226.7855882089519,13053.919115671391,119,121,0,0.2646689389999892,29,7,10633.918852754749,10053.918852754749,146.78558470339664,139.05225137006332
5166,v3,hash,False,16,16,3250.2982362339017,203.14363976461885,12611.49118116951,108,108,0,0.2815071700000544,25,6,10269.8682856881,9649.8682856881,133.37335357110126,125.62335357110126
5167,v3,hash,False,12,12,3262.038531747304,271.8365443122753,12400.192658736518,121,117,0,0.2179294480000635,22,7,8629.3622657776,8169.3622657775995,148.82270442962667,141.15603776295998
5168,v3,hash,False,12,12,3205.793120894274,267.1494267411896,11948.96560447137,126,126,0,0.2219440640000129,22,7,8917.68357142116,8457.68357142116,153.62805952368598,145.96139285701932
5169,v3,hash,False,12,12,3355.2108456755623,279.60090380629686,12406.054228377812,136,134,0,0.2562796330000765,26,7,9940.454695620016,9480.454695620016,170.67424492700027,163.0075782603336
5170,v3,hash,False,12,12,3049.8109578628323,254.15091315523603,11314.05478931416,121,122,0,0.2037240409999867,22,7,8166.665044404931,7706.665044404931,141.11108407341553,133.44441740674884
5171,v3,hash,False,14,14,3155.6246423594653,225.40176016853323,12148.123211797329,109,111,0,0.2895728469999312,26,7,9161.119506569063,8621.119506569063,135.87313580812946,128.15885009384374
5172,v3,hash,False,15,15,3073.956850149255,204.93045667661696,11069.784250746274,131,130,0,0.2387798270000303,27,7,8788.353020791103,8208.353020791103,122.1780402772147,114.44470694388137
5173,v3,hash,False,12,12,2987.5923827650754,248.9660318970896,11057.961913825377,119,121,0,0.1774208620000763,21,7,8575.522270654565,8115.522270654565,147.92537117757607,140.2587045109094
5174,v3,hash,False,12,12,2796.066171190617,233.00551426588476,9870.330855953083,126,132,0,0.2812375729999985,22,7,7686.00879985645,7226.00879985645,133.10014666427418,125.4334799976075
5175,v3,hash,False,16,16,3462.290512806927,216.39315705043293,13171.452564034636,125,123,0,0.3156135440000298,25,6,10756.671510133703,10136.671510133703,139.4583938766713,131.7083938766713
5176,v3,hash,False,16,16,3196.7235662914677,199.7952228932167,12228.617831457335,112,111,0,0.3283484160000398,29,6,10365.266251529027,9745.266251529027,134.56582814411283,126.81582814411283
5177,v3,hash,False,15,15,3532.8431310991145,235.5228754066076,13829.215655495573,116,112,0,0.2849176520001037,26,7,11097.213005858079,10517.213005858079,152.96284007810772,145.2295067447744
5178,v3,hash,False,13,13,3060.444103799792,235.4187772153686,11617.220518998958,111,117,0,0.2809206929999845,21,7,8456.403582992387,7956.403582992387,135.09851666142134,127.40620896911365
5179,v3,hash,False,14,14,2987.091259591364,213.36366139938312,11280.456297956818,111,106,0,0.1946141039999247,22,7,9066.436752800926,8526.436752800926,134.52052504001324,126.80623932572752
5180,v3,hash,False,13,13,3185.495798142749,245.03813831867305,11477.478990713746,137,140,0,0.3070330290000811,25,7,8906.231426181475,8406.231426181475,142.01894501817654,134.32663732586886
5181,v3,hash,False,10,10,3202.7228741884965,320.27228741884966,12018.614370942483,125,124,0,0.1846989570000232,22,7,9238.903540152527,8858.903540152527,189.77807080305055,182.17807080305053
5182,v3,hash,False,10,10,2678.088653252149,267.8088653252149,9460.443266260749,123,121,0,0.1842930539999088,19,7,7817.633955039549,7437.633955039549,161.35267910079097,153.75267910079097
5183,v3,hash,False,14,14,3154.368004704851,225.3120003360608,11741.840023524255,123,121,0,0.2776475069999833,23,7,9320.974175897756,8780.974175897756,138.15677394139652,130.4424882271108
5184,v3,hash,False,16,16,3359.6910466050967,209.98069041281852,13193.455233025485,107,106,0,0.2828181490000361,26,6,10470.242094335188,9850.242094335188,135.87802617918985,128.12802617918985
5185,v3,hash,False,11,11,3005.3850442680405,273.2168222061855,11011.9252213402,125,123,0,0.1987485500000048,22,7,7458.528922982748,7038.528922982748,140.6096167815045,132.97325314514086
5186,v3,hash,False,16,16,3435.1613408273543,214.69758380170964,12935.80670413677,128,128,0,0.293283171999974,27,6,11434.514619537878,10814.514619537878,147.93143274422349,140.18143274422349
5187,v3,hash,False,14,14,2787.7653632413394,199.12609737438137,10088.826816206696,117,115,0,0.2074735940000209,23,7,7999.134816525141,7459.134816525141,119.27335452178772,111.55906880750202
5188,v3,hash,False,14,14,2879.6417354384785,205.68869538846275,10233.208677192391,127,128,0,0.2002887069999133,21,7,7960.865529026547,7420.865529026547,118.72665041466496,111.01236470037924
5189,v3,hash,False,10,10,2746.135064651349,274.61350646513495,9625.675323256746,129,126,0,0.1863985500000353,19,7,7477.373061011204,7097.373061011204,154.54746122022408,146.94746122022408
5190,v3,hash,False,13,13,3109.966319663225,239.22817843563277,11429.831598316126,127,124,0,0.2515812310000456,23,7,8645.585365005974,8145.585365005974,138.00900561547653,130.31669792316882
5191,v3,hash,False,15,15,3086.1608263782864,205.74405509188577,11610.804131891431,115,114,0,0.3034298540000009,26,7,9391.023033125537,8811.023033125537,130.21364044167382,122.4803071083405
5192,v3,hash,False,16,16,3602.0189911319494,225.12618694574684,14085.094955659746,119,110,0,0.2807412959999738,30,7,10501.649370418283,9881.649370418283,136.27061713022854,128.52061713022854
5193,v3,hash,False,13,13,3513.7500380031483,270.2884644617806,13398.750190015742,128,129,0,0.231170708000036,25,7,10426.245944984883,9926.245944984883,165.4037837689982,157.7114760766905
5194,v3,hash,False,16,16,3313.567498000607,207.09796862503796,12767.837490003034,113,115,0,0.2874939629999744,29,6,10051.03386362522,9431.03386362522,130.63792329531526,122.88792329531525
5195,v3,hash,False,14,14,3444.8644921269115,246.0617494376365,13224.322460634558,122,120,0,0.2438301800000317,26,7,10617.76307943754,10077.76307943754,156.68232970625058,148.96804399196486
5196,v3,hash,False,10,10,3008.981707969116,300.8981707969116,10959.908539845575,129,122,0,0.18604497299998,22,7,8661.694794288287,8281.694794288287,178.23389588576575,170.63389588576575
5197,v3,hash,False,11,11,3049.38742792114,277.2170389019218,11056.9371396057,131,128,0,0.167992148000053,23,7,9308.210180977745,8888.210180977745,174.24018510868626,166.60382147232264
5198,v3,hash,False,15,15,3197.312638501044,213.1541759000696,12006.56319250522,120,121,0,0.276685518000022,27,7,10480.303303298591,9900.303303298591,144.73737737731454,137.00404404398122
5199,v3,hash,False,16,16,3261.1862870202044,203.8241429387628,12795.931435101022,104,102,0,0.2250652919999538,24,6,9489.616106661222,8869.616106661222,123.62020133326527,115.87020133326527
5200,v3,hash,False,11,11,3000.9955977361774,272.81778161237975,11084.977988680886,122,119,0,0.2733750810000401,21,7,9351.690673027288,8931.690673027288,175.03073950958705,167.39437587322342
5201,v3,hash,False,11,11,3098.822462974232,281.71113299765744,11719.112314871158,117,115,0,0.1745705370000223,19,7,7692.156530338553,7272.156530338553,144.85739146070097,137.22102782433734
5202,v3,hash,False,10,10,2760.2029778785954,276.02029778785953,10141.014889392978,114,112,0,0.1675914569999577,21,7,7445.718088682533,7065.718088682533,153.91436177365065,146.31436177365066
5203,v3,hash,False,16,16,3340.1585914185057,208.7599119636566,12660.792957092528,121,123,0,0.3367217640000035,26,5,10043.04332120088,9423.04332120088,130.538041515011,122.78804151501099
5204,v3,hash,False,14,14,3370.060265036427,240.7185903597448,12625.301325182136,130,125,0,0.2677352540000584,26,7,8517.890359450812,7977.890359450812,126.68414799215445,118.96986227786874
5205,v3,hash,False,16,16,3191.2952086349283,199.45595053968304,11941.476043174642,121,118,0,0.1375195450000319,25,6,9119.718934031975,8499.718934031975,118.99648667539968,111.24648667539968
5206,v3,hash,False,15,15,3496.8550666467763,233.12367110978508,13204.275333233882,129,136,0,0.1914510020000079,26,7,9326.007129474197,8746.007129474197,129.34676172632263,121.6134283929893
5207,v3,hash,False,16,16,3188.416687102841,199.2760429439276,12017.083435514203,117,120,0,0.15486764700006,26,5,9935.04898479555,9315.04898479555,129.1881123099444,121.43811230994439
5208,v3,hash,False,15,15,2932.5830806270565,195.50553870847045,11037.915403135285,109,105,0,0.1377271179999297,25,7,8030.2300533460175,7450.2300533460175,112.06973404461357,104.33640071128023
5209,v3,hash,False,11,11,3232.938516032185,293.9035014574713,12184.692580160923,124,121,0,0.1078755539999747,26,7,8621.912686139533,8201.912686139533,161.7620488389006,154.12568520253694
5210,v3,hash,False,15,15,3288.586494085176,219.2390996056784,12262.932470425882,126,131,0,0.3028168709998908,25,7,10045.186090764317,9465.186090764317,138.93581454352423,131.2024812101909
5211,v3,hash,False,16,16,3077.7555654133616,192.3597228383351,11863.777827066808,104,105,0,0.2456170549999115,24,6,8780.588720725536,8160.588720725536,114.7573590090692,107.0073590090692
5212,v3,hash,False,15,15,3654.194207545869,243.6129471697246,14260.971037729349,121,122,0,0.2396276249999118,29,7,10314.875806047901,9734.875806047901,142.531677413972,134.79834408063869
5213,v3,hash,False,13,13,2858.181585819057,219.8601219860813,10290.907929095289,123,120,0,0.2594273460000522,24,7,8249.668350734322,7749.668350734322,131.91797462668188,124.22566693437419
5214,v3,hash,False,13,13,3073.172580444289,236.39789080340688,11335.862902221446,123,126,0,0.1952325320000909,24,7,9103.244469031557,8603.244469031557,145.0499149081778,137.3576072158701
5215,v3,hash,False,15,15,3497.5877812066706,233.17251874711135,13237.938906033352,129,130,0,0.2901401379999697,25,7,9686.446981663268,9106.446981663268,134.15262642217692,126.41929308884357
5216,v3,hash,False,11,11,2874.9231882416084,261.35665347650985,10414.61594120804,123,122,0,0.0943043620000025,21,7,7319.6205973894275,6899.6205973894275,138.08401086162596,130.4476472252623
5217,v3,hash,False,14,14,3337.778559226649,238.41275423047492,12713.892796133248,121,120,0,0.2746469079999087,27,7,10881.193046699975,10341.193046699975,160.44561495285677,152.73132923857108
5218,v3,hash,False,15,15,3288.13973293818,219.20931552921195,12490.698664690895,120,115,0,0.2562760089999756,28,7,10548.952739575487,9968.952739575487,145.65270319433984,137.9193698610065
5219,v3,hash,False,12,12,2999.5650370997832,249.9637530916486,10837.825185498916,129,127,0,0.2190737980000676,23,7,8771.318951427676,8311.318951427676,151.18864919046126,143.5219825237946
5220,v3,hash,False,14,14,3205.469677051576,228.9621197893983,12102.34838525788,119,120,0,0.3497658799999499,26,7,8923.17641140179,8383.17641140179,132.47394873431128,124.75966302002557
5221,v3,hash,False,15,15,3538.744760776653,235.91631738511023,13383.723803883267,131,132,0,0.1172679499999276,25,7,10728.1827392016,10148.1827392016,148.042436522688,140.30910318935466
5222,v3,hash,False,13,13,2987.751295881147,229.82702276008823,10978.756479405736,122,117,0,0.2373861459999489,23,7,8971.220265537911,8471.220265537911,143.01877331596788,135.32646562366017
5223,v3,hash,False,10,10,2910.623962395443,291.0623962395443,10048.119811977214,142,141,0,0.106731108999952,24,7,6620.922553363608,6240.922553363608,137.41845106727217,129.81845106727218
5224,v3,hash,False,14,14,3202.620397853688,228.758599846692,11848.101989268436,127,128,0,0.2520322569999962,25,7,7987.9066335459165,7447.9066335459165,119.1129519077988,111.3986661935131
5225,v3,hash,False,11,11,2939.076435790849,267.1887668900772,10510.382178954243,131,127,0,0.1787518119999731,24,7,9001.478582501866,8581.478582501866,168.6632469545794,161.02688331821574
5226,v3,hash,False,12,12,3091.522848198158,257.62690401651315,11112.61424099079,135,134,0,0.2113124359999574,23,7,7392.984500688604,6932.984500688604,128.21640834481008,120.5497416781434
5227,v3,hash,False,10,10,2970.3669215832147,297.03669215832144,11276.834607916073,111,110,0,0.1682554269999627,21,7,7358.864888001598,6978.864888001598,152.17729776003196,144.57729776003197
5228,v3,hash,False,11,11,3102.0374171738804,282.00340156126185,11805.187085869402,114,116,0,0.1553405770000608,22,7,8384.17017709464,7964.17017709464,157.4394577653571,149.80309412899345
5229,v3,hash,False,11,11,2799.5387993185195,254.5035272107745,9872.693996592598,129,125,0,0.0968030669999961,23,7,7240.264751728672,6820.264751728672,136.64117730415768,129.00481366779405
5230,v3,hash,False,12,12,2738.5648057518265,228.2137338126522,9782.824028759132,120,122,0,0.2088556569999582,20,7,7188.490124706105,6728.490124706105,124.80816874510175,117.14150207843508
5231,v3,hash,False,11,11,3146.370482948042,286.0336802680038,11901.85241474021,119,116,0,0.2375991540000086,24,7,9530.89391998115,9110.89391998115,178.28898036329363,170.65261672693
5232,v3,hash,False,13,13,3128.6027450628217,240.66174962021705,11583.01372531411,124,127,0,0.2300559619999376,23,7,8437.945775502722,7937.9457755027215,134.81455039234956,127.12224270004187
5233,v3,hash,False,12,12,3078.453288917039,256.5377740764199,11447.266444585195,122,119,0,0.0964131790000237,24,7,8813.751453433078,8353.751453433078,151.89585755721797,144.2291908905513
5234,v3,hash,False,10,10,2804.980964015754,280.4980964015754,10224.904820078773,119,115,0,0.0850261519999548,20,7,5773.218469934226,5393.218469934226,120.46436939868452,112.86436939868452
5235,v3,hash,False,12,12,3329.223129414061,277.4352607845051,12331.115647070304,134,133,0,0.1113292780000847,23,7,9219.926833288155,8759.926833288155,158.66544722146924,150.99878055480258
5236,v3,hash,False,12,12,2900.1351128798638,241.67792607332197,10640.675564399316,119,117,0,0.2137586960000135,23,7,8497.058319873866,8037.058319873866,146.61763866456442,138.95097199789777
5237,v3,hash,False,12,12,3412.199539290736,284.3499616075613,12945.997696453678,128,123,0,0.1864744089999703,24,7,9159.73496573967,8699.73496573967,157.6622494289945,149.99558276232784
5238,v3,hash,False,16,16,2801.940000688504,175.1212500430315,10159.70000344252,115,115,0,0.3390420979999362,24,6,8277.24722347425,7657.247223474251,108.46559029342814,100.71559029342814
5239,v3,hash,False,16,16,3714.044893386472,232.1278058366545,14700.224466932355,117,109,0,0.1234414880000258,29,6,10601.244837068682,9981.244837068682,137.51556046335853,129.76556046335853
5240,v3,hash,False,11,11,2987.197084503591,271.5633713185083,10970.985422517955,124,118,0,0.0837781379999569,22,7,7951.413226749037,7531.413226749037,149.57114957725523,141.93478594089157
5241,v3,hash,False,14,14,3434.237618311804,245.30268702227173,12436.18809155902,146,147,0,0.1274930490000088,27,7,10034.87555515303,9494.87555515303,148.3553650736147,140.641079359329
5242,v3,hash,False,14,14,3041.0477876071022,217.21769911479305,11235.23893803551,120,124,0,0.2535060379999549,23,7,9413.270173854517,8873.270173854517,139.47528819792166,131.76100248363593
5243,v3,hash,False,13,13,2874.174637884494,221.0903567603457,10560.873189422471,117,112,0,0.2031495100000029,22,7,9202.04217541601,8702.04217541601,146.5698796217848,138.87757192947709
5244,v3,hash,False,16,16,2813.2890675651,175.83056672281873,10486.445337825498,106,106,0,0.2796024570000099,25,6,9151.567223492768,8531.567223492768,119.3945902936596,111.6445902936596
5245,v3,hash,False,10,10,2804.881550503408,280.4881550503408,9824.407752517038,132,130,0,0.0863983940000707,20,7,7751.477007223096,7371.477007223096,160.02954014446192,152.42954014446192
5246,v3,hash,False,16,16,3597.3039267294307,224.83149542058945,14081.519633647153,117,116,0,0.2780195149999827,26,6,10983.193953660835,10363.193953660835,142.28992442076043,134.53992442076043
5247,v3,hash,False,16,16,3296.5938516696965,206.03711572935603,12377.969258348485,124,121,0,0.3031943629999887,29,6,8839.283891090126,8219.283891090126,115.49104863862658,107.74104863862658
5248,v3,hash,False,10,10,3166.8403405371155,316.6840340537116,11894.201702685576,124,118,0,0.086692388000074,22,7,9784.494067793663,9404.494067793663,200.68988135587327,193.08988135587325
5249,v3,hash,False,14,14,3041.5110575898398,217.2507898278457,11217.555287949195,121,123,0,0.2465253390000725,23,7,8710.26831778065,8170.26831778065,129.43240453972356,121.71811882543786
5250,v3,hash,False,13,13,3510.0217243860216,270.00167110661704,13240.108621930109,133,132,0,0.2370664110000007,22,7,10524.967047448588,10024.967047448588,166.92256996074752,159.23026226843982
5251,v3,hash,False,15,15,3286.690050362449,219.1126700241633,12598.450251812244,116,112,0,0.1434876989999338,24,7,9866.435533805921,9286.435533805921,136.55247378407896,128.81914045074564
5252,v3,hash,False,14,14,2818.0312793126736,201.28794852233383,10390.156396563369,112,110,0,0.2875570459999608,24,7,7522.4768668319275,6982.4768668319275,112.4639552404561,104.7496695261704
5253,v3,hash,False,14,14,3597.0603478594503,256.9328819899607,13730.30173929725,130,131,0,0.2848248770000054,26,7,9729.43299363672,9189.43299363672,143.991899909096,136.27761419481027
5254,v3,hash,False,16,16,3053.758780536306,190.85992378351912,11243.79390268153,121,120,0,0.2564945810000836,24,6,8031.109160493116,7411.109160493116,105.38886450616396,97.63886450616396
5255,v3,hash,False,15,15,3328.9736542602686,221.9315769506846,12109.868271301342,139,137,0,0.2850403439999809,26,7,9861.285496655059,9281.285496655059,136.48380662206745,128.7504732887341
5256,v3,hash,False,15,15,3221.188663263836,214.74591088425572,12125.94331631918,120,121,0,0.3005889610000167,27,7,9808.772934257922,9228.772934257922,135.78363912343897,128.05030579010563
5257,v3,hash,False,10,10,2995.066081539903,299.50660815399027,10865.330407699514,129,127,0,0.0961119909999297,22,7,8413.340221654771,8033.340221654771,173.26680443309542,165.66680443309542
5258,v3,hash,False,16,16,3382.275613315677,211.39222583222983,12831.378066578383,123,121,0,0.1169211229999973,25,7,10531.029089954654,9911.029089954654,136.63786362443318,128.88786362443318
5259,v3,hash,False,16,16,3283.236198050956,205.20226237818477,12586.18099025478,115,111,0,0.104863593999994,24,6,10692.54498671594,10072.54498671594,138.65681233394926,130.90681233394926
5260,v3,hash,False,16,16,3019.085775535209,188.69286097095056,11030.428877676044,122,123,0,0.2932079290000047,25,5,8973.227218386282,8353.227218386282,117.16534022982853,109.41534022982853
5261,v3,hash,False,11,11,2919.58705076169,265.4170046146991,10577.93525380845,125,124,0,0.2577426929999546,23,7,9228.911921977045,8808.911921977045,172.79839858140082,165.1620349450372
5262,v3,hash,False,14,14,3052.766607805354,218.0547577003824,10973.83303902677,131,133,0,0.2462642339999092,24,7,8172.357678781373,7632.357678781373,121.74796683973389,114.03368112544818
5263,v3,hash,False,12,12,3008.039749899993,250.66997915833272,11170.198749499965,119,119,0,0.0947571539999216,25,7,9353.433004752656,8893.433004752656,160.89055007921095,153.22388341254427
5264,v3,hash,False,14,14,3081.93480632755,220.13820045196783,11449.67403163775,120,122,0,0.2811889639999663,22,7,8524.55011932436,7984.55011932436,126.77928741891942,119.06500170463372
5265,v3,hash,False,11,11,2704.746564461913,245.8860513147193,9668.732822309565,120,116,0,0.0766609710000238,21,7,8292.923388830499,7872.923388830499,155.7804252514636,148.1440616151
5266,v3,hash,False,10,10,2799.4918287386754,279.9491828738675,10112.459143693375,122,117,0,0.0913689149999754,19,7,8135.700951557341,7755.700951557341,167.71401903114682,160.11401903114682
5267,v3,hash,False,10,10,3003.2609453966224,300.3260945396622,11056.304726983111,124,122,0,0.0574816719999944,21,7,9728.592667170795,9348.592667170795,199.5718533434159,191.9718533434159
5268,v3,hash,False,13,13,3174.049790519047,244.15767619377283,11450.248952595231,137,134,0,0.2473374649999868,26,7,9200.373402809772,8700.373402809772,146.5442061970734,138.85189850476573
5269,v3,hash,False,13,13,3108.971022933954,239.1516171487657,11759.85511466977,116,112,0,0.1982997630000227,24,7,9454.842802626055,8954.842802626055,150.45912004040085,142.76681234809317
5270,v3,hash,False,11,11,2667.7326707630923,242.52115188755383,9568.663353815462,117,114,0,0.1588651179999942,18,7,6353.401378737313,5933.401378737313,120.51638870431479,112.88002506795115
5271,v3,hash,False,16,16,3329.6483893504005,208.10302433440003,12473.241946752005,125,130,0,0.1536767280000504,28,6,9018.098249085442,8398.098249085442,117.72622811356803,109.97622811356803
5272,v3,hash,False,14,14,3245.3899086149795,231.81356490106995,12531.949543074898,112,109,0,0.1313217819999863,26,7,9907.378047650818,9367.378047650818,146.5339721092974,138.8196863950117
5273,v3,hash,False,12,12,3030.634803849068,252.55290032075564,11263.174019245338,120,118,0,0.1927997820000655,20,7,8156.447387861589,7696.447387861589,140.94078979769316,133.27412313102647
5274,v3,hash,False,14,14,3019.503238981524,215.67880278439455,11207.51619490762,118,118,0,0.1016771700000163,21,7,9197.225262786209,8657.225262786209,136.38893232551726,128.67464661123154
5275,v3,hash,False,14,14,3217.10432247819,229.7931658912993,12165.52161239095,119,119,0,0.264993243000049,25,7,8695.475763351356,8155.475763351356,129.2210823335908,121.50679661930509
5276,v3,hash,False,15,15,3078.186156878668,205.21241045857784,11515.930784393338,116,120,0,0.1235992030000261,26,7,8901.739018876533,8321.739018876533,123.68985358502044,115.95652025168711
5277,v3,hash,False,16,16,3577.1924270139407,223.5745266883713,14130.962135069703,112,111,0,0.124207411000043,27,6,10341.316083698995,9721.316083698995,134.26645104623745,126.51645104623745
5278,v3,hash,False,10,10,3011.258092734576,301.12580927345755,11311.290463672878,117,114,0,0.0797146549999752,20,7,8745.864313500579,8365.864313500579,179.91728627001157,172.31728627001158
5279,v3,hash,False,10,10,2945.935795351063,294.5935795351063,10839.678976755316,122,118,0,0.1353175089999467,21,7,8233.923219226579,7853.923219226579,169.6784643845316,162.07846438453157
5280,v3,hash,False,11,11,2916.881215712367,265.1710196102152,10144.406078561837,139,138,0,0.177593365000007,20,7,7688.6846617729625,7268.6846617729625,144.79426657769022,137.1579029413266
5281,v3,hash,False,13,13,3231.019609071373,248.5399699285672,11960.098045356865,129,129,0,0.225581074000047,22,7,8804.755824885739,8304.755824885739,140.45778192131905,132.76547422901137
5282,v3,hash,False,10,10,2865.658794553577,286.56587945535773,10583.293972767886,117,114,0,0.0841279940000276,20,7,6543.524778477849,6163.524778477849,135.870495569557,128.270495569557
5283,v3,hash,False,14,14,3412.6760761587693,243.76257686848356,13103.380380793846,120,122,0,0.1184032009999782,24,7,9097.013953403404,8557.013953403404,134.9573421914772,127.24305647719149
5284,v3,hash,False,14,14,3354.807544958417,239.62911035417264,12884.037724792086,118,118,0,0.217012595999904,24,7,10071.257797587608,9531.257797587608,148.8751113941087,141.16082567982298
5285,v3,hash,False,14,14,3287.860981497336,234.8472129640954,12069.304907486678,133,139,0,0.1242651190000287,24,7,9685.681015822334,9145.681015822334,143.36687165460478,135.65258594031906
5286,v3,hash,False,11,11,2903.658173042775,263.96892482207045,10683.290865213876,119,117,0,0.0945102609999821,22,7,7571.149784133483,7151.149784133483,142.65726880242696,135.02090516606333
5287,v3,hash,False,14,14,3183.234337129988,227.37388122357052,11461.17168564994,137,136,0,0.2615152070000022,23,7,7958.120913052564,7418.120913052564,118.68744161503663,110.97315590075091
5288,v3,hash,False,16,16,3445.29034266702,215.33064641668875,13211.4517133351,121,118,0,0.2341261139999915,28,7,10671.432550855587,10051.432550855587,138.39290688569483,130.64290688569483
5289,v3,hash,False,15,15,3760.079459220073,250.67196394800487,14845.397296100366,120,116,0,0.2115998479999916,28,7,10851.227235675326,10271.227235675326,149.68302980900435,141.949696475671
5290,v3,hash,False,14,14,3005.2598105972984,214.66141504266415,11221.299052986493,115,116,0,0.2134492129999898,25,7,8682.056254904825,8142.0562549048245,129.0293750700689,121.3150893557832
5291,v3,hash,False,11,11,3012.631287350452,273.87557157731385,11018.15643675226,126,124,0,0.2074669430000995,19,7,8359.486208169841,7939.486208169841,156.99065833036076,149.3542946939971
5292,v3,hash,False,11,11,2808.445819909715,255.31325635542865,10097.229099548576,122,124,0,0.1842867390000719,19,7,8537.130852132646,8117.130852132646,160.2205609478663,152.58419731150266
5293,v3,hash,False,14,14,3453.4407243193223,246.67433745138013,12942.20362159661,133,130,0,0.2219993009999825,24,7,9704.366476891877,9164.366476891877,143.6338068127411,135.9195210984554
5294,v3,hash,False,11,11,2885.289022035576,262.29900200323414,10496.445110177878,123,116,0,0.2051158149999992,23,7,8246.254078845033,7826.254078845033,154.93189234263696,147.29552870627333
5295,v3,hash,False,14,14,3580.522385671196,255.751598976514,13917.61192835598,122,117,0,0.1087658100000226,26,7,9521.786326692516,8981.786326692516,141.02551895275022,133.31123323846452
5296,v3,hash,False,10,10,2725.656041858362,272.56560418583626,9548.280209291814,128,126,0,0.0919832429999587,19,7,7621.986598172153,7241.986598172153,157.43973196344305,149.83973196344306
5297,v3,hash,False,14,14,3090.5931512455886,220.7566536603992,11137.965756227944,132,133,0,0.2607045729999981,25,7,8516.156530561915,7976.156530561915,126.65937900802736,118.94509329374165
5298,v3,hash,False,14,14,3301.0662828996174,235.7904487785441,12225.331414498089,131,131,0,0.2230980509999653,23,7,8704.360921973444,8164.360921973444,129.34801317104922,121.6337274567635
5299,v3,hash,False,15,15,3050.738339929151,203.38255599527676,11388.691699645757,116,118,0,0.2379510040000241,26,7,9227.773036136912,8647.773036136912,128.03697381515883,120.3036404818255
5300,v3,hash,False,15,15,3511.41070365281,234.09404691018733,13527.053518264049,122,121,0,0.1358404689999588,26,7,10246.479485356365,9666.479485356365,141.6197264714182,133.88639313808488
5301,v3,hash,False,11,11,3043.0551700507503,276.6413790955228,11085.275850253753,129,126,0,0.0925719210000579,24,7,8795.754437172345,8375.754437172345,164.9228079485881,157.28644431222446
5302,v3,hash,False,15,15,3354.2130391753585,223.61420261169056,12746.065195876792,121,125,0,0.2356564369999887,25,7,10618.445126517914,10038.445126517914,146.5792683535722,138.84593502023884
5303,v3,hash,False,16,16,3649.8646019890975,228.11653762431865,14149.323009945492,123,125,0,0.1509422170000789,26,7,11559.285498658912,10939.285498658912,149.4910687332364,141.7410687332364
5304,v3,hash,False,11,11,2757.302832766209,250.6638938878372,9806.514163831043,123,126,0,0.2085926139999401,22,7,6096.049900256892,5676.049900256892,115.83727091376167,108.20090727739804
5305,v3,hash,False,13,13,3284.143738498721,252.62644142297856,12690.718692493609,114,111,0,0.2107320270000627,24,7,8818.094613402678,8318.094613402678,140.6629940523489,132.9706863600412
5306,v3,hash,False,11,11,2847.4950045947567,258.863182235887,10047.475022973784,131,128,0,0.1764063219999343,21,7,7912.970685543311,7492.970685543311,148.87219428260568,141.23583064624202
5307,v3,hash,False,12,12,2955.120603357671,246.2600502798059,10255.603016788356,141,139,0,0.2096099610000692,21,7,7866.7917417285435,7406.7917417285435,136.11319569547572,128.44652902880904
5308,v3,hash,False,10,10,3126.08163451699,312.608163451699,11350.40817258495,135,131,0,0.1262347449999197,18,7,7267.165836282502,6887.165836282502,150.34331672565003,142.74331672565003
5309,v3,hash,False,11,11,3241.4292098705164,294.6753827155015,11972.14604935258,132,132,0,0.217960478000009,21,7,8004.723494915549,7584.723494915549,150.5404271802827,142.90406354391908
5310,v3,hash,False,14,14,3265.879887888605,233.2771348491861,12254.399439443026,125,120,0,0.2480586650000305,24,7,7336.190465070195,6796.190465070195,109.80272092957422,102.0884352152885
5311,v3,hash,False,10,10,2647.7628227021605,264.77628227021603,9128.814113510804,129,127,0,0.0569883770000387,21,7,6546.863932346759,6166.863932346759,135.93727864693517,128.33727864693518
5312,v3,hash,False,14,14,3107.0434352093216,221.93167394352295,11655.217176046608,118,116,0,0.1987986120000187,22,7,9388.685834277381,8848.685834277381,139.12408334681973,131.40979763253404
5313,v3,hash,False,16,16,3260.9385714104624,203.8086607131539,11979.692857052312,130,135,0,0.2835481380000146,27,6,9361.166051978094,8741.166051978094,122.01457564972618,114.26457564972618
5314,v3,hash,False,13,13,3302.986037126021,254.075849009694,12789.930185630108,114,110,0,0.1010250300000734,22,7,10104.037069956059,9604.037069956059,160.44672415317015,152.75441646086244
5315,v3,hash,False,16,16,3013.166456432016,188.32290352700096,12000.832282160078,89,88,0,0.2195544689999451,22,4,9484.006203119508,8864.006203119508,123.55007753899386,115.80007753899386
5316,v3,hash,False,11,11,3343.8853241605216,303.9895749236838,13014.426620802607,115,111,0,0.2526352009999755,22,7,9390.020848655467,8970.020848655467,175.72765179373576,168.09128815737213
5317,v3,hash,False,15,15,3200.8760556386733,213.39173704257823,11909.380278193366,124,124,0,0.2965243339999688,28,7,10085.125499311998,9505.125499311998,139.46833999082665,131.73500665749333
5318,v3,hash,False,14,14,3309.1655458944047,236.3689675638861,12435.827729472025,125,127,0,0.137644454999986,26,7,9525.20738304229,8985.20738304229,141.07439118631842,133.36010547203273
5319,v3,hash,False,10,10,2965.2308817974586,296.52308817974586,10576.154408987291,135,125,0,0.1465458880001051,21,7,8149.677653866767,7769.677653866767,167.99355307733535,160.39355307733535
5320,v3,hash,False,13,13,3558.385663582458,273.7219741217276,13386.92831791229,136,136,0,0.1482942210000146,25,7,10256.081962561517,9756.081962561517,162.78587634710027,155.09356865479256
5321,v3,hash,False,10,10,2742.6149692099866,274.26149692099864,9693.074846049933,126,124,0,0.1100256749999744,20,7,6851.023733249675,6471.023733249675,142.02047466499351,134.42047466499352
5322,v3,hash,False,12,12,3226.465169414932,268.8720974512443,12297.32584707466,118,117,0,0.2308972770000537,22,7,9084.01075257076,8624.01075257076,156.4001792095127,148.733512542846
5323,v3,hash,False,16,16,3127.174876489378,195.4484297805861,11115.874382446891,137,139,0,0.1491689520000818,25,6,9630.212983933943,9010.212983933943,125.37766229917429,117.62766229917429
5324,v3,hash,False,14,14,2890.4905693145897,206.4636120938993,10577.452846572947,117,120,0,0.2517340989999184,22,7,7864.525670694751,7324.525670694751,117.35036672421073,109.63608100992502
5325,v3,hash,False,10,10,3103.308696149162,310.33086961491625,11461.543480745811,127,126,0,0.1896770859999605,21,7,8801.12363117774,8421.12363117774,181.0224726235548,173.4224726235548
5326,v3,hash,False,10,10,3149.871730260638,314.9871730260638,11709.35865130319,127,123,0,0.1684496450000097,22,7,8815.836344588706,8435.836344588706,181.31672689177412,173.71672689177413
5327,v3,hash,False,12,12,3004.056656537013,250.33805471141773,11065.283282685066,122,121,0,0.1947335859999839,21,7,8221.425237459272,7761.4252374592725,142.02375395765455,134.35708729098786
5328,v3,hash,False,13,13,3390.389054352604,260.7991580271233,12971.945271763016,122,121,0,0.1004112029999078,23,7,9102.32295929794,8602.32295929794,145.03573783535293,137.34343014304523
5329,v3,hash,False,16,16,3698.2020210621554,231.1376263163847,14626.010105310776,115,118,0,0.1202220249999754,26,6,11160.611042988916,10540.611042988916,144.50763803736146,136.75763803736146
5330,v3,hash,False,14,14,2963.9907496187857,211.7136249727704,11259.953748093929,107,107,0,0.1023422800000162,23,7,9527.276913016536,8987.276913016536,141.10395590023623,133.3896701859505
5331,v3,hash,False,11,11,3048.0717092918912,277.0974281174447,10965.358546459456,133,135,0,0.2228350269999737,22,7,7379.273743686923,6959.273743686923,139.16861352158043,131.5322498852168
5332,v3,hash,False,13,13,2820.190755197875,216.93775039983652,9905.953775989376,128,134,0,0.2188522879999936,22,7,8195.332664490728,7695.332664490728,131.08204099216505,123.38973329985735
5333,v3,hash,False,14,14,3331.411233561377,237.95794525438404,12857.056167806884,115,115,0,0.2074731559999918,24,7,9290.287971905915,8750.287971905915,137.71839959865594,130.0041138843702
5334,v3,hash,False,16,16,3249.507540713607,203.09422129460043,12232.537703568034,120,123,0,0.2882324259999222,25,5,10526.814965950456,9906.814965950456,136.5851870743807,128.8351870743807
5335,v3,hash,False,14,14,3037.740926312289,216.98149473659208,11373.704631561446,116,113,0,0.2720263439999826,22,7,8551.563103612418,8011.563103612418,127.16518719446312,119.4509014801774
5336,v3,hash,False,13,13,2908.1970817643687,223.7074678280284,10295.985408821844,131,129,0,0.2201524219999555,24,7,8179.944594739838,7679.944594739838,130.84530145753598,123.15299376522827
5337,v3,hash,False,10,10,2703.9243815538566,270.39243815538566,9599.621907769284,123,119,0,0.0905057969999916,20,7,7633.808428895348,7253.808428895348,157.67616857790696,150.07616857790697
5338,v3,hash,False,10,10,2873.902831005438,287.3902831005438,10369.514155027193,125,125,0,0.0959036630000582,21,7,7623.090154317348,7243.090154317348,157.46180308634695,149.86180308634695
5339,v3,hash,False,14,14,3349.940489052512,239.2814635037508,12739.702445262556,123,117,0,0.2540686370000458,24,7,10184.247465483242,9644.247465483242,150.48924950690346,142.77496379261774
5340,v3,hash,False,13,13,3119.505670755604,239.961974673508,11727.52835377802,118,119,0,0.2476890890000049,24,7,9432.367078197993,8932.367078197993,150.11333966458452,142.4210319722768
5341,v3,hash,False,11,11,3216.584068967768,292.4167335425244,11987.92034483884,127,129,0,0.1553838610000184,22,7,8073.904960805927,7653.904960805927,151.7982720146532,144.16190837828958
5342,v3,hash,False,13,13,3245.42998371439,249.6484602857223,12112.14991857195,126,128,0,0.2663636229999611,26,7,8867.516974019174,8367.516974019174,141.42333806183345,133.73103036952577
5343,v3,hash,False,15,15,3373.563424906256,224.90422832708373,12512.81712453128,133,131,0,0.3064578040000469,29,7,9783.66775666432,9203.66775666432,135.44890342219094,127.71557008885759
5344,v3,hash,False,16,16,3754.4733269032,234.65458293145,14467.366634516002,130,131,0,0.2733221969999704,28,7,10337.416788715398,9717.416788715398,134.21770985894247,126.46770985894247
5345,v3,hash,False,15,15,3327.3446861653824,221.82297907769217,12341.723430826913,131,129,0,0.2824498779999658,28,7,9794.920726172088,9214.920726172088,135.59894301562784,127.8656096822945
5346,v3,hash,False,11,11,2770.302355194649,251.84566865405895,9906.511775973244,122,124,0,0.1868990159999839,21,7,7663.421940222977,7243.421940222977,144.3349443676905,136.69858073132687
5347,v3,hash,False,12,12,3175.246987953356,264.6039156627797,12026.23493976678,119,115,0,0.1617500559999598,21,7,8596.132269767708,8136.132269767708,148.26887116279514,140.60220449612845
5348,v3,hash,False,13,13,2998.634953804013,230.6642272156933,10758.174769020066,130,132,0,0.2279385439999259,26,7,8177.0067754417705,7677.0067754417705,130.8001042375657,123.10779654525801
5349,v3,hash,False,14,14,3424.2583907434064,244.5898850531005,12531.291953717033,141,143,0,0.2636836939999512,24,7,9413.121528355758,8873.121528355758,139.47316469079655,131.75887897651083
5350,v3,hash,False,10,10,2860.5730655275484,286.0573065527548,10262.86532763774,127,123,0,0.223187681000013,19,7,8268.22923953843,7888.22923953843,170.36458479076862,162.7645847907686
5351,v3,hash,False,12,12,3388.764534907535,282.39704457562794,12863.822674537676,127,121,0,0.1992807139999968,26,7,8466.068484181029,8006.068484181029,146.10114140301715,138.4344747363505
5352,v3,hash,False,12,12,3224.021319464586,268.66844328871554,12035.10659732293,126,127,0,0.2085428589999765,22,7,9287.141110895675,8827.141110895675,159.78568518159457,152.11901851492792
5353,v3,hash,False,13,13,2843.73978934501,218.7492145650008,10498.698946725051,113,114,0,0.1993074939999815,22,7,7044.502932347766,6544.502932347766,113.37696818996562,105.68466049765793
5354,v3,hash,False,11,11,2904.7344226675527,264.06676569705024,10548.672113337763,124,120,0,0.1094690730000138,22,7,9044.582565184002,8624.582565184002,169.4469557306182,161.8105920942546
5355,v3,hash,False,12,12,2812.742846723778,234.3952372269815,10123.714233618888,122,118,0,0.0981924139999819,26,7,9044.279771250602,8584.279771250602,155.73799618751002,148.07132952084336
5356,v3,hash,False,15,15,3086.3633135601863,205.75755423734572,10911.816567800932,138,139,0,0.3438196649999554,25,7,7108.430880156037,6528.430880156037,99.7790784020805,92.04574506874717
5357,v3,hash,False,11,11,2713.103740854901,246.6457946231728,9615.518704274504,123,120,0,0.1364942619999283,20,7,7000.113371787753,6580.113371787753,132.27478857795916,124.6384249415955
5358,v3,hash,False,11,11,3123.6257934778973,283.9659812252634,11568.128967389486,126,125,0,0.1532202280000092,21,7,8407.026982167108,7987.026982167108,157.85503603940197,150.21867240303834
5359,v3,hash,False,10,10,2989.595665808999,298.9595665808999,10842.978329044996,129,126,0,0.0945961899999474,24,7,9403.319965543535,9023.319965543535,193.06639931087068,185.46639931087068
5360,v3,hash,False,16,16,3042.4275457659437,190.15172161037145,10937.137728829715,129,130,0,0.3676913830000785,26,5,9161.951716766469,8541.951716766469,119.52439645958086,111.77439645958086
5361,v3,hash,False,14,14,3297.769343553614,235.55495311097243,12448.846717768069,123,123,0,0.3104456779999509,25,7,10146.23701499791,9606.23701499791,149.94624307139873,142.231957357113
5362,v3,hash,False,14,14,2984.016922794173,213.1440659138695,11220.084613970865,112,110,0,0.1018453510000654,21,7,8771.348384346707,8231.348384346707,130.3049769192387,122.59069120495296
5363,v3,hash,False,15,15,2951.6916838638526,196.7794455909235,11378.458419319264,100,101,0,0.2727820919999431,24,7,9350.852975305304,8770.852975305304,129.6780396707374,121.94470633740406
5364,v3,hash,False,14,14,3134.089017686364,223.8635012633117,11340.445088431818,133,131,0,0.1050214279999863,25,7,8199.904351605892,7659.904351605892,122.14149073722703,114.42720502294131
5365,v3,hash,False,14,14,2944.2533243791813,210.30380888422724,10806.266621895908,119,118,0,0.1007851599999867,24,7,8527.242344194423,7987.242344194423,126.81774777420604,119.10346205992033
5366,v3,hash,False,16,16,3192.777069207169,199.5485668254481,11993.885346035846,119,119,0,0.2662213449999626,27,6,10492.161116464193,9872.161116464193,136.1520139558024,128.4020139558024
5367,v3,hash,False,11,11,2875.016623138992,261.3651475580902,10410.08311569496,123,123,0,0.2000420890000214,20,7,8720.671017001168,8300.671017001168,163.5576548545667,155.92129121820307
5368,v3,hash,False,15,15,3291.9357279045034,219.46238186030024,12454.678639522515,121,121,0,0.2567102400000749,24,7,8882.202111583962,8302.202111583962,123.42936148778615,115.69602815445282
5369,v3,hash,False,10,10,2929.934985256597,292.9934985256597,10489.674926282984,131,127,0,0.2164293929999985,21,7,7956.042172656977,7576.042172656977,164.12084345313954,156.52084345313952
5370,v3,hash,False,14,14,3253.527679706296,232.39483426473544,12167.63839853148,125,125,0,0.1038895089999414,26,7,10028.05545823523,9488.05545823523,148.25793511764616,140.54364940336043
5371,v3,hash,False,15,15,3253.6368771724924,216.9091251448328,12143.184385862462,125,125,0,0.2839311220000127,26,7,9847.507588729944,9267.507588729944,136.30010118306592,128.5667678497326
5372,v3,hash,False,15,15,3006.020949843524,200.40139665623488,10685.104749217617,132,134,0,0.2080929219999916,25,7,8623.798157490164,8043.798157490164,119.98397543320219,112.25064209986886
5373,v3,hash,False,16,16,2862.3021989333506,178.8938874333344,10491.510994666753,114,114,0,0.3257585359999666,27,5,8957.20526887985,8337.20526887985,116.96506586099812,109.21506586099812
5374,v3,hash,False,12,12,3084.481712878826,257.04014273990214,11222.408564394127,130,130,0,0.2282252690000632,24,7,8484.587929859063,8024.587929859063,146.40979883098439,138.7431321643177
5375,v3,hash,False,16,16,3287.3767034655043,205.461043966594,12386.883517327522,122,120,0,0.1510143070000822,25,6,9825.510086041733,9205.510086041733,127.81887607552167,120.06887607552167
5376,v3,hash,False,15,15,3563.628140979733,237.57520939864887,13583.140704898666,129,127,0,0.1181687020000481,28,7,10204.056350013598,9624.056350013598,141.05408466684796,133.32075133351464
5377,v3,hash,False,13,13,2995.266877991437,230.4051444608797,10851.334389957185,127,125,0,0.2467754450000256,24,7,8690.01637967914,8190.01637967914,138.69255968737139,131.0002519950637
5378,v3,hash,False,13,13,2865.2843198654527,220.40648614349635,9826.421599327265,139,140,0,0.2521879939999962,22,7,7503.39925082317,7003.39925082317,120.4369115511257,112.74460385881801
5379,v3,hash,False,15,15,3419.230694820165,227.94871298801095,12931.153474100824,126,128,0,0.3017864470000404,27,7,10168.342158603718,9588.342158603718,140.5778954480496,132.84456211471624
5380,v3,hash,False,14,14,3189.3255825344486,227.80897018103204,11871.627912672242,124,125,0,0.2356794319999835,26,7,9922.07044303022,9382.07044303022,146.74386347186027,139.02957775757457
5381,v3,hash,False,10,10,2806.6098534516573,280.6609853451657,10068.049267258286,124,123,0,0.1936294020000559,21,7,7825.783092687481,7445.783092687481,161.51566185374963,153.9156618537496
5382,v3,hash,False,13,13,2834.5221355030944,218.0401642694688,10677.610677515471,106,104,0,0.2225682440000582,20,7,7854.576910502143,7354.576910502143,125.83964477695604,118.14733708464836
5383,v3,hash,False,13,13,2627.4545377072404,202.1118875159416,8962.272688536203,128,130,0,0.2137599599999475,21,7,6968.950956913581,6468.950956913581,112.21463010636278,104.52232241405508
5384,v3,hash,False,13,13,3370.1431753339352,259.241782717995,12685.715876669676,128,128,0,0.2167154450000907,26,7,9903.302552766956,9403.302552766956,157.35850081179933,149.66619311949162
5385,v3,hash,False,14,14,2835.8948123562527,202.56391516830377,10539.474061781264,109,113,0,0.2100110700000641,25,7,8055.2755400976075,7515.2755400976075,120.07536485853726,112.36107914425153
5386,v3,hash,False,12,12,3115.0537819851743,259.5878151654312,11510.268909925871,125,128,0,0.2471574380000447,24,7,8572.284476149041,8112.284476149041,147.87140793581736,140.2047412691507
5387,v3,hash,False,14,14,3492.122680383191,249.43733431308507,13180.613401915954,131,131,0,0.2749219229999653,27,7,9432.4580126846,8892.4580126846,139.74940018120856,132.03511446692283
5388,v3,hash,False,15,15,3282.000506625947,218.80003377506316,12410.002533129737,120,125,0,0.3141535900000463,26,7,9717.181624107052,9137.181624107052,134.5624216547607,126.82908832142736
5389,v3,hash,False,14,14,3261.706049418825,232.97900352991607,12203.530247094124,125,126,0,0.3479538149999825,25,7,8811.843180899636,8271.843180899636,130.88347401285193,123.16918829856623
5390,v3,hash,False,10,10,2697.129699556412,269.7129699556412,9525.64849778206,124,122,0,0.171854422000024,20,7,7513.125814278224,7133.125814278224,155.2625162855645,147.6625162855645
5391,v3,hash,False,15,15,3269.426797974256,217.9617865316171,12167.13398987128,127,126,0,0.28030437599989,26,7,10310.78164029179,9730.78164029179,142.47708853722386,134.74375520389054
5392,v3,hash,False,13,13,2999.7258996704763,230.74814612849815,11273.629498352382,113,115,0,0.2430764559999261,25,7,8885.803307233738,8385.803307233738,141.70466626513445,134.01235857282674
5393,v3,hash,False,11,11,2962.515723194157,269.31961119946885,10857.578615970788,124,116,0,0.0785831050000069,20,7,9509.703658345608,9089.703658345608,177.90370287901106,170.26733924264744
5394,v3,hash,False,12,12,2847.625171193952,237.302097599496,10193.12585596976,125,124,0,0.20572714299999,22,7,7964.32666713309,7504.32666713309,137.7387777855515,130.07211111888483
5395,v3,hash,False,11,11,3075.5177149106057,279.5925195373278,11252.588574553029,129,125,0,0.0881808460000002,27,7,9520.191455173588,9100.191455173588,178.09439009406523,170.4580264577016
5396,v3,hash,False,16,16,3168.452470095237,198.0282793809523,12367.262350476183,102,105,0,0.1261138229999687,27,5,9089.308640135912,8469.308640135912,118.6163580016989,110.8663580016989
5397,v3,hash,False,16,16,2922.059500310146,182.62871876938416,10920.297501550733,109,113,0,0.1135504640000135,24,5,9222.717490025296,8602.717490025296,120.28396862531619,112.53396862531619
5398,v3,hash,False,16,16,3264.716311012216,204.04476943826347,12383.58155506108,118,118,0,0.1299856420000651,25,6,8879.86914846267,8259.86914846267,115.99836435578338,108.24836435578338
5399,v3,hash,False,15,15,3756.370659063322,250.42471060422147,14451.85329531661,133,126,0,0.1910341679999874,28,7,11192.844353223207,10612.844353223207,154.23792470964275,146.50459137630943
