seed,mode,n,avg,time,distance,detects,switches,failed_attempts,speculative_success
8000,v3,10,294.49346536269735,2944.9346536269736,10424.673268134868,135,135,0,0
8000,optical_experimental,10,297.7973685315693,2977.9736853156933,10519.868426578467,136,138,2,2
8001,v3,11,285.9088506131398,3144.997356744538,11679.98678372269,126,124,0,0
8001,optical_experimental,11,285.55276505765084,3141.080415634159,11720.402078170797,123,124,1,3
8002,v3,10,299.3396092425369,2993.396092425369,10761.980462126845,133,126,0,0
8002,optical_experimental,10,297.746201238037,2977.4620123803697,10832.31006190185,127,126,0,5
8003,v3,11,250.05365837126493,2750.5902420839143,9472.951210419571,134,131,0,0
8003,optical_experimental,11,248.90128467902804,2737.9141314693084,9489.570657346541,130,129,2,3
8004,v3,12,262.8327222975435,3153.992667570522,11304.96333785261,138,143,0,0
8004,optical_experimental,12,265.1368212225606,3181.6418546707278,11408.20927335364,137,146,3,4
8005,v3,12,253.33854739588637,3040.0625687506363,10695.312843753181,140,141,0,0
8005,optical_experimental,12,251.7876384993418,3021.4516619921014,10677.258309960507,136,143,1,6
8006,v3,15,214.03270773670604,3210.4906160505907,11772.453080252953,130,131,0,0
8006,optical_experimental,15,215.3949485009338,3230.924227514007,11919.621137570035,125,132,5,6
8007,v3,14,214.89093162907562,3008.473042807059,11157.365214035295,118,117,0,0
8007,optical_experimental,14,211.9364659617777,2967.110523464888,11130.55261732444,110,118,1,7
8008,v3,16,225.589811543318,3609.436984693088,13877.18492346544,125,129,0,0
8008,optical_experimental,16,224.12836126663518,3586.053780266163,13940.268901330815,118,128,0,7
8009,v3,15,219.04102955130838,3285.6154432696258,11618.077216348129,148,147,0,0
8009,optical_experimental,15,219.58550827097758,3293.7826240646637,11713.91312032332,144,150,2,7
8010,v3,13,261.6412753451722,3401.336579487238,13136.68289743619,119,114,0,0
8010,optical_experimental,13,260.16402829044625,3382.1323677758014,13175.661838879007,112,116,2,7
8011,v3,15,204.16289087681878,3062.4433631522816,11292.216815761407,122,119,0,0
8011,optical_experimental,15,203.9086902825596,3058.630354238394,11363.15177119197,117,117,3,4
8012,v3,12,248.25146856235472,2979.0176227482566,11000.088113741283,120,119,0,0
8012,optical_experimental,12,247.2019477388914,2966.423372866697,11047.116864333484,115,119,1,5
8013,v3,15,203.35714910787928,3050.3572366181893,11081.786183090946,126,129,0,0
8013,optical_experimental,15,197.72681096092973,2965.9021644139457,10854.510822069728,118,127,1,5
8014,v3,11,276.34779512312645,3039.825746354391,11409.128731771954,118,113,0,0
8014,optical_experimental,11,274.64286885707776,3021.0715574278556,11465.357787139279,112,113,0,5
8015,v3,12,247.27405665434276,2967.288679852113,10866.443399260566,122,124,0,0
8015,optical_experimental,12,248.31538822916232,2979.784658749948,11058.92329374974,116,125,1,6
8016,v3,11,259.97074997831754,2859.678249761493,9798.391248807466,141,140,0,0
8016,optical_experimental,11,257.37314312179774,2831.104574339775,9835.522871698875,134,139,0,5
8017,v3,14,231.10184290963187,3235.4258007348462,12382.12900367423,116,109,0,0
8017,optical_experimental,14,232.7408530489558,3258.3719426853813,12511.859713426906,113,109,4,6
8018,v3,15,197.27733852528672,2959.160077879301,10630.800389396503,126,128,0,0
8018,optical_experimental,15,197.41316008650853,2961.197401297628,10695.98700648814,122,131,2,6
8019,v3,15,218.19761229741064,3272.9641844611597,12164.820922305798,127,130,0,0
8019,optical_experimental,15,217.88587547630794,3268.2881321446193,12161.440660723098,125,133,1,7
8020,v3,11,267.3305708764802,2940.6362796412823,10698.181398206412,125,121,0,0
8020,optical_experimental,11,264.6763138390122,2911.439452229134,10722.197261145671,118,119,1,5
8021,v3,10,298.915388899722,2989.1538889972203,11115.769444986101,119,121,0,0
8021,optical_experimental,10,297.5311573473905,2975.311573473905,11131.557867369525,115,121,1,3
8022,v3,16,207.25179315826674,3316.028690532268,12405.14345266134,126,125,0,0
8022,optical_experimental,16,204.44913546713832,3271.186167474213,12480.930837371066,113,121,3,9
8023,v3,11,261.06638467921096,2871.7302314713206,10248.651157356602,128,127,0,0
8023,optical_experimental,11,259.5063826537786,2854.5702091915646,10257.851045957823,123,127,2,6
8024,v3,16,182.3909047381991,2918.254475811186,10821.272379055928,112,114,0,0
8024,optical_experimental,16,182.22689388450402,2915.6303021520644,10828.15151076032,110,114,2,4
8025,v3,11,277.52218118643117,3052.743993050743,11118.719965253715,130,124,0,0
8025,optical_experimental,11,279.0854319708284,3069.9397516791123,11244.698758395562,125,126,5,5
8026,v3,10,300.69788201159525,3006.9788201159527,11084.894100579764,124,120,0,0
8026,optical_experimental,10,304.12363814570284,3041.2363814570285,11306.181907285143,121,122,1,5
8027,v3,13,224.6194044466799,2920.052257806839,10105.261289034195,139,139,0,0
8027,optical_experimental,13,222.52166134983506,2892.7815975478557,10163.907987739278,130,139,2,8
8028,v3,13,251.54983842231664,3270.1478994901163,12300.739497450582,125,120,0,0
8028,optical_experimental,13,251.62130967727532,3271.077025804579,12415.385129022896,120,120,1,5
8029,v3,16,205.939840454342,3295.037447269472,13010.18723634736,102,103,0,0
8029,optical_experimental,16,206.40969925202722,3302.5551880324356,13142.775940162179,97,103,2,5
8030,v3,14,229.02973274476454,3206.4162584267037,12047.081292133518,121,122,0,0
8030,optical_experimental,14,227.06906068386917,3178.9668495741685,12049.834247870842,115,124,0,7
8031,v3,12,254.50259923587245,3054.0311908304693,10855.155954152346,138,133,0,0
8031,optical_experimental,12,251.60740035712138,3019.2888042854565,10866.444021427284,130,133,1,5
8032,v3,10,284.3968235003834,2843.968235003834,10589.841175019168,113,111,0,0
8032,optical_experimental,10,284.4570850730602,2844.570850730602,10637.854253653011,110,111,2,4
8033,v3,13,233.1933479680942,3031.5135235852244,11242.567617926123,120,118,0,0
8033,optical_experimental,13,240.71220698039784,3129.258690745172,11646.293453725859,121,124,2,5
8034,v3,16,163.415952272487,2614.655236359792,10108.276181798961,86,83,0,0
8034,optical_experimental,16,166.43449272681414,2662.9518836290263,10464.759418145131,81,82,1,5
8035,v3,11,263.6400951881277,2900.0410470694046,10545.205235347023,123,121,0,0
8035,optical_experimental,11,262.68622518302897,2889.5484770133185,10552.742385066593,120,121,1,4
8036,v3,11,279.8317355752802,3078.1490913280822,11520.745456640412,120,119,0,0
8036,optical_experimental,11,277.643741623627,3054.0811578598973,11485.405789299486,116,119,1,7
8037,v3,14,243.1725896158289,3404.416254621605,13057.081273108024,120,123,0,0
8037,optical_experimental,14,241.99392826087336,3387.914995652227,13074.574978261135,115,125,1,6
8038,v3,12,255.21471542901745,3062.5765851482092,11407.882925741047,120,121,0,0
8038,optical_experimental,12,256.9397546201389,3083.2770554416666,11556.385277208332,117,121,2,4
8039,v3,12,249.9643669919443,2999.5724039033316,11102.862019516659,120,119,0,0
8039,optical_experimental,12,266.6952991526377,3200.3435898316525,12121.717949158263,118,123,1,6
8040,v3,16,202.38310768186153,3238.1297229097845,12235.648614548922,118,121,0,0
8040,optical_experimental,16,202.33747638367453,3237.3996221387924,12696.998110693961,101,110,1,7
8041,v3,10,296.52182826232627,2965.218282623263,10906.091413116314,123,119,0,0
8041,optical_experimental,10,292.93877879484455,2929.3877879484453,10886.938939742227,116,116,2,6
8042,v3,11,257.49863795268635,2832.4850174795497,9992.425087397749,131,124,0,0
8042,optical_experimental,11,257.0886742645543,2827.975416910097,10014.877084550484,128,124,2,4
8043,v3,13,235.3485865701712,3059.5316254122254,11197.658127061128,126,125,0,0
8043,optical_experimental,13,237.73306324275276,3090.529822155786,11292.64911077893,126,128,3,2
8044,v3,15,233.25334730266778,3498.8002095400166,13549.001047700083,119,119,0,0
8044,optical_experimental,15,232.97464045152634,3494.619606772895,13573.098033864477,115,121,3,6
8045,v3,12,242.38594390207183,2908.631326824862,10653.156634124309,120,118,0,0
8045,optical_experimental,12,242.76873846178762,2913.2248615414514,10736.124307707258,117,118,1,5
8046,v3,15,204.1258177256396,3061.887265884594,11199.43632942297,124,127,0,0
8046,optical_experimental,15,203.80863756626877,3057.1295634940316,11270.647817470157,118,129,3,7
8047,v3,16,188.02390460917852,3008.3824737468562,11456.912368734282,106,107,0,0
8047,optical_experimental,16,187.89117781981207,3006.258845116993,11561.294225584967,101,106,1,5
8048,v3,11,275.40135491175647,3029.4149040293214,11157.074520146607,125,118,0,0
8048,optical_experimental,11,276.5970757601074,3042.5678333611813,11262.839166805907,122,119,2,5
8049,v3,15,178.094371385383,2671.415570780745,9592.077853903726,113,113,0,0
8049,optical_experimental,15,178.2574744914167,2673.8621173712504,9639.310586856252,111,113,1,2
8050,v3,16,228.8824796886999,3662.1196750191984,13790.598375095993,137,139,0,0
8050,optical_experimental,16,229.48820047757258,3671.811207641161,13924.056038205807,133,139,1,5
8051,v3,10,269.150610825953,2691.50610825953,9752.530541297649,116,111,0,0
8051,optical_experimental,10,269.7384103007179,2697.384103007179,9791.920515035896,115,111,1,4
8052,v3,11,283.06211625622205,3113.683278818443,11253.416394092214,134,138,0,0
8052,optical_experimental,11,281.6070626679914,3097.677689347905,11258.388446739526,131,136,0,3
8053,v3,10,331.67824480059676,3316.7824480059676,12523.912240029838,128,122,0,0
8053,optical_experimental,10,330.5555579959121,3305.555579959121,12522.777899795605,124,122,3,3
8054,v3,12,255.03582108265826,3060.429852991899,11372.149264959497,121,121,0,0
8054,optical_experimental,12,254.15308511785793,3049.837021414295,11389.185107071475,117,121,2,4
8055,v3,13,240.32289520689983,3124.197637689698,11855.98818844849,115,113,0,0
8055,optical_experimental,13,238.1566409203927,3096.036331965105,11890.181659825525,108,113,0,6
8056,v3,10,265.2697300015296,2652.6973000152957,9178.486500076478,128,127,0,0
8056,optical_experimental,10,264.66660047069274,2646.666004706927,9233.330023534636,124,127,1,3
8057,v3,12,251.6112604271702,3019.3351251260424,10886.675625630212,131,127,0,0
8057,optical_experimental,12,252.36639449694505,3028.3967339633405,11016.983669816702,126,129,2,7
8058,v3,10,307.91489812676474,3079.1489812676473,11270.744906338237,130,125,0,0
8058,optical_experimental,10,306.83220746982016,3068.3220746982015,11291.610373491007,126,127,1,5
8059,v3,12,240.1993026362198,2882.3916316346376,10591.958158173187,118,114,0,0
8059,optical_experimental,12,239.61168236066135,2875.340188327936,10656.700941639681,113,116,1,5
8060,v3,15,225.61454797251722,3384.218219587758,12816.09109793879,125,121,0,0
8060,optical_experimental,15,225.9004003103599,3388.5060046553986,12997.530023276993,118,121,1,8
8061,v3,12,261.6853721019667,3140.2244652236004,11576.122326118002,128,125,0,0
8061,optical_experimental,12,261.5328940097492,3138.3947281169903,11596.973640584953,125,128,2,6
8062,v3,13,259.9501109519756,3379.351442375683,12931.757211878414,122,118,0,0
8062,optical_experimental,13,260.5638285315765,3387.3297709104945,13016.648854552473,118,120,3,5
8063,v3,12,240.9055028477314,2890.866034172777,10484.330170863885,122,124,0,0
8063,optical_experimental,12,238.59912502668757,2863.1895003202508,10395.947501601255,119,126,1,6
8064,v3,10,306.785210994358,3067.85210994358,11144.260549717901,132,129,0,0
8064,optical_experimental,10,304.228035683231,3042.2803568323097,11101.40178416155,128,129,1,6
8065,v3,13,227.5616351803554,2958.3012573446204,10501.5062867231,132,133,0,0
8065,optical_experimental,13,234.53160017790043,3048.9108023127055,11164.554011563529,124,125,2,4
8066,v3,10,302.92225396771863,3029.2225396771864,10901.112698385932,134,129,0,0
8066,optical_experimental,10,302.8548167088815,3028.5481670888153,10957.740835444076,131,129,1,3
8067,v3,13,240.92910043928973,3132.0783057107665,11310.391528553831,135,130,0,0
8067,optical_experimental,13,238.6408675194222,3102.3312777524884,11366.656388762442,126,128,2,6
8068,v3,13,259.341480363311,3371.439244723043,12467.196223615214,136,133,0,0
8068,optical_experimental,13,258.4739938043748,3360.1619194568725,12485.809597284362,133,133,0,3
8069,v3,13,223.44992522050228,2904.8490278665295,10554.245139332648,122,119,0,0
8069,optical_experimental,13,221.05950782958354,2873.773601784586,10573.86800892293,115,119,0,7
8070,v3,14,212.25692685317273,2971.5969759444183,11502.984879722091,100,101,0,0
8070,optical_experimental,14,209.25011932526203,2929.5016705536686,11487.508352768344,92,99,1,6
8071,v3,15,205.0442444609372,3075.663666914058,11413.318334570291,121,113,0,0
8071,optical_experimental,15,205.313609309392,3079.70413964088,11538.5206982044,115,113,3,6
8072,v3,13,259.92209535774157,3378.9872396506407,12914.936198253205,122,121,0,0
8072,optical_experimental,13,253.27137324263052,3292.527852154197,12277.639260770984,125,129,6,7
8073,v3,14,229.02396917161633,3206.3355684026287,11936.677842013143,125,124,0,0
8073,optical_experimental,14,227.6248816723019,3186.748343412227,11943.741717061133,120,125,1,6
8074,v3,10,265.90370548269453,2659.037054826945,9420.185274134727,121,120,0,0
8074,optical_experimental,10,263.7046533377126,2637.0465333771263,9445.232666885631,115,120,1,6
8075,v3,13,248.08352559971536,3225.0858327962997,11480.429163981498,144,144,0,0
8075,optical_experimental,13,247.8456172742543,3221.993024565306,11554.96512282653,139,145,2,7
8076,v3,16,205.7872372003695,3292.595795205912,12302.97897602956,125,127,0,0
8076,optical_experimental,16,202.79598485119956,3244.735757619193,12333.678788095966,115,123,0,5
8077,v3,15,229.49350018579588,3442.4025027869384,12537.012513934693,144,140,0,0
8077,optical_experimental,15,230.2788287882605,3454.182431823908,12620.912159119538,139,148,4,11
8078,v3,10,305.9530261952561,3059.530261952561,11277.651309762805,126,124,0,0
8078,optical_experimental,10,305.568199241498,3055.68199241498,11343.4099620749,122,124,1,3
8079,v3,13,260.561400680013,3387.2982088401686,12926.491044200842,123,122,0,0
8079,optical_experimental,13,260.7899515608858,3390.2693702915158,13021.346851457578,119,120,2,4
8080,v3,13,232.59978172540755,3023.797162430298,11188.98581215149,121,116,0,0
8080,optical_experimental,13,230.7255915463499,2999.432690102549,11132.163450512744,118,115,1,5
8081,v3,11,262.9329294011184,2892.262223412302,10086.31111706151,137,135,0,0
8081,optical_experimental,11,261.8041985352337,2879.8461838875705,10109.230919437852,132,137,2,6
8082,v3,10,302.89212716209727,3028.9212716209727,11049.606358104864,128,129,0,0
8082,optical_experimental,10,304.1819115646646,3041.819115646646,11129.09557823323,126,130,2,4
8083,v3,16,215.3529741006187,3445.647585609899,13133.237928049495,123,124,0,0
8083,optical_experimental,16,215.126902212998,3442.030435407968,13170.15217703984,119,124,3,5
8084,v3,16,230.26366343752292,3684.2186150003668,14701.093075001834,111,109,0,0
8084,optical_experimental,16,231.04762325923608,3696.761972147777,14818.809860738886,107,112,2,8
8085,v3,13,231.79840986549578,3013.3793282514453,10901.896641257226,128,128,0,0
8085,optical_experimental,13,231.01876118957568,3003.243895464484,10896.21947732242,125,128,2,3
8086,v3,15,220.97861059487474,3314.679158923121,12083.395794615606,137,138,0,0
8086,optical_experimental,15,218.43052003858713,3276.457800578807,12107.289002894035,129,132,1,4
8087,v3,15,217.25836805651554,3258.8755208477332,12344.377604238667,119,120,0,0
8087,optical_experimental,15,216.35313074284235,3245.296961142635,12391.484805713175,113,121,2,5
8088,v3,14,213.645720597116,2991.040088359624,11020.20044179812,120,117,0,0
8088,optical_experimental,14,214.8898880794895,3008.458433112853,11137.292165564266,117,117,3,4
8089,v3,14,244.53976258108318,3423.5566761351647,12897.783380675824,129,129,0,0
8089,optical_experimental,14,243.04248071837907,3402.594730057307,12937.973650286536,123,130,0,7
8090,v3,16,187.63391029574242,3002.142564731879,11270.712823659394,112,108,0,0
8090,optical_experimental,16,185.35986289093654,2965.7578062549846,11223.789031274924,105,110,2,6
8091,v3,16,199.95088442012752,3199.2141507220404,12551.070753610202,102,99,0,0
8091,optical_experimental,16,200.382901405677,3206.126422490832,12645.63211245416,98,101,2,9
8092,v3,10,297.04296308252253,2970.4296308252256,10672.148154126127,131,131,0,0
8092,optical_experimental,10,297.6389986956329,2976.389986956329,10736.949934781644,129,131,1,2
8093,v3,14,203.50150161053745,2849.0210225475244,10140.105112737621,125,126,0,0
8093,optical_experimental,14,203.06720143863723,2842.940820140921,10269.704100704605,117,128,2,8
8094,v3,10,294.95866415040916,2949.586641504092,10747.933207520458,125,125,0,0
8094,optical_experimental,10,295.70574405928795,2957.0574405928796,10835.287202964399,122,124,2,4
8095,v3,13,253.83443408191454,3299.847643064889,11999.238215324443,139,140,0,0
8095,optical_experimental,13,252.25441636326292,3279.307412722418,12071.537063612092,132,137,1,6
8096,v3,12,267.8233347844252,3213.880017413102,11649.40008706551,137,139,0,0
8096,optical_experimental,12,266.6414664477533,3199.6975973730396,11653.487986865197,134,139,0,3
8097,v3,11,242.8046075354747,2670.850682890222,9349.253414451108,124,126,0,0
8097,optical_experimental,11,240.83945718817998,2649.23402906998,9336.170145349899,120,127,0,5
8098,v3,16,212.76556844098715,3404.2490950557944,12716.245475278973,130,131,0,0
8098,optical_experimental,16,209.1073141620946,3345.7170265935138,12623.58513296757,121,133,1,11
8099,v3,16,203.19819485220404,3251.1711176352646,12425.855588176322,116,106,0,0
8099,optical_experimental,16,201.09862393095725,3217.577982895316,12487.88991447658,106,104,2,5
