seed,n,time,avg,movement,clear_center_order_metres,clearpoint_order_metres,optimal_center_metres,non_clear_waypoint_extra_seconds_per_source,center_order_regret_seconds_per_source,tail_seconds_per_source,empty_channel_detects,outside_range_detects,first_positive_detects,extra_positive_detects
5000,13,2795.3781450744323,215.02908808264863,9861.89072537216,8253.58489593591,8149.362390673399,7111.741177178627,26.346589764596335,17.566826442419732,0.0,49,28,13,37
5001,10,2793.032191650149,279.30321916501487,10070.160958250744,9478.060310723888,9360.71825280695,7367.026242374417,14.188854108875892,42.22068136698941,0.0,70,15,10,27
5002,14,3332.779038674976,238.05564561964115,12543.895193374881,11255.812857961271,11171.03442130737,10301.758788143856,19.612296743821595,13.629343854534508,0.0,42,39,14,32
5003,11,2741.240324870739,249.20366589733993,9801.201624353696,8636.311902167177,8569.947645533517,7681.4847604531005,22.386435978548715,17.36049348571049,0.0,63,18,11,29
5004,10,2784.5912574865956,278.4591257486596,10107.956287432979,8410.137582984791,8301.038683568402,6818.441450632759,36.13835207729153,31.833922647040634,0.0,70,12,10,27
5005,15,3435.7257906140117,229.0483860409341,13388.628953070058,11572.846576341448,11492.143910036919,10116.58997640226,25.286467240441855,19.41675466585584,0.0,35,27,15,37
5006,11,2934.6559566819733,266.7869051529067,10773.279783409866,8403.34543900591,8313.901108787846,7821.505531573608,44.71597590221854,10.578907407860044,15.158289843017924,63,23,11,24
5007,13,3358.7641685093577,258.36647450071985,12953.820842546787,12353.065957597193,12193.138501748368,10069.59222381761,11.702805243052605,35.13036513507051,0.0,49,25,13,30
5008,15,3522.077920547628,234.8051947031752,13475.38960273814,12935.183938294607,12802.396137983931,11138.056457973084,8.973246196722782,23.961699737620318,0.0,35,33,15,42
5009,12,3073.4146471433082,256.11788726194237,11272.073235716542,10915.101677615774,10815.133688668138,9366.512984812514,7.615659117473387,25.809811546720994,0.0,56,29,12,30
5010,11,2724.919996352848,247.71999966844075,9534.59998176424,7302.129013132832,7235.85538054395,5822.949577123646,41.795356385823474,26.894171563803386,0.0,63,28,11,25
5011,10,2796.238585888753,279.6238585888753,10191.192929443765,7556.021698737078,7492.826786443255,6586.526098606216,53.96732286001021,19.38991200261724,12.682834705825872,70,13,10,25
5012,11,2949.1833899932562,268.1075809084778,10850.916949966282,7528.415855277823,7460.408999808685,6652.126141855542,61.64559909377449,15.93254024404146,20.260073511354552,63,20,11,27
5013,11,3271.8273719667905,297.43885199698093,12364.136859833952,11182.790591392444,11056.264149165036,10101.943767412959,23.779503830343938,19.65176043599065,0.0,63,21,11,30
5014,13,2910.5961539945765,223.89201184573665,10672.980769972883,9370.682931048092,9317.70169164256,7040.490134667783,20.85044735892804,35.849119944312434,0.0,49,28,13,29
5015,16,3090.170272477993,193.13564202987456,11575.851362389965,10825.032191361579,10700.20236290467,9403.76039046876,10.945612493566182,17.765897511160233,0.0,20,37,16,43
5016,14,3115.651496105242,222.54653543608873,11828.25748052621,10064.554970853229,10027.52141226673,8137.60996006391,25.72480097513544,27.527785868418842,0.0,42,24,14,33
5017,10,2784.011515694968,278.4011515694968,10000.05757847484,8387.546193985167,8324.873955549647,8348.413966199381,33.50367245850386,0.7826445557157058,15.389768326299372,70,20,10,23
5018,13,3642.8405688560465,280.21850529661896,13759.202844280233,12900.376851613453,12793.296665527552,9907.537117359956,14.860095057733549,46.04368821928457,0.0,49,43,13,33
5019,12,2951.2421325317737,245.93684437764782,10686.210662658868,9809.019601108665,9717.58632766892,7870.028911945037,16.143738916499146,32.316511486060456,0.0,56,28,12,30
5020,13,3192.8221718222694,245.60170552478996,11994.110859111348,11773.893777834517,11665.473243145918,10563.756263676492,5.055963322545078,18.617500217815767,0.0,49,21,13,39
5021,12,2970.8218166436336,247.5684847203028,11094.109083218169,9141.596188011517,9140.24008496715,8458.832758232309,32.564483304183646,11.37939049632014,8.149889293835676,56,21,12,27
5022,11,3041.4177580539913,276.49252345945376,11157.088790269956,9758.077052696084,9682.941113070701,8150.527874146266,26.802685039986446,29.22816688272396,0.0,63,20,11,32
5023,11,2880.0233605527214,261.8203055047929,10290.116802763607,8805.157854703528,8709.899416728067,7905.883252339534,28.731225200646175,16.35044731570898,9.94146537068739,63,23,11,31
5024,10,2880.434891146083,288.0434891146083,10537.174455730416,8779.771051212081,8722.436947572254,7686.459978907302,36.29475016316322,21.866221446095587,0.0,70,22,10,19
5025,16,3173.317569692202,198.33234810576263,11936.587848461011,11224.701853518187,11157.997133828116,9866.376640050881,9.732383932911194,16.97906516834132,0.0,20,41,16,40
5026,10,2952.8414927315184,295.28414927315185,10754.207463657593,10084.502106587513,9993.17613435488,8661.135948744517,15.220626586054241,28.46732315685993,0.0,70,21,10,24
5027,14,2931.997863595073,209.4284188282195,10869.989317975365,10015.872916874405,9942.647572356404,8819.948318030582,13.247739223128026,17.084637126340333,0.0,42,27,14,32
5028,14,3519.1071999775836,251.36479999839884,13000.535999887918,11687.601272093616,11642.292157829583,10801.8937949977,19.403483457976215,12.652963958513075,0.0,42,44,14,41
5029,13,3131.4463067045285,240.88048513111758,11307.231533522643,8514.40947104205,8387.92512564519,8483.83770077257,44.912406275037746,0.4703349272227709,14.017604971302507,49,41,13,32
5030,14,3157.596570705773,225.5426121932695,11612.982853528865,10757.952019039312,10653.629294451315,9819.863716671658,13.705050843965,13.40126146239506,0.0,42,41,14,30
5031,16,3068.728724629484,191.79554528934275,11863.64362314742,11051.571409370788,10911.935748696662,9915.187232170249,11.896348430634475,14.204802215006747,0.0,15,33,16,38
5032,16,2865.3499848376377,179.08437405235236,10806.749924188189,8969.768446468452,8945.428411444645,7996.265770428367,23.26651890929429,12.168783450501053,0.0,18,26,16,43
5033,16,2957.2987190314516,184.83116993946572,11026.493595157259,10058.10317771485,9905.674130365373,9500.684937883732,14.010243309898579,6.96772799788896,0.0,19,35,16,42
5034,10,2796.1932573331446,279.61932573331444,9780.966286665724,8346.89082039968,8255.458129685965,7165.271555704107,30.51016313959517,23.632385293911447,0.0,70,27,10,25
5035,14,3476.711079034304,248.33650564530743,13313.555395171521,11593.052543998068,11524.307348412738,9984.971314930706,25.56068638226833,22.9725889866766,0.0,42,34,14,35
5036,11,3110.2516022620994,282.75014566019087,11726.258011310496,10716.749846490478,10573.365424999089,8860.34150378959,20.961683387480132,33.75287895819797,0.0,63,18,11,27
5037,13,3241.4439779812883,249.3418444600991,12182.219889906442,10383.245919451487,10288.893971316089,9017.965064126282,29.128091055236208,21.004320851157004,0.0,49,32,13,30
5038,11,3040.1787568383734,276.37988698530665,11145.893784191867,10205.76774486673,10076.861372602065,9064.140546722598,19.4369529379964,20.756858148075114,0.0,63,28,11,25
5039,16,2974.144599734085,185.88403748338033,11420.722998670426,10858.759842709656,10688.672927846328,9872.59216554055,9.150625885301224,12.327095964613841,0.0,23,25,16,38
5040,12,3058.109098942627,254.8424249118856,11280.545494713135,10406.527619234232,10341.898311351504,9141.377251516511,15.644119722693844,21.08583946196201,0.0,56,31,12,25
5041,15,3300.304053882249,220.0202702588166,12436.520269411245,11435.028729084592,11338.0802503345,9553.835361487494,14.645866921023263,25.08257823462797,0.0,35,31,15,41
5042,12,3135.7816105233414,261.3151342102785,11543.908052616707,10224.34821980909,10127.763713212395,9064.185546253364,23.602405656738544,19.336044559262096,11.35452559821571,56,32,12,28
5043,14,3142.882596074026,224.49161400528757,11794.41298037013,11342.953193168885,11272.443601028852,9588.455571060722,7.456705419161127,25.064251744402334,0.0,42,29,14,34
5044,10,3194.8324062365023,319.4832406236502,11579.162031182512,10945.907975399188,10782.546382220415,9244.794388302002,15.932312979241942,34.02227174194373,0.0,70,33,10,25
5045,10,2834.2403894054883,283.4240389405488,10031.20194702744,8939.48552184001,8851.281020251552,7550.022248999878,23.598418535517776,27.78926545680264,0.0,70,23,10,27
5046,12,2791.167699496461,232.59730829137175,10330.838497482306,9034.083835847736,8956.329341165872,7120.09620218181,22.908485938607225,31.89979389443209,9.02094075440857,56,13,12,29
5047,11,3347.807354951488,304.346123177408,12234.03677475744,9057.445515855588,8972.324286168585,7526.860634688352,59.30386342888828,27.828816021222487,17.85795824265754,63,35,11,32
5048,12,2836.229699094021,236.35247492450173,10176.148495470105,8885.917336406806,8832.958658605019,8333.597060513906,22.386497281084758,9.205337931548335,0.0,56,27,12,29
5049,16,2982.9443612872947,186.43402258045592,11134.721806436473,11032.191775985819,10987.44317210303,8910.096158123702,1.8409829291680353,26.526195223276453,0.0,18,34,16,44
5050,14,3077.568791346671,219.82634223904793,11257.843956733355,9817.992968884957,9710.809379544018,8508.835656346673,22.100493959847675,18.70224732197548,10.394019378858177,42,36,14,34
5051,10,2926.3132729055683,292.63132729055684,10706.566364527842,9389.345523017551,9340.990910346312,8041.104580220738,27.31150908363059,26.964818855936265,0.0,70,17,10,26
5052,15,3480.7357146869576,232.04904764579717,13143.678573434789,11737.042086091484,11644.172693255254,8843.534523917751,19.993411735727133,38.5801008289831,0.0,35,45,15,35
5053,11,3290.8056841366415,299.16415310333105,12469.028420683208,11675.735160945344,11589.587934069556,9955.841341234629,15.989827029339127,31.270796722012992,0.0,63,23,11,27
5054,13,2829.3459488368358,217.641996064372,10611.729744184178,8759.060091888978,8758.807904875539,8086.6191098699765,28.506489835517527,10.345245877215405,20.964056894882667,49,17,13,28
5055,13,2823.5257980820243,217.19429216015573,10172.628990410121,8546.416876315763,8463.411497895706,7174.889041180013,26.29565373099101,21.10042823285769,15.34044473215076,49,28,13,30
5056,14,3258.770897591436,232.76934982795973,12003.85448795718,10469.41562764314,10364.595470461443,9521.208513721413,23.417985964224812,13.54581591316754,0.0,42,41,14,34
5057,10,2809.488719418564,280.9488719418564,10227.44359709282,8915.668727203472,8839.662934345324,7577.4859928403885,27.755613254949928,26.76365468726168,0.0,70,18,10,21
5058,15,3114.1981293985364,207.6132086265691,11530.990646992681,10272.512822865636,10173.24713338128,9514.436966935547,18.103246848152025,10.107678079067846,0.0,35,32,15,40
5059,16,3539.6011327738843,221.22507079836777,13973.00566386942,12393.53685469293,12285.22177098575,11040.535527369266,21.097298661045876,16.912516591545796,0.0,21,35,16,39
5060,11,3211.647046520673,291.9679133200612,11758.235232603365,10591.505584701017,10467.053466371866,9523.551845996537,23.47603211329998,19.417340703717823,10.625999847245112,63,32,11,28
5061,11,3144.041829638445,285.8219845125859,11550.209148192225,10218.171440494007,10176.4119341475,9143.85817161564,24.978131164449554,19.532968525061204,0.0,63,31,11,25
5062,15,3177.592640663989,211.83950937759928,11527.963203319947,10781.749313996337,10666.596577476184,9656.002099997468,11.4848883445835,15.00996285331826,0.0,35,43,15,39
5063,16,3257.9721832835025,203.6232614552189,12369.860916417512,12154.22291008877,12047.40763279764,9718.882844065782,4.030666045248404,30.441750825287365,0.0,20,41,16,40
5064,13,3413.0234083227333,262.5402621786718,12980.117041613667,10505.968673789841,10447.012480502084,9856.30148472332,38.97083940171665,9.994879831792618,18.438420855846672,49,30,13,34
5065,13,3090.899479022529,237.76149838634836,11504.497395112643,11094.198839303133,11014.019962925613,10334.801015357445,7.54580664903123,11.68304344531828,0.0,49,22,13,37
5066,14,2823.498510456494,201.6784650326067,10267.492552282469,9595.124950435365,9496.169076501179,7673.808817074816,11.018906796875568,27.447373333722137,0.0,42,28,14,33
5067,12,2903.738929572165,241.97824413101375,10423.694647860826,9582.957940061671,9474.126438349625,7727.20125186974,15.826136825186678,30.929278136532186,9.862658823268362,56,27,12,32
5068,11,2855.432464309915,259.58476948271954,10472.162321549575,8348.785072499672,8291.941652355088,7546.145286779548,39.640375803536124,14.593450649456793,29.8348036652016,63,15,11,29
5069,16,3324.8813075790777,207.80508172369235,12549.406537895387,11606.788167639963,11518.465553357284,9262.362564717552,12.886762306726292,29.305320036530134,0.0,26,37,16,42
5070,15,3208.2574011671136,213.88382674447425,11611.287005835567,10885.766228166862,10797.747877556863,9604.930724661064,10.847188377049386,17.07780671341063,0.0,35,43,15,43
5071,11,2905.8328897861015,264.16662634419106,10674.164448930507,10448.338129415868,10404.145773707405,8532.3603860457,4.909430458601855,34.83595897036668,0.0,63,19,11,27
5072,13,2821.3056268019745,217.02350975399804,9986.528134009872,8505.965808837025,8434.867539859517,7433.713847680209,23.871701448466997,16.49618401779717,0.0,49,30,13,34
5073,13,3268.721633959821,251.44012568921698,11603.608169799103,10856.719164955468,10762.48168369523,9899.673381770523,12.940407478521117,14.723781279768389,0.0,49,54,13,31
5074,10,2533.753067619023,253.37530676190232,8618.765338095116,7669.532021642169,7644.666392052783,7368.5102158828895,19.481978920846668,6.020436115185585,0.0,70,22,10,25
5075,13,2940.3153654491734,226.1781050345518,10701.576827245866,9453.147084202848,9405.832525312202,8222.77983555129,19.934527722056373,18.928726902331675,0.0,49,27,13,34
5076,13,2909.690528876065,223.82234837508193,10963.452644380324,10026.282069429204,9953.480553438883,8336.543927051482,15.538032168329861,25.99597142119573,0.0,49,17,13,30
5077,10,2714.7671062070185,271.47671062070185,9723.835531035093,5923.715051176556,5926.887005697346,5923.715051176556,75.93897050675494,0.0,39.132724915779775,70,18,10,22
5078,10,2614.7352191611403,261.473521916114,9183.676095805702,7401.194405815049,7389.914232252936,6808.316336746021,35.875237271055326,11.857561381380565,0.0,70,17,10,25
5079,12,3189.482918757581,265.7902432297984,12167.414593787906,10647.343039582202,10582.96323677716,9004.221033640328,26.407522616845778,27.385366765697896,0.0,56,21,12,27
5080,14,3205.7523782404664,228.9823127314619,12243.761891202332,10080.236867276471,9924.404450755292,8737.495042376097,33.133677720672,19.182026070005357,30.406522484353154,42,24,14,35
5081,16,3067.8446778211974,191.74029236382484,11244.223389105988,10634.907425360912,10510.155275496589,9821.603528104308,9.175851420117487,10.166298715707558,0.0,26,38,16,43
5082,16,3346.8718298263348,209.17948936414592,12694.359149131675,11889.36349686344,11753.143861143935,10256.79468958313,11.765191099846742,20.40711009100387,0.0,23,45,16,37
5083,11,2781.8167647992714,252.89243316357013,10259.083823996356,9428.400074050887,9388.48122702684,7647.520880997736,15.829138126718481,32.379621691875485,0.0,63,11,11,28
5084,13,3261.763707956427,250.90490061203283,12148.818539782134,10468.265914565072,10398.823333178454,8380.795097131755,26.923003178518158,32.114935652820265,16.398050101121218,49,34,13,32
5085,14,3302.503420820464,235.89310148717598,12397.517104102319,10370.801881726877,10299.448345731766,8708.261183393346,29.972410833865045,23.750581404764723,0.0,42,39,14,30
5086,11,2873.0854391724965,261.18958537931786,10105.427195862483,8712.509231261698,8617.56053231506,7286.511533535745,27.052121155407704,25.927230867744598,0.0,63,36,11,23
5087,11,3003.2390105900076,273.0217282354552,11136.19505295004,10909.544982912175,10819.995970374444,9116.979794718101,5.749074228647177,32.592094330801345,0.0,63,20,11,27
5088,15,3011.7580066626474,200.78386711084315,10978.790033313237,9165.648949764813,9092.267317228661,8337.977920083833,25.153636214461002,11.03561372907973,11.821315699195445,35,31,15,42
5089,10,3016.863215068092,301.6863215068092,11159.316075340459,9756.027897429221,9686.07421939176,8719.941878425476,29.464837118973993,20.721720380074913,21.257002146032846,70,21,10,22
5090,13,3058.400970112346,235.26161308556507,11367.004850561729,8952.297604061214,8802.418268330657,8487.98979824372,39.45517818817033,7.1431970125768345,12.081161867992215,49,28,13,30
5091,11,2873.7401936333486,261.2491085121226,10298.700968166742,8725.769814371513,8706.494362416914,7915.199862743973,28.94921101363325,14.737635484137089,12.141784637567609,63,24,11,29
5092,12,3360.093261831792,280.007771819316,12485.46630915896,10960.211465826862,10893.2495471894,9268.107008240599,26.536946032825984,28.201740959771058,0.0,56,35,12,31
5093,12,2967.3271687761544,247.27726406467954,10671.635843880773,7773.616360435632,7758.155925752716,6866.810927799479,48.55799863546761,15.113423877269208,21.632566524456024,56,28,12,33
5094,16,2993.407041832846,187.08794011455288,11177.03520916423,10142.344680393511,10065.748293295595,9025.274631469721,13.891086448357942,13.963375611547372,0.0,21,35,16,42
5095,10,3078.457162369382,307.8457162369382,11602.285811846908,8331.065759280424,8262.005616444141,6669.8219247851775,66.80560390805535,33.22487668990492,0.0,70,10,10,28
5096,16,3209.5835792939324,200.59897370587078,12402.917896469662,10178.221168435262,10132.019592947112,8918.692161184887,28.386228794031876,15.744112590629697,0.0,23,34,16,35
5097,13,3195.6506480739326,245.81928062107175,11883.253240369664,11340.391739257413,11225.876358794922,9589.719773699748,10.11349048576527,26.933414854733314,0.0,49,31,13,33
5098,16,3117.3598147401744,194.8349884212609,11801.799073700871,10800.33511878457,10764.059136091631,8726.302305176478,12.971749220115498,25.925410170101145,0.0,17,38,16,42
5099,14,3409.6302630787027,243.5450187913359,12673.151315393514,11476.52697963146,11368.801983713704,9941.038256779011,18.633561881140146,21.935553183606423,0.0,42,42,14,36
