suite_group,case_id,original_case_group,strategy,batch,deduplication_status,replicate_count,action_count,all_cleared,analysis_success,audit_errors,audit_passed,certified_lower_bound_s,cleared_fraction,cleared_total,completion_certified,confirmation_length_lower_bound_m,confirmation_tail_s,correct_exit,cost_detection_s,cost_movement_s,cost_optical_s,cost_removal_s,cost_switching_s,error,failed_clear_count,guarantee_lower_bound_s,incorrect_exit,kind,mean_time_per_cleared_s,measurement_count,original_suite_group,physical_lower_bound_s,policy_cpu_s,policy_wall_s,scenario_sha256,simulator_stop_reason,source_total,source_visit_length_lower_bound_m,success,time_over_certified_lower_bound,time_over_guarantee_lower_bound,time_over_physical_lower_bound,time_per_source_s,trace_file,virtual_time_s,wall_time_s
development_original_nominal,q3-random-910100,q3-random-910100,B,development_bc,primary,1,171,True,True,,True,2072.1703412489164,1.0,12,True,4425.599999999999,0.0,True,785.0,2904.535185,36.0,24.0,152.0,,0,2072.170341248916,False,local_research_only,325.12793208333335,157,development_original_nominal,1832.1703412489164,0.11399280200000003,0.11399439300294034,5b49f9835afc37290867e03a5fd809c5fc0267a15ecf979693e64bba924fe914,exited,12,8860.851706244583,True,1.8828255126209887,1.8828255126209892,2.1294609443030725,325.12793208333335,development_bc/trace-000-B.json.gz,3901.535185,0.11396795000473503
development_original_nominal,q3-random-910100,q3-random-910100,C,development_bc,primary,1,171,True,True,,True,2072.1703412489164,1.0,12,True,4425.599999999999,0.0,True,785.0,2904.535185,36.0,24.0,152.0,,0,2072.170341248916,False,local_research_only,325.12793208333335,157,development_original_nominal,1832.1703412489164,0.081401318,0.08141046999662649,5b49f9835afc37290867e03a5fd809c5fc0267a15ecf979693e64bba924fe914,exited,12,8860.851706244583,True,1.8828255126209887,1.8828255126209892,2.1294609443030725,325.12793208333335,development_bc/trace-000-C.json.gz,3901.535185,0.08138208399759606
development_original_nominal,q3-random-910101,q3-random-910101,B,development_bc,primary,1,151,True,True,,True,1952.6295868451732,1.0,14,True,4425.599999999999,0.0,True,675.0,2480.987002,42.0,28.0,127.0,,0,1952.629586845173,False,local_research_only,239.49907157142857,135,development_original_nominal,1772.6295868451732,0.09409667199999994,0.0941165300027933,292a68b7bc7a210016c392cbde920661d955a6871c7175607b69e8c812fc4fcc,exited,14,8513.147934225866,True,1.7171649065388574,1.7171649065388577,1.8915327978742915,239.49907157142857,development_bc/trace-001-B.json.gz,3352.987002,0.09409924100327771
development_original_nominal,q3-random-910101,q3-random-910101,C,development_bc,primary,1,151,True,True,,True,1952.6295868451732,1.0,14,True,4425.599999999999,0.0,True,675.0,2480.987002,42.0,28.0,127.0,,0,1952.629586845173,False,local_research_only,239.49907157142857,135,development_original_nominal,1772.6295868451732,0.0625435350000001,0.06255815099575557,292a68b7bc7a210016c392cbde920661d955a6871c7175607b69e8c812fc4fcc,exited,14,8513.147934225866,True,1.7171649065388574,1.7171649065388577,1.8915327978742915,239.49907157142857,development_bc/trace-001-C.json.gz,3352.987002,0.06253205699613318
development_original_nominal,q3-random-910102,q3-random-910102,B,development_bc,primary,1,154,True,True,,True,2176.01105931539,1.0,15,True,4425.599999999999,0.0,True,685.0,2750.914471,45.0,30.0,132.0,,0,2176.0110593153895,False,local_research_only,242.86096473333333,137,development_original_nominal,2026.01105931539,0.12612390400000006,0.1261351090070093,6f53eee5718914807c105563d3a735b6cf49bee254e958aa37b87cffa642dc13,exited,15,9755.05529657695,True,1.6741249799282376,1.6741249799282378,1.798072352196823,242.86096473333333,development_bc/trace-002-B.json.gz,3642.914471,0.12611073999141809
development_original_nominal,q3-random-910102,q3-random-910102,C,development_bc,primary,1,154,True,True,,True,2176.01105931539,1.0,15,True,4425.599999999999,0.0,True,685.0,2750.914471,45.0,30.0,132.0,,0,2176.0110593153895,False,local_research_only,242.86096473333333,137,development_original_nominal,2026.01105931539,0.08583086000000018,0.08583291499235202,6f53eee5718914807c105563d3a735b6cf49bee254e958aa37b87cffa642dc13,exited,15,9755.05529657695,True,1.6741249799282376,1.6741249799282378,1.798072352196823,242.86096473333333,development_bc/trace-002-C.json.gz,3642.914471,0.08580925999558531
development_original_nominal,q3-random-910103,q3-random-910103,B,development_bc,primary,1,154,True,True,,True,1964.4161277493852,1.0,13,True,4425.599999999999,101.15675499999998,True,695.0,2162.154314,39.0,26.0,130.0,,0,1964.416127749385,False,local_research_only,234.78110107692308,139,development_original_nominal,1754.4161277493852,0.072973862,0.07297528699564282,0bc0fea804ef1335e9e9a32713627cee6660f6e8b749e91aacd5313f062ae6b0,exited,13,8447.080638746926,True,1.5537208592849556,1.5537208592849558,1.7396980486695537,234.78110107692308,development_bc/trace-003-B.json.gz,3052.154314,0.07295728399185464
development_original_nominal,q3-random-910103,q3-random-910103,C,development_bc,primary,1,156,True,True,,True,1964.4161277493852,1.0,13,True,4425.599999999999,0.0,True,705.0,2392.478458,39.0,26.0,130.0,,0,1964.416127749385,False,local_research_only,253.2675736923077,141,development_original_nominal,1754.4161277493852,0.06320652599999987,0.08205282900598831,0bc0fea804ef1335e9e9a32713627cee6660f6e8b749e91aacd5313f062ae6b0,exited,13,8447.080638746926,True,1.6760595738806954,1.6760595738806956,1.876680455636078,253.2675736923077,development_bc/trace-003-C.json.gz,3292.478458,0.0820317920006346
development_original_nominal,q3-random-910104,q3-random-910104,B,development_bc,primary,1,190,True,True,,True,2134.1779942295793,1.0,16,True,0.0,0.0,True,860.0,2634.659492,48.0,32.0,167.0,,0,2134.177994229579,False,local_research_only,233.85371825,172,development_original_nominal,2134.1779942295793,0.1348936260000002,0.1349066800030414,8607ad57788a0b0ba6020f6c6313da64bc5995a41c9c677fe5495edc4771f089,exited,16,10270.889971147897,True,1.7532087305354809,1.7532087305354813,1.7532087305354809,233.85371825,development_bc/trace-004-B.json.gz,3741.659492,0.13488559100369457
development_original_nominal,q3-random-910104,q3-random-910104,C,development_bc,primary,1,189,True,True,,True,2134.1779942295793,1.0,16,True,0.0,0.0,True,855.0,2628.125061,48.0,32.0,167.0,,0,2134.177994229579,False,local_research_only,233.1328163125,171,development_original_nominal,2134.1779942295793,0.10917221100000019,0.10918613099784125,8607ad57788a0b0ba6020f6c6313da64bc5995a41c9c677fe5495edc4771f089,exited,16,10270.889971147897,True,1.7478041058831855,1.747804105883186,1.7478041058831855,233.1328163125,development_bc/trace-004-C.json.gz,3730.125061,0.10916502399777528
development_original_nominal,q3-random-910105,q3-random-910105,B,development_bc,primary,1,151,True,True,,True,1660.4226558780124,1.0,10,True,4425.599999999999,0.0,True,695.0,2214.45693,30.0,20.0,128.0,,0,1660.4226558780122,False,local_research_only,308.74569299999996,139,development_original_nominal,1360.4226558780124,0.083386344,0.08339630100817885,3e76f4cfbab23b979d069a2d82cd5cf65f67f5167633d1d7a65db79667aa3edf,exited,10,6552.1132793900615,True,1.8594403774666566,1.8594403774666568,2.269483617212597,308.74569299999996,development_bc/trace-005-B.json.gz,3087.45693,0.08337906499218661
development_original_nominal,q3-random-910105,q3-random-910105,C,development_bc,primary,1,152,True,True,,True,1660.4226558780124,1.0,10,True,4425.599999999999,0.0,True,700.0,2221.038793,30.0,20.0,128.0,,0,1660.4226558780122,False,local_research_only,309.9038793,140,development_original_nominal,1360.4226558780124,0.05921197400000011,0.05923041299683973,3e76f4cfbab23b979d069a2d82cd5cf65f67f5167633d1d7a65db79667aa3edf,exited,10,6552.1132793900615,True,1.8664156273881147,1.866415627388115,2.2779970471749387,309.9038793,development_bc/trace-005-C.json.gz,3099.038793,0.05920590501045808
development_original_nominal,q3-random-910106,q3-random-910106,B,development_bc,primary,1,157,True,True,,True,1900.5380674943597,1.0,15,True,4425.599999999999,295.21727599999986,True,700.0,2660.349906,45.0,30.0,136.0,,0,1900.5380674943594,False,local_research_only,238.08999373333333,140,development_original_nominal,1750.5380674943597,0.12033415199999986,0.12033627399068791,afe05a65890bebd2b2e2116411d31de7c124615db41d5c5ab154d49647e59b7a,exited,15,8377.690337471799,True,1.8791256892362136,1.8791256892362138,2.0401440975870164,238.08999373333333,development_bc/trace-006-B.json.gz,3571.349906,0.12031771999318153
development_original_nominal,q3-random-910106,q3-random-910106,C,development_bc,primary,1,157,True,True,,True,1900.5380674943597,1.0,15,True,4425.599999999999,280.1864270000001,True,700.0,2645.319057,45.0,30.0,136.0,,0,1900.5380674943594,False,local_research_only,237.08793713333336,140,development_original_nominal,1750.5380674943597,0.08772952700000003,0.08773461100645363,afe05a65890bebd2b2e2116411d31de7c124615db41d5c5ab154d49647e59b7a,exited,15,8377.690337471799,True,1.8712169557795792,1.8712169557795795,2.031557681056518,237.08793713333336,development_bc/trace-006-C.json.gz,3556.319057,0.08771386099397205
development_original_nominal,q3-random-910107,q3-random-910107,B,development_bc,primary,1,154,True,True,,True,2071.7883992002644,1.0,14,True,4425.599999999999,0.0,True,690.0,2437.541162,42.0,28.0,129.0,,0,2071.788399200264,False,local_research_only,237.610083,138,development_original_nominal,1891.7883992002644,0.10261361000000013,0.10262157300894614,c79e5cef8c657ae94ff60befb655ba66f1afd2610bc886c3f20bd3437444e076,exited,14,9108.941996001322,True,1.6056375078092364,1.6056375078092369,1.7584108050383773,237.610083,development_bc/trace-007-B.json.gz,3326.541162,0.10260467699845321
development_original_nominal,q3-random-910107,q3-random-910107,C,development_bc,primary,1,154,True,True,,True,2071.7883992002644,1.0,14,True,4425.599999999999,0.0,True,690.0,2423.901384,42.0,28.0,129.0,,0,2071.788399200264,False,local_research_only,236.63581314285713,138,development_original_nominal,1891.7883992002644,0.07369311000000023,0.07370167200861033,c79e5cef8c657ae94ff60befb655ba66f1afd2610bc886c3f20bd3437444e076,exited,14,9108.941996001322,True,1.5990539310282943,1.5990539310282945,1.7512008136853452,236.63581314285713,development_bc/trace-007-C.json.gz,3312.901384,0.07367824099492282
development_original_nominal,q3-random-910108,q3-random-910108,B,development_bc,primary,1,150,True,True,,True,2081.0674898469483,1.0,14,True,4425.599999999999,0.0,True,670.0,2484.695396,42.0,28.0,126.0,,0,2081.067489846948,False,local_research_only,239.33538542857144,134,development_original_nominal,1901.0674898469483,0.10519730499999991,0.10519902600208297,c4e24e847658f2f1056d278939a3c98738061575bedac46127e3f43d36c735f2,exited,14,9155.337449234741,True,1.610084926292528,1.6100849262925283,1.7625336364411548,239.33538542857144,development_bc/trace-008-B.json.gz,3350.695396,0.10518094399594702
development_original_nominal,q3-random-910108,q3-random-910108,C,development_bc,primary,1,150,True,True,,True,2081.0674898469483,1.0,14,True,4425.599999999999,0.0,True,670.0,2486.440012,42.0,28.0,126.0,,0,2081.067489846948,False,local_research_only,239.46000085714286,134,development_original_nominal,1901.0674898469483,0.07771133000000008,0.07782481599133462,c4e24e847658f2f1056d278939a3c98738061575bedac46127e3f43d36c735f2,exited,14,9155.337449234741,True,1.6109232537415472,1.6109232537415474,1.7634513397890461,239.46000085714286,development_bc/trace-008-C.json.gz,3352.440012,0.07780814300349448
development_original_nominal,q3-random-910109,q3-random-910109,B,development_bc,primary,1,150,True,True,,True,2057.6384695214974,1.0,16,True,0.0,0.0,True,660.0,2628.320632,48.0,32.0,127.0,,0,2057.638469521497,False,local_research_only,218.4575395,132,development_original_nominal,2057.6384695214974,0.12978860199999964,0.129790592007339,26562ec4912877a778e100ce77238c2f8b79f6a2f4b247e95d32dd6478a8c20c,exited,16,9888.192347607488,True,1.6987049395576448,1.6987049395576452,1.6987049395576448,218.4575395,development_bc/trace-009-B.json.gz,3495.320632,0.12977000200771727
development_original_nominal,q3-random-910109,q3-random-910109,C,development_bc,primary,1,150,True,True,,True,2057.6384695214974,1.0,16,True,0.0,0.0,True,660.0,2628.320632,48.0,32.0,127.0,,0,2057.638469521497,False,local_research_only,218.4575395,132,development_original_nominal,2057.6384695214974,0.10302841999999934,0.1030360830045538,26562ec4912877a778e100ce77238c2f8b79f6a2f4b247e95d32dd6478a8c20c,exited,16,9888.192347607488,True,1.6987049395576448,1.6987049395576452,1.6987049395576448,218.4575395,development_bc/trace-009-C.json.gz,3495.320632,0.10301486900425516
development_original_nominal,q3-random-910110,q3-random-910110,B,development_bc,primary,1,152,True,True,,True,1961.2177805839679,1.0,15,True,4425.599999999999,0.0,True,675.0,2589.882175,45.0,30.0,125.0,,0,1961.2177805839676,False,local_research_only,230.99214500000002,135,development_original_nominal,1811.2177805839679,0.10222209700000029,0.10226303899253253,7a5287892246d7ed44638f68bf3e3df4887a2379fe8d2486f229e13a3c52556f,exited,15,8681.088902919839,True,1.7666993483856264,1.7666993483856266,1.91301245611826,230.99214500000002,development_bc/trace-010-B.json.gz,3464.882175,0.10224494300200604
development_original_nominal,q3-random-910110,q3-random-910110,C,development_bc,primary,1,152,True,True,,True,1961.2177805839679,1.0,15,True,4425.599999999999,0.0,True,675.0,2589.882175,45.0,30.0,125.0,,0,1961.2177805839676,False,local_research_only,230.99214500000002,135,development_original_nominal,1811.2177805839679,0.06241381900000054,0.062425588999758475,7a5287892246d7ed44638f68bf3e3df4887a2379fe8d2486f229e13a3c52556f,exited,15,8681.088902919839,True,1.7666993483856264,1.7666993483856266,1.91301245611826,230.99214500000002,development_bc/trace-010-C.json.gz,3464.882175,0.062400571012403816
development_original_nominal,q3-random-910111,q3-random-910111,B,development_bc,primary,1,181,True,True,,True,2357.2659496510414,1.0,13,True,4425.599999999999,0.0,True,830.0,2539.415001,39.0,26.0,164.0,,0,2357.265949651041,False,local_research_only,276.8011539230769,166,development_original_nominal,2147.2659496510414,0.10821667299999937,0.10822969100263435,6fca6a038834f8e81bd54eba38aae5df89395ecb6d9e01099ecb9d46604c7914,exited,13,10411.329748255208,True,1.526520586925159,1.5265205869251592,1.675812444930163,276.8011539230769,development_bc/trace-011-B.json.gz,3598.415001,0.10821177699835971
development_original_nominal,q3-random-910111,q3-random-910111,C,development_bc,primary,1,181,True,True,,True,2357.2659496510414,1.0,13,True,4425.599999999999,0.0,True,830.0,2539.415001,39.0,26.0,164.0,,0,2357.265949651041,False,local_research_only,276.8011539230769,166,development_original_nominal,2147.2659496510414,0.08861603799999962,0.08863844200095627,6fca6a038834f8e81bd54eba38aae5df89395ecb6d9e01099ecb9d46604c7914,exited,13,10411.329748255208,True,1.526520586925159,1.5265205869251592,1.675812444930163,276.8011539230769,development_bc/trace-011-C.json.gz,3598.415001,0.08861743200395722
development_original_pressure,q3-hard-boundary_outward,q3-hard-boundary_outward,B,development_bc,primary,1,165,True,True,,True,2617.846834811964,1.0,12,True,4425.599999999999,0.0,True,755.0,3077.374467,36.0,24.0,132.0,,0,2617.8468348119636,False,local_research_only,335.3645389166667,151,development_original_pressure,2377.846834811964,0.09081377900000032,0.09081512100237887,62314f93e849ba0c40b2465c25c63df6a4127477f4f0e5a67e77c4673fa205a8,exited,12,11589.23417405982,True,1.5372841579133352,1.5372841579133354,1.6924447815909223,335.3645389166667,development_bc/trace-012-B.json.gz,4024.374467,0.09079750601085834
development_original_pressure,q3-hard-boundary_outward,q3-hard-boundary_outward,C,development_bc,primary,1,167,True,True,,True,2617.846834811964,1.0,12,True,4425.599999999999,0.0,True,765.0,3060.730076,36.0,24.0,132.0,,0,2617.8468348119636,False,local_research_only,334.81083966666665,153,development_original_pressure,2377.846834811964,0.10653766599999948,0.10654752200935036,62314f93e849ba0c40b2465c25c63df6a4127477f4f0e5a67e77c4673fa205a8,exited,12,11589.23417405982,True,1.5347460449452106,1.5347460449452108,1.6896504926978255,334.81083966666665,development_bc/trace-012-C.json.gz,4017.730076,0.10652554700209294
development_original_pressure,q3-hard-minimum_radius,q3-hard-minimum_radius,B,development_bc,primary,1,159,True,True,,True,1978.2795715633056,1.0,14,True,4425.599999999999,0.0,True,715.0,2652.497539,42.0,28.0,128.0,,0,1978.2795715633054,False,local_research_only,254.67839564285714,143,development_original_pressure,1798.2795715633056,0.09821093399999992,0.09821554600785021,f4db40ec59f1d40eb75ac981b5a6735156277c65d7a41a3d0a3cdf2d9d2b8884,exited,14,8641.397857816528,True,1.802322376600401,1.8023223766004013,1.982727043882499,254.67839564285714,development_bc/trace-013-B.json.gz,3565.497539,0.0981955699971877
development_original_pressure,q3-hard-minimum_radius,q3-hard-minimum_radius,C,development_bc,primary,1,161,True,True,,True,1978.2795715633056,1.0,14,True,4425.599999999999,0.0,True,725.0,2667.93989,42.0,28.0,128.0,,0,1978.2795715633054,False,local_research_only,256.49570642857145,145,development_original_pressure,1798.2795715633056,0.07301824099999976,0.07302236399846151,f4db40ec59f1d40eb75ac981b5a6735156277c65d7a41a3d0a3cdf2d9d2b8884,exited,14,8641.397857816528,True,1.8151832236544374,1.8151832236544374,1.9968752060494541,256.49570642857145,development_bc/trace-013-C.json.gz,3590.93989,0.07300226399092935
development_original_pressure,q3-hard-positive_error,q3-hard-positive_error,B,development_bc,primary,1,165,True,True,,True,1978.2795715633056,1.0,14,True,4425.599999999999,0.0,True,745.0,2668.410084,42.0,28.0,142.0,,0,1978.2795715633054,False,local_research_only,258.95786314285715,149,development_original_pressure,1798.2795715633056,0.0878902530000003,0.08789202399202622,de1667bff766c0c75e39ecc02e52cc21b5aa791a3fbb7ec8ff6aa3f45ecef0a8,exited,14,8641.397857816528,True,1.8326075525993903,1.8326075525993906,2.0160436348883772,258.95786314285715,development_bc/trace-014-B.json.gz,3625.410084,0.0878728040115675
development_original_pressure,q3-hard-positive_error,q3-hard-positive_error,C,development_bc,primary,1,165,True,True,,True,1978.2795715633056,1.0,14,True,4425.599999999999,0.0,True,745.0,2668.410084,42.0,28.0,142.0,,0,1978.2795715633054,False,local_research_only,258.95786314285715,149,development_original_pressure,1798.2795715633056,0.06659544999999945,0.06659709700034,de1667bff766c0c75e39ecc02e52cc21b5aa791a3fbb7ec8ff6aa3f45ecef0a8,exited,14,8641.397857816528,True,1.8326075525993903,1.8326075525993906,2.0160436348883772,258.95786314285715,development_bc/trace-014-C.json.gz,3625.410084,0.06657533900579438
development_original_pressure,q3-hard-negative_error,q3-hard-negative_error,B,development_bc,primary,1,158,True,True,,True,1978.2795715633056,1.0,14,True,4425.599999999999,0.0,True,710.0,2644.835354,42.0,28.0,127.0,,0,1978.2795715633054,False,local_research_only,253.70252528571427,142,development_original_pressure,1798.2795715633056,0.09487387900000055,0.09487776999594644,06bf6cf9e6d52406e720cc504c11c0e958f77aa226f894b6be81ec77115b78b6,exited,14,8641.397857816528,True,1.7954162824383895,1.7954162824383897,1.975129679592739,253.70252528571427,development_bc/trace-015-B.json.gz,3551.835354,0.09485986300569493
development_original_pressure,q3-hard-negative_error,q3-hard-negative_error,C,development_bc,primary,1,159,True,True,,True,1978.2795715633056,1.0,14,True,4425.599999999999,0.0,True,715.0,2639.111487,42.0,28.0,127.0,,0,1978.2795715633054,False,local_research_only,253.6508205,143,development_original_pressure,1798.2795715633056,0.06802810900000011,0.0680404729937436,06bf6cf9e6d52406e720cc504c11c0e958f77aa226f894b6be81ec77115b78b6,exited,14,8641.397857816528,True,1.7950503751063798,1.79505037510638,1.9747271465208818,253.6508205,development_bc/trace-015-C.json.gz,3551.111487,0.06801917399570812
development_original_pressure,q3-hard-alternating_error,q3-hard-alternating_error,B,development_bc,primary,1,156,True,True,,True,1978.2795715633056,1.0,14,True,4425.599999999999,0.0,True,700.0,2614.367706,42.0,28.0,126.0,,0,1978.2795715633054,False,local_research_only,250.74055042857142,140,development_original_pressure,1798.2795715633056,0.08390014999999984,0.08390080800745636,089c00b8bcce125f97ded73da8e89b3161dff20c1881cc8c9162a77fa070570e,exited,14,8641.397857816528,True,1.7744548123832593,1.7744548123832595,1.9520700571315048,250.74055042857142,development_bc/trace-016-B.json.gz,3510.367706,0.08388014099909924
development_original_pressure,q3-hard-alternating_error,q3-hard-alternating_error,C,development_bc,primary,1,157,True,True,,True,1978.2795715633056,1.0,14,True,4425.599999999999,0.0,True,705.0,2608.661132,42.0,28.0,126.0,,0,1978.2795715633054,False,local_research_only,250.69008085714287,141,development_original_pressure,1798.2795715633056,0.06391310400000005,0.06392333999974653,089c00b8bcce125f97ded73da8e89b3161dff20c1881cc8c9162a77fa070570e,exited,14,8641.397857816528,True,1.774097646485094,1.774097646485094,1.9516771404731759,250.69008085714287,development_bc/trace-016-C.json.gz,3509.661132,0.06390434999775607
development_original_pressure,q3-hard-close_targets,q3-hard-close_targets,B,development_bc,primary,1,100,True,True,,True,429.79784756506996,1.0,14,True,4425.599999999999,1284.137735,True,420.0,1448.461219,42.0,28.0,82.0,,0,1135.1199999999997,False,local_research_only,144.3186585,84,development_original_pressure,249.79784756506996,0.06897678700000043,0.06898101999831852,c512b6f68567f325c72a0445fd900a89c19e388cccd858c02b4c2f4779deb1e8,exited,14,898.9892378253498,True,4.700957043983588,1.7799538542180569,8.088385223069983,144.3186585,development_bc/trace-017-B.json.gz,2020.461219,0.06896217798930593
development_original_pressure,q3-hard-close_targets,q3-hard-close_targets,C,development_bc,primary,1,100,True,True,,True,429.79784756506996,1.0,14,True,4425.599999999999,1213.946885,True,420.0,1378.270369,42.0,28.0,82.0,,0,1135.1199999999997,False,local_research_only,139.30502635714285,84,development_original_pressure,249.79784756506996,0.06255632200000072,0.06256543099880219,c512b6f68567f325c72a0445fd900a89c19e388cccd858c02b4c2f4779deb1e8,exited,14,898.9892378253498,True,4.537645732869185,1.71811823331454,7.807394611324556,139.30502635714285,development_bc/trace-017-C.json.gz,1950.270369,0.06253988599928562
development_original_pressure,q3-hard-near_parallel,q3-hard-near_parallel,B,development_bc,primary,1,129,True,True,,True,446.00000379999994,1.0,14,True,4425.599999999999,1364.8424480000003,True,565.0,1834.316149,42.0,28.0,106.0,,0,1135.1199999999997,False,local_research_only,183.9511535,113,development_original_pressure,266.00000379999994,0.11756398200000007,0.11758792400360107,a590b42740983fe9210079e89c590e6da56965d424cb8b9d6a6209065d31afdd,exited,14,980.0000189999997,True,5.774251405959294,2.268761143315245,9.681639519585604,183.9511535,development_bc/trace-018-B.json.gz,2575.316149,0.11756903400237206
development_original_pressure,q3-hard-near_parallel,q3-hard-near_parallel,C,development_bc,primary,1,126,True,True,,True,446.00000379999994,1.0,14,True,4425.599999999999,1294.218853,True,550.0,1642.51886,42.0,28.0,107.0,,0,1135.1199999999997,False,local_research_only,169.25134714285716,110,development_original_pressure,266.00000379999994,0.08093581499999924,0.08093736799492035,a590b42740983fe9210079e89c590e6da56965d424cb8b9d6a6209065d31afdd,exited,14,980.0000189999997,True,5.312822510787612,2.0874611142434287,8.907965511841097,169.25134714285716,development_bc/trace-018-C.json.gz,2369.51886,0.08091447100741789
development_original_pressure,edge16-1000-positive_extreme,edge16-1000-positive_extreme,B,development_bc,primary,1,186,True,True,,True,2422.975474574185,1.0,16,True,0.0,0.0,True,840.0,3751.978607,48.0,32.0,149.0,,0,2422.9754745741843,False,local_research_only,301.3111629375,168,development_original_pressure,2422.975474574185,0.09300399299999995,0.093004557013046,b29000835259ac509e96a8549359f27593444aac67be258011d9c7cd73093117,exited,16,11714.877372870924,True,1.9896935225261583,1.9896935225261587,1.9896935225261583,301.3111629375,development_bc/trace-019-B.json.gz,4820.978607,0.09297033099574037
development_original_pressure,edge16-1000-positive_extreme,edge16-1000-positive_extreme,C,development_bc,primary,1,186,True,True,,True,2422.975474574185,1.0,16,True,0.0,0.0,True,840.0,3730.593,48.0,32.0,151.0,,0,2422.9754745741843,False,local_research_only,300.0995625,168,development_original_pressure,2422.975474574185,0.10252039400000079,0.10252171399770305,b29000835259ac509e96a8549359f27593444aac67be258011d9c7cd73093117,exited,16,11714.877372870924,True,1.9816927783158163,1.9816927783158167,1.9816927783158163,300.0995625,development_bc/trace-019-C.json.gz,4801.593,0.10250436600472312
development_original_pressure,edge16-1000-negative_extreme,edge16-1000-negative_extreme,B,development_bc,primary,1,186,True,True,,True,2422.975474574185,1.0,16,True,0.0,0.0,True,840.0,3751.978607,48.0,32.0,148.0,,0,2422.9754745741843,False,local_research_only,301.2486629375,168,development_original_pressure,2422.975474574185,0.09315284400000046,0.0931546430074377,a20624c3edef9a7958c9ad16e9f4b4d3981e06fd17bb12ae448f1f224f1e245c,exited,16,11714.877372870924,True,1.9892808068340295,1.98928080683403,1.9892808068340295,301.2486629375,development_bc/trace-020-B.json.gz,4819.978607,0.09313416900113225
development_original_pressure,edge16-1000-negative_extreme,edge16-1000-negative_extreme,C,development_bc,primary,1,186,True,True,,True,2422.975474574185,1.0,16,True,0.0,0.0,True,840.0,3730.593,48.0,32.0,150.0,,0,2422.9754745741843,False,local_research_only,300.0370625,168,development_original_pressure,2422.975474574185,0.11299741900000093,0.11300829600077122,a20624c3edef9a7958c9ad16e9f4b4d3981e06fd17bb12ae448f1f224f1e245c,exited,16,11714.877372870924,True,1.9812800626236875,1.981280062623688,1.9812800626236875,300.0370625,development_bc/trace-020-C.json.gz,4800.593,0.11298483899736311
development_original_pressure,edge16-1500-positive_extreme,edge16-1500-positive_extreme,B,development_bc,primary,1,160,True,True,,True,2422.975474574185,1.0,16,True,0.0,0.0,True,710.0,3233.212664,48.0,32.0,123.0,,0,2422.9754745741843,False,local_research_only,259.1382915,142,development_original_pressure,2422.975474574185,0.11165777399999932,0.11165862700727303,33b701501e0493d5cdb3e0800008602dc6dcab08cb44bcb23592dd369fe500d6,exited,16,11714.877372870924,True,1.7112070293359687,1.711207029335969,1.7112070293359687,259.1382915,development_bc/trace-021-B.json.gz,4146.212664,0.11163784500968177
development_original_pressure,edge16-1500-positive_extreme,edge16-1500-positive_extreme,C,development_bc,primary,1,160,True,True,,True,2422.975474574185,1.0,16,True,0.0,0.0,True,710.0,2952.079571,48.0,32.0,124.0,,0,2422.9754745741843,False,local_research_only,241.6299731875,142,development_original_pressure,2422.975474574185,0.1243181730000007,0.12433102399518248,33b701501e0493d5cdb3e0800008602dc6dcab08cb44bcb23592dd369fe500d6,exited,16,11714.877372870924,True,1.5955917059702915,1.5955917059702918,1.5955917059702915,241.6299731875,development_bc/trace-021-C.json.gz,3866.079571,0.12430981200304814
development_original_pressure,edge16-1500-negative_extreme,edge16-1500-negative_extreme,B,development_bc,primary,1,160,True,True,,True,2422.975474574185,1.0,16,True,0.0,0.0,True,710.0,3233.212664,48.0,32.0,123.0,,0,2422.9754745741843,False,local_research_only,259.1382915,142,development_original_pressure,2422.975474574185,0.1103768340000002,0.11038621599436738,2d608e6b8a9ced1c145e6a2b196295df588fff82f3b6e9e7bf8b72287bf9d62e,exited,16,11714.877372870924,True,1.7112070293359687,1.711207029335969,1.7112070293359687,259.1382915,development_bc/trace-022-B.json.gz,4146.212664,0.11036309700284619
development_original_pressure,edge16-1500-negative_extreme,edge16-1500-negative_extreme,C,development_bc,primary,1,160,True,True,,True,2422.975474574185,1.0,16,True,0.0,0.0,True,710.0,2952.079571,48.0,32.0,124.0,,0,2422.9754745741843,False,local_research_only,241.6299731875,142,development_original_pressure,2422.975474574185,0.12467131700000067,0.12469472399970982,2d608e6b8a9ced1c145e6a2b196295df588fff82f3b6e9e7bf8b72287bf9d62e,exited,16,11714.877372870924,True,1.5955917059702915,1.5955917059702918,1.5955917059702915,241.6299731875,development_bc/trace-022-C.json.gz,3866.079571,0.12467156001366675
development_original_pressure,smooth-spatial,smooth-spatial,B,development_bc,primary,1,139,True,True,,True,2244.834580127144,1.0,13,True,4425.599999999999,0.0,True,620.0,2649.621097,39.0,26.0,108.0,,0,2244.8345801271435,False,local_research_only,264.8170074615385,124,development_original_pressure,2034.834580127144,0.07710025999999992,0.07710567599860951,1c9e93f56c78c4609c510970b84a8b180dc72f5b9c993f7fde3934ca7ea029f3,exited,13,9849.17290063572,True,1.5335745125616407,1.5335745125616411,1.691843224319931,264.8170074615385,development_bc/trace-023-B.json.gz,3442.621097,0.0770887629914796
development_original_pressure,smooth-spatial,smooth-spatial,C,development_bc,primary,1,139,True,True,,True,2244.834580127144,1.0,13,True,4425.599999999999,0.0,True,620.0,2649.621097,39.0,26.0,108.0,,0,2244.8345801271435,False,local_research_only,264.8170074615385,124,development_original_pressure,2034.834580127144,0.05487575299999925,0.0548855559900403,1c9e93f56c78c4609c510970b84a8b180dc72f5b9c993f7fde3934ca7ea029f3,exited,13,9849.17290063572,True,1.5335745125616407,1.5335745125616411,1.691843224319931,264.8170074615385,development_bc/trace-023-C.json.gz,3442.621097,0.054865496000275016
development_added_pressure,q3-r2-cluster-14-960000,q3-r2-cluster-14-960000,B,development_bc,primary,1,100,True,True,,True,422.69742882423344,1.0,14,True,4425.599999999999,1258.377618,True,420.0,1457.727772,42.0,28.0,83.0,,0,1135.1199999999997,False,local_research_only,145.0519837142857,84,development_added_pressure,242.69742882423344,0.07199316099999997,0.07199364800180774,fe4c1f5c9ca3e5b2cf460708141e813dc7692ceac4c23b51dfa7b17780c8740d,exited,14,863.4871441211671,True,4.804211318835392,1.788998319120446,8.367322974281262,145.0519837142857,development_bc/trace-024-B.json.gz,2030.727772,0.07196854900394101
development_added_pressure,q3-r2-cluster-14-960000,q3-r2-cluster-14-960000,C,development_bc,primary,1,100,True,True,,True,422.69742882423344,1.0,14,True,4425.599999999999,1188.117477,True,420.0,1387.467631,42.0,28.0,83.0,,0,1135.1199999999997,False,local_research_only,140.0334022142857,84,development_added_pressure,242.69742882423344,0.055247278999999594,0.05525154300266877,fe4c1f5c9ca3e5b2cf460708141e813dc7692ceac4c23b51dfa7b17780c8740d,exited,14,863.4871441211671,True,4.637992798899195,1.7271016553315954,8.077826124889901,140.0334022142857,development_bc/trace-024-C.json.gz,1960.467631,0.05523161900055129
development_added_pressure,q3-r2-cluster-16-960001,q3-r2-cluster-16-960001,B,development_bc,primary,1,74,True,True,,True,252.69742882423344,1.0,16,True,0.0,0.0,True,280.0,189.177915,48.0,32.0,55.0,,0,252.6974288242334,False,local_research_only,37.7611196875,56,development_added_pressure,252.69742882423344,0.05392284000000025,0.05393149699375499,4d6e801386b64a4fddddd65751c0e6c57ede7d5098684088d042ae419e81e318,exited,16,863.4871441211671,True,2.3909143745987333,2.3909143745987333,2.3909143745987333,37.7611196875,development_bc/trace-025-B.json.gz,604.177915,0.0539106409996748
development_added_pressure,q3-r2-cluster-16-960001,q3-r2-cluster-16-960001,C,development_bc,primary,1,74,True,True,,True,252.69742882423344,1.0,16,True,0.0,0.0,True,280.0,189.177915,48.0,32.0,55.0,,0,252.6974288242334,False,local_research_only,37.7611196875,56,development_added_pressure,252.69742882423344,0.05325802900000021,0.05325925099896267,4d6e801386b64a4fddddd65751c0e6c57ede7d5098684088d042ae419e81e318,exited,16,863.4871441211671,True,2.3909143745987333,2.3909143745987333,2.3909143745987333,37.7611196875,development_bc/trace-025-C.json.gz,604.177915,0.05323759699240327
development_added_pressure,q3-r2-hiddenfar-14-960002,q3-r2-hiddenfar-14-960002,B,development_bc,primary,1,105,True,True,,True,927.6383364348831,1.0,14,True,4425.599999999999,806.465915,True,445.0,1605.313905,42.0,28.0,86.0,,0,1135.1199999999997,False,local_research_only,157.59385035714286,89,development_added_pressure,747.6383364348831,0.06439585999999942,0.06439670998952352,91af4256296306e31b219717e9f94a4d5ab3392b9d08c5aaec90ce54d892eb43,exited,14,3388.1916821744153,True,2.3784203588214634,1.9436834035168093,2.951044371963078,157.59385035714286,development_bc/trace-026-B.json.gz,2206.313905,0.06437810898933094
development_added_pressure,q3-r2-hiddenfar-14-960002,q3-r2-hiddenfar-14-960002,C,development_bc,primary,1,107,True,True,,True,927.6383364348831,1.0,14,True,4425.599999999999,777.7739689999999,True,455.0,1542.645349,42.0,28.0,86.0,,0,1135.1199999999997,False,local_research_only,153.83181064285714,91,development_added_pressure,747.6383364348831,0.055855261999999684,0.05586023299838416,91af4256296306e31b219717e9f94a4d5ab3392b9d08c5aaec90ce54d892eb43,exited,14,3388.1916821744153,True,2.3216433219835757,1.897284295052506,2.8805978025012307,153.83181064285714,development_bc/trace-026-C.json.gz,2153.645349,0.055840114000602625
development_added_pressure,q3-r2-hiddenfar-16-960003,q3-r2-hiddenfar-16-960003,B,development_bc,primary,1,91,True,True,,True,757.6383364348831,1.0,16,True,0.0,0.0,True,365.0,908.7602,48.0,32.0,69.0,,0,757.638336434883,False,local_research_only,88.9225125,73,development_added_pressure,757.6383364348831,0.07511600299999976,0.07512441101425793,1a4aa77ced2a7d6af633d7c791e753368d15ffcc215fd10391110a70d4bbd193,exited,16,3388.1916821744153,True,1.8778883427347295,1.8778883427347297,1.8778883427347295,88.9225125,development_bc/trace-027-B.json.gz,1422.7602,0.07510282499424648
development_added_pressure,q3-r2-hiddenfar-16-960003,q3-r2-hiddenfar-16-960003,C,development_bc,primary,1,93,True,True,,True,757.6383364348831,1.0,16,True,0.0,0.0,True,375.0,874.503385,48.0,32.0,69.0,,0,757.638336434883,False,local_research_only,87.4064615625,75,development_added_pressure,757.6383364348831,0.062056329999998994,0.06206614201073535,1a4aa77ced2a7d6af633d7c791e753368d15ffcc215fd10391110a70d4bbd193,exited,16,3388.1916821744153,True,1.8458719916164084,1.8458719916164086,1.8458719916164084,87.4064615625,development_bc/trace-027-C.json.gz,1398.503385,0.062045893995673396
development_added_pressure,q3-r2-collinear-14-960004,q3-r2-collinear-14-960004,B,development_bc,primary,1,114,True,True,,True,426.00000085518315,1.0,14,True,4425.599999999999,981.6651669999999,True,490.0,1522.406869,42.0,28.0,97.0,,0,1135.1199999999997,False,local_research_only,155.6719192142857,98,development_added_pressure,246.00000085518315,0.049583679999999575,0.04958425300719682,30f5cd7fc466df759d7a7399509030b52502e63f149418d8993e6abb88c82898,exited,14,880.0000042759157,True,5.115978555457515,1.9199792700331249,8.859377485461827,155.6719192142857,development_bc/trace-028-B.json.gz,2179.406869,0.049564834000193514
development_added_pressure,q3-r2-collinear-14-960004,q3-r2-collinear-14-960004,C,development_bc,primary,1,114,True,True,,True,426.00000085518315,1.0,14,True,4425.599999999999,935.9165930000001,True,490.0,1476.658295,42.0,28.0,97.0,,0,1135.1199999999997,False,local_research_only,152.40416392857145,98,development_added_pressure,246.00000085518315,0.03567753299999943,0.03569668999989517,30f5cd7fc466df759d7a7399509030b52502e63f149418d8993e6abb88c82898,exited,14,880.0000042759157,True,5.008587536893757,1.8796764174712812,8.673407673100195,152.40416392857145,development_bc/trace-028-C.json.gz,2133.658295,0.03567819399177097
development_added_pressure,q3-r2-collinear-16-960005,q3-r2-collinear-16-960005,B,development_bc,primary,1,95,True,True,,True,256.00000085518315,1.0,16,True,0.0,0.0,True,385.0,696.664653,48.0,32.0,76.0,,0,256.0000008551831,False,local_research_only,77.3540408125,77,development_added_pressure,256.00000085518315,0.03802036900000161,0.0380216679914156,fe05b034ddf2944a13ada8cd8d28fc350de586be4283a459b5e7b67f9f90baef,exited,16,880.0000042759157,True,4.834627534630891,4.834627534630892,4.834627534630891,77.3540408125,development_bc/trace-029-B.json.gz,1237.664653,0.0380016700073611
development_added_pressure,q3-r2-collinear-16-960005,q3-r2-collinear-16-960005,C,development_bc,primary,1,95,True,True,,True,256.00000085518315,1.0,16,True,0.0,0.0,True,385.0,696.664653,48.0,32.0,76.0,,0,256.0000008551831,False,local_research_only,77.3540408125,77,development_added_pressure,256.00000085518315,0.035953076000000195,0.03595903101086151,fe05b034ddf2944a13ada8cd8d28fc350de586be4283a459b5e7b67f9f90baef,exited,16,880.0000042759157,True,4.834627534630891,4.834627534630892,4.834627534630891,77.3540408125,development_bc/trace-029-C.json.gz,1237.664653,0.03593735900358297
development_added_pressure,q3-r2-boundary_min-10-960006,q3-r2-boundary_min-10-960006,B,development_bc,primary,1,163,True,True,,True,1887.9986294989158,1.0,10,True,4425.599999999999,282.3581830000003,True,755.0,2742.181982,30.0,20.0,140.0,,0,1887.9986294989155,False,local_research_only,368.7181982,151,development_added_pressure,1587.9986294989158,0.05526212300000033,0.05529255099827424,ec4c874c4ceee73bcc8af5e3e3e7ccb1a3f9c397e85f63ab844471166a6e4e05,exited,10,7689.993147494579,True,1.9529579759168556,1.9529579759168558,2.321905015222507,368.7181982,development_bc/trace-030-B.json.gz,3687.181982,0.05527192199951969
development_added_pressure,q3-r2-boundary_min-10-960006,q3-r2-boundary_min-10-960006,C,development_bc,primary,1,167,True,True,,True,1887.9986294989158,1.0,10,True,4425.599999999999,263.3678719999998,True,775.0,2744.253643,30.0,20.0,143.0,,0,1887.9986294989155,False,local_research_only,371.2253643,155,development_added_pressure,1587.9986294989158,0.0666862100000003,0.06670062799821608,ec4c874c4ceee73bcc8af5e3e3e7ccb1a3f9c397e85f63ab844471166a6e4e05,exited,10,7689.993147494579,True,1.9662374670183158,1.966237467018316,2.3376932284704686,371.2253643,development_bc/trace-030-C.json.gz,3712.253643,0.06667820000438951
development_added_pressure,q3-r2-boundary_min-16-960007,q3-r2-boundary_min-16-960007,B,development_bc,primary,1,174,True,True,,True,2405.9511886986925,1.0,16,True,0.0,0.0,True,780.0,3658.48159,48.0,32.0,139.0,,0,2405.951188698692,False,local_research_only,291.092599375,156,development_added_pressure,2405.9511886986925,0.08524431500000063,0.08531135199882556,3f1ed64ea4f1ecaa2f455b428a761c91c3353de052b89d2cb100fc0eecd0085e,exited,16,11629.755943493463,True,1.9358171570052067,1.935817157005207,1.9358171570052067,291.092599375,development_bc/trace-031-B.json.gz,4657.48159,0.0852900559984846
development_added_pressure,q3-r2-boundary_min-16-960007,q3-r2-boundary_min-16-960007,C,development_bc,primary,1,182,True,True,,True,2405.9511886986925,1.0,16,True,0.0,0.0,True,820.0,3577.254276,48.0,32.0,144.0,,0,2405.951188698692,False,local_research_only,288.82839225,164,development_added_pressure,2405.9511886986925,0.09654203699999897,0.0965580729971407,3f1ed64ea4f1ecaa2f455b428a761c91c3353de052b89d2cb100fc0eecd0085e,exited,16,11629.755943493463,True,1.920759780043376,1.9207597800433764,1.920759780043376,288.82839225,development_bc/trace-031-C.json.gz,4621.254276,0.09653699200134724
development_added_pressure,q3-r2-minimum_radius-10-960008,q3-r2-minimum_radius-10-960008,B,development_bc,primary,1,147,True,True,,True,1931.3726442327493,1.0,10,True,4425.599999999999,192.2534129999999,True,675.0,2440.105741,30.0,20.0,123.0,,0,1931.372644232749,False,local_research_only,328.8105741,135,development_added_pressure,1631.3726442327493,0.06256286600000038,0.0625711169996066,364f16af7c80bc73de1ca7e5e8d6e566a7d8508a70cd0e8ca1cda6566db8f461,exited,10,7906.863221163747,True,1.702470908873322,1.7024709088733223,2.015545468795346,328.8105741,development_bc/trace-032-B.json.gz,3288.105741,0.06255270300607663
development_added_pressure,q3-r2-minimum_radius-10-960008,q3-r2-minimum_radius-10-960008,C,development_bc,primary,1,146,True,True,,True,1931.3726442327493,1.0,10,True,4425.599999999999,165.60629199999994,True,670.0,2404.298241,30.0,20.0,123.0,,0,1931.372644232749,False,local_research_only,324.7298241,134,development_added_pressure,1631.3726442327493,0.04835896700000042,0.04836968499876093,364f16af7c80bc73de1ca7e5e8d6e566a7d8508a70cd0e8ca1cda6566db8f461,exited,10,7906.863221163747,True,1.6813421535697535,1.6813421535697537,1.9905312575148866,324.7298241,development_bc/trace-032-C.json.gz,3247.298241,0.048346067997044884
development_added_pressure,q3-r2-minimum_radius-16-960009,q3-r2-minimum_radius-16-960009,B,development_bc,primary,1,127,True,True,,True,1773.1449605174948,1.0,16,True,0.0,0.0,True,545.0,2529.62676,48.0,32.0,98.0,,0,1773.1449605174946,False,local_research_only,203.2891725,109,development_added_pressure,1773.1449605174948,0.07783189799999946,0.07783312600804493,c7de47702c5fbf73e6bee19c7968dcb8e15411c7d0825b09bc6f4fc33b587155,exited,16,8465.724802587474,True,1.8343828803769753,1.8343828803769755,1.8343828803769753,203.2891725,development_bc/trace-033-B.json.gz,3252.62676,0.07781252499262337
development_added_pressure,q3-r2-minimum_radius-16-960009,q3-r2-minimum_radius-16-960009,C,development_bc,primary,1,128,True,True,,True,1773.1449605174948,1.0,16,True,0.0,0.0,True,550.0,2535.499387,48.0,32.0,100.0,,0,1773.1449605174946,False,local_research_only,204.0937116875,110,development_added_pressure,1773.1449605174948,0.06073393100000146,0.0607613530009985,c7de47702c5fbf73e6bee19c7968dcb8e15411c7d0825b09bc6f4fc33b587155,exited,16,8465.724802587474,True,1.8416426517361328,1.841642651736133,1.8416426517361328,204.0937116875,development_bc/trace-033-C.json.gz,3265.499387,0.06074243699549697
development_added_pressure,q3-r2-correlated-12-960010,q3-r2-correlated-12-960010,B,development_bc,primary,1,165,True,True,,True,1817.8316402796747,1.0,12,True,4425.599999999999,0.0,True,755.0,2526.602916,36.0,24.0,145.0,,0,1817.8316402796745,False,local_research_only,290.55024299999997,151,development_added_pressure,1577.8316402796747,0.07408236499999887,0.0740972560015507,6acb04e29419f8eba72f3c863da0393f1ef45deba3f514bfa08afdfec3b72eab,exited,12,7589.158201398373,True,1.9180010066628521,1.9180010066628523,2.209743312906306,290.55024299999997,development_bc/trace-034-B.json.gz,3486.602916,0.07407820998923853
development_added_pressure,q3-r2-correlated-12-960010,q3-r2-correlated-12-960010,C,development_bc,primary,1,166,True,True,,True,1817.8316402796747,1.0,12,True,4425.599999999999,0.0,True,760.0,2510.398559,36.0,24.0,145.0,,0,1817.8316402796745,False,local_research_only,289.61654658333333,152,development_added_pressure,1577.8316402796747,0.05406810299999876,0.0540689379995456,6acb04e29419f8eba72f3c863da0393f1ef45deba3f514bfa08afdfec3b72eab,exited,12,7589.158201398373,True,1.9118374232199564,1.9118374232199566,2.2026422022973104,289.61654658333333,development_bc/trace-034-C.json.gz,3475.398559,0.05404777900548652
development_added_pressure,q3-r2-correlated_boundary-14-960011,q3-r2-correlated_boundary-14-960011,B,development_bc,primary,1,177,True,True,,True,2317.2782699004065,1.0,14,True,4425.599999999999,0.0,True,805.0,3502.701966,42.0,28.0,143.0,,0,2317.278269900406,False,local_research_only,322.90728328571424,161,development_added_pressure,2137.2782699004065,0.08139404599999978,0.08139502600533888,fdb8575ff9d52bded62e639fa20a071ded1cfb72618c863886b29cf78a16cfa7,exited,14,10336.391349502032,True,1.9508671119564305,1.9508671119564307,2.115167701681942,322.90728328571424,development_bc/trace-035-B.json.gz,4520.701966,0.08136785900569521
development_added_pressure,q3-r2-correlated_boundary-14-960011,q3-r2-correlated_boundary-14-960011,C,development_bc,primary,1,179,True,True,,True,2317.2782699004065,1.0,14,True,4425.599999999999,0.0,True,815.0,3484.47222,42.0,28.0,143.0,,0,2317.278269900406,False,local_research_only,322.31944428571427,163,development_added_pressure,2137.2782699004065,0.09254205799999937,0.0925553389970446,fdb8575ff9d52bded62e639fa20a071ded1cfb72618c863886b29cf78a16cfa7,exited,14,10336.391349502032,True,1.9473156412043426,1.9473156412043429,2.1113171286817383,322.31944428571427,development_bc/trace-035-C.json.gz,4512.47222,0.09253451999393292
