seed,mode,noise,true_sources,cleared,clearance_ratio,virtual_seconds,average_seconds,movement_metres,detects,switches,optical_attempts,failed_clears,local_runtime_seconds,max_center_updates,coverage_points_visited
0,phased,hash,15,15,1.0,3971.595039583962,264.7730026389308,14437.975197919808,167,174,15,0,0.027274054999963937,4,7
0,joint,hash,15,15,1.0,3414.445574710916,227.62970498072772,12887.227873554579,129,117,15,0,0.032775990999994065,4,7
1,phased,hash,13,13,1.0,4429.832239430819,340.756326110063,16744.161197154095,169,171,13,0,0.030367624000007254,4,7
1,joint,hash,13,13,1.0,3356.2254680995015,258.1711898538078,12721.127340497507,127,112,13,0,0.030553157999975156,4,7
2,phased,hash,15,15,1.0,4280.456331470978,285.3637554313985,15882.281657354886,171,174,15,0,0.025714220999986992,4,7
2,joint,hash,15,15,1.0,3737.7830767728537,249.18553845152357,13993.915383864269,148,124,15,0,0.05311216899997362,6,7
3,phased,hash,15,15,1.0,4306.16158115916,287.077438743944,15990.807905795802,172,173,15,0,0.027761564999991606,4,7
3,joint,hash,15,15,1.0,3497.2789261465505,233.15192840977002,13206.394630732751,133,116,15,0,0.040451127999972414,4,7
4,phased,hash,15,15,1.0,4097.287099573557,273.15247330490376,15096.435497867784,166,173,15,0,0.027624371999991126,1,7
4,joint,hash,15,15,1.0,3389.3768855866724,225.9584590391115,12701.884427933363,131,119,15,0,0.02982915799998409,4,7
5,phased,hash,14,14,1.0,4044.914929397808,288.92249495698627,14859.57464698904,166,173,14,0,0.026755990000026486,2,7
5,joint,hash,14,14,1.0,3469.3107387572486,247.80790991123203,13061.553693786243,133,122,14,0,0.034865518000003703,5,7
6,phased,hash,13,13,1.0,3998.981950326056,307.6139961789274,14714.909751630279,164,171,13,0,0.02307671500000197,1,7
6,joint,hash,13,13,1.0,3280.310009529062,252.33153919454324,12061.550047645309,136,123,13,0,0.028294260999985,4,7
7,phased,hash,16,16,1.0,3833.7608343121897,239.61005214451185,14618.804171560949,139,135,16,0,0.033922754999991866,5,5
7,joint,hash,16,16,1.0,3362.3446852074144,210.1465428254634,12626.723426037071,128,117,16,0,0.036060071999997945,5,6
8,phased,hash,15,15,1.0,3910.524610438427,260.70164069589515,14182.623052192133,165,174,15,0,0.02654562899999746,1,7
8,joint,hash,15,15,1.0,3372.8658713851114,224.85772475900743,12774.329356925557,127,108,15,0,0.03415490800000498,5,7
9,phased,hash,12,12,1.0,4086.7153314501875,340.5596109541823,14958.576657250936,173,170,12,0,0.02342768400001205,5,7
9,joint,hash,12,12,1.0,3349.4291735255583,279.1190977937965,12062.14586762779,149,132,12,0,0.026660729000013816,5,7
10,phased,hash,15,15,1.0,4214.0154047923215,280.9343603194881,15730.077023961609,164,173,15,0,0.02833966899999041,1,7
10,joint,hash,15,15,1.0,3379.166444484446,225.27776296562973,12900.83222242223,122,114,15,0,0.03732461999999259,4,7
11,phased,hash,10,10,1.0,3830.0589527329016,383.00589527329015,13980.294763664508,163,169,10,0,0.016429406999975527,1,7
11,joint,hash,10,10,1.0,3164.040719144335,316.40407191443353,11520.203595721676,137,125,10,0,0.020802365999998074,5,7
12,phased,hash,14,14,1.0,4183.901959230556,298.8501399450397,15509.509796152779,168,172,14,0,0.0280838819999758,3,7
12,joint,hash,14,14,1.0,3437.5344284632856,245.53817346166326,12932.672142316427,132,121,14,0,0.031075680000014927,3,7
13,phased,hash,16,16,1.0,4014.175824661378,250.88598904133613,14980.879123306891,157,153,16,0,0.029620139999963158,4,6
13,joint,hash,16,16,1.0,3302.197004218499,206.38731276365618,12675.985021092494,117,102,16,0,0.03526151299996627,5,5
14,phased,hash,11,11,1.0,4432.668968605504,402.969906236864,16818.34484302752,169,169,11,0,0.027839704999962578,5,7
14,joint,hash,11,11,1.0,3707.159012876171,337.01445571601556,14105.795064380854,140,131,11,0,0.031265019999977994,5,7
15,phased,hash,16,16,1.0,3559.531080422147,222.4706925263842,13557.655402110737,127,133,16,0,0.029225196999959735,3,5
15,joint,hash,16,16,1.0,2942.4814164824993,183.9050885301562,11427.407082412497,96,97,16,0,0.03901020000000699,5,5
16,phased,hash,13,13,1.0,4550.517115746303,350.03977813433096,17072.585578731516,180,171,13,0,0.027094109000017852,5,7
16,joint,hash,13,13,1.0,4053.667285627278,311.8205604328675,15453.33642813639,154,128,13,0,0.029321509999988393,6,7
17,phased,hash,15,15,1.0,4424.802839817213,294.9868559878142,16634.014199086065,170,173,15,0,0.026698689999989256,5,7
17,joint,hash,15,15,1.0,3843.8408153172772,256.2560543544852,14619.204076586386,145,120,15,0,0.037002140999959465,5,7
18,phased,hash,16,16,1.0,4339.019030456896,271.188689403556,16710.09515228448,153,152,16,0,0.0330431949999479,4,6
18,joint,hash,16,16,1.0,3441.1900381826654,215.0743773864166,13750.950190913327,105,86,16,0,0.043627904999993916,5,5
19,phased,hash,14,14,1.0,4209.033151373444,300.64522509810314,15660.165756867218,167,172,14,0,0.027977374000045074,1,7
19,joint,hash,14,14,1.0,3647.990241673823,260.57073154813025,13919.951208369115,135,119,14,0,0.0362314629999787,4,7
20,phased,hash,16,16,1.0,3822.5075366531555,238.90672104082222,14667.537683265777,135,134,16,0,0.03008472599998413,6,5
20,joint,hash,16,16,1.0,3686.9319079599663,230.4332442474979,14159.659539799832,133,110,16,0,0.04415538400002106,6,6
21,phased,hash,12,12,1.0,3876.757195733425,323.06309964445205,14133.785978667123,164,170,12,0,0.021918926999944688,1,7
21,joint,hash,12,12,1.0,3211.8751091740487,267.6562590978374,11729.375545870244,137,121,12,0,0.02321770500003595,5,7
22,phased,hash,15,15,1.0,4266.717499606126,284.44783330707503,15943.58749803063,166,173,15,0,0.029337472999998226,1,7
22,joint,hash,15,15,1.0,3822.0689393847833,254.80459595898554,15060.344696923916,126,105,15,0,0.04387914599999476,5,7
23,phased,hash,10,10,1.0,4176.698075776063,417.6698075776063,15493.490378880313,172,168,10,0,0.019947806000004675,4,7
23,joint,hash,10,10,1.0,3591.9782758016145,359.19782758016146,13689.891379008073,136,124,10,0,0.024013870999965548,4,7
24,phased,hash,12,12,1.0,4054.4903862262363,337.87419885218634,14947.451931131181,167,170,12,0,0.022406096999986858,3,7
24,joint,hash,12,12,1.0,3307.836834779236,275.65306956493635,12104.184173896181,141,122,12,0,0.025473165999983394,5,7
25,phased,hash,13,13,1.0,3721.1812711492225,286.2447131653248,13345.906355746112,163,172,13,0,0.02585123400001521,1,7
25,joint,hash,13,13,1.0,3500.191414371901,269.24549341322313,13335.957071859504,130,118,13,0,0.029865883000013582,6,7
26,phased,hash,16,16,1.0,4246.988942476959,265.43680890480994,16759.944712384793,136,135,16,0,0.027961962000006224,4,5
26,joint,hash,16,16,1.0,3510.283927743557,219.3927454839723,13776.419638717785,115,100,16,0,0.03467097800000829,4,6
27,phased,hash,10,10,1.0,3723.7009867890474,372.37009867890475,13378.504933945238,166,168,10,0,0.01989886500001603,1,7
27,joint,hash,10,10,1.0,3749.2613687361495,374.92613687361495,14096.306843680748,150,130,10,0,0.02275544400004037,5,7
28,phased,hash,14,14,1.0,5252.5754445529465,375.1839603252105,20802.87722276473,170,172,14,0,0.02785410100000263,3,7
28,joint,hash,14,14,1.0,4015.75699319716,286.8397852283686,15453.784965985802,146,125,14,0,0.031760970999982874,5,7
29,phased,hash,16,16,1.0,4769.60956325866,298.10059770366627,18283.0478162933,172,173,16,0,0.03560362599995415,3,7
29,joint,hash,16,16,1.0,3968.2844529672802,248.01777831045501,15486.422264836401,136,111,16,0,0.03327417500003094,5,6
30,phased,hash,10,10,1.0,3918.332860086254,391.8332860086254,14176.664300431272,173,168,10,0,0.021734535000007327,5,7
30,joint,hash,10,10,1.0,3202.7351980316407,320.27351980316405,11603.675990158203,141,127,10,0,0.024243371000011393,5,7
31,phased,hash,13,13,1.0,4119.806778681435,316.9082137447258,15144.033893407177,171,171,13,0,0.02784860399998479,5,7
31,joint,hash,13,13,1.0,3715.850871778178,285.8346824444752,13904.25435889089,149,125,13,0,0.03149184400001559,6,7
32,phased,hash,16,16,1.0,4493.105488526098,280.81909303288114,17430.52744263049,155,152,16,0,0.03617518999999447,4,6
32,joint,hash,16,16,1.0,4181.924876330807,261.37030477067543,16529.624381654034,137,111,16,0,0.04320150600000261,6,6
33,phased,hash,16,16,1.0,4153.4391565970145,259.5899472873134,15622.195782985074,159,154,16,0,0.028369081999983337,4,6
33,joint,hash,16,16,1.0,3404.6317331516716,212.78948332197947,12833.158665758358,129,113,16,0,0.03348300400000426,5,6
34,phased,hash,10,10,1.0,3924.194657122955,392.4194657122955,14330.973285614775,168,168,10,0,0.02051894999999604,4,7
34,joint,hash,10,10,1.0,2976.7258822045005,297.67258822045005,10628.629411022503,135,126,10,0,0.02291979500000707,4,7
35,phased,hash,10,10,1.0,3834.368537840587,383.4368537840587,13856.842689202935,169,168,10,0,0.019152743000006467,4,7
35,joint,hash,10,10,1.0,3137.9835203371968,313.79835203371965,11379.917601685984,137,127,10,0,0.02136668200000713,4,7
36,phased,hash,12,12,1.0,3847.0718514796313,320.58932095663596,14035.359257398157,162,170,12,0,0.020900464000021657,1,7
36,joint,hash,12,12,1.0,3135.517045770704,261.29308714755865,11662.58522885352,124,123,12,0,0.02662391500001604,4,7
37,phased,hash,11,11,1.0,4229.0641894460705,384.4603808587337,15775.320947230353,170,169,11,0,0.02567495900001404,5,7
37,joint,hash,11,11,1.0,3423.1305452116817,311.1936859283347,12915.652726058408,133,120,11,0,0.02766170300003523,5,7
38,phased,hash,11,11,1.0,3663.9806895144,333.0891535922182,13149.903447572,162,169,11,0,0.020282000000008793,1,7
38,joint,hash,11,11,1.0,2716.5244326190564,246.9567666017324,9677.622163095282,121,121,11,0,0.02428558299999395,3,7
39,phased,hash,16,16,1.0,4406.5014727369535,275.4063420460596,16547.507363684766,169,172,16,0,0.02983664900000349,4,7
39,joint,hash,16,16,1.0,3821.229538418421,238.8268461511513,14926.147692092105,130,106,16,0,0.03306208300000435,5,6
40,phased,hash,13,13,1.0,3609.1052527847023,277.62348098343864,12790.526263923512,163,171,13,0,0.021374132000005375,1,7
40,joint,hash,13,13,1.0,2933.4341834176735,225.64878333982102,10612.170917088368,127,111,13,0,0.028966464999996333,4,7
41,phased,hash,14,14,1.0,4416.3885283313775,315.45632345224124,16646.94264165689,169,172,14,0,0.02649807900002088,5,7
41,joint,hash,14,14,1.0,3080.1959818851246,220.01399870608034,11335.979909425623,125,118,14,0,0.03240588400001343,5,7
42,phased,hash,10,10,1.0,3950.0735355779348,395.00735355779346,14535.367677889673,165,168,10,0,0.016843522999977267,1,7
42,joint,hash,10,10,1.0,3391.1080275529657,339.11080275529656,12610.540137764829,140,119,10,0,0.024680395000018507,4,7
43,phased,hash,13,13,1.0,3699.0838388023967,284.54491067710745,13190.419194011984,165,171,13,0,0.022736855999994532,2,7
43,joint,hash,13,13,1.0,3288.8445857249385,252.9880450557645,12249.222928624693,130,124,13,0,0.028942138999980216,4,7
44,phased,hash,14,14,1.0,4160.610291679509,297.1864494056792,15368.051458397544,169,172,14,0,0.026825472999973954,4,7
44,joint,hash,14,14,1.0,3533.4663680489543,252.3904548606396,13212.331840244771,139,126,14,0,0.03167099900002768,5,7
45,phased,hash,16,16,1.0,4613.895608316138,288.36847551975865,17899.478041580693,160,154,16,0,0.02976495400002932,5,6
45,joint,hash,16,16,1.0,3908.289835234729,244.26811470217055,15396.449176173644,128,109,16,0,0.03726433899998938,5,6
46,phased,hash,13,13,1.0,4505.871469408999,346.60549764684606,17199.357347044992,166,171,13,0,0.02268925499998886,1,7
46,joint,hash,13,13,1.0,3450.044426940759,265.38803284159684,13125.222134703794,129,115,13,0,0.028752307999980076,5,7
47,phased,hash,10,10,1.0,4008.2844553225523,400.8284455322552,14726.42227661276,169,168,10,0,0.01643297599997595,1,7
47,joint,hash,10,10,1.0,3409.6998995280114,340.96998995280114,12683.499497640058,140,123,10,0,0.018483614999979636,5,7
48,phased,hash,10,10,1.0,3988.100979936193,398.8100979936193,14750.504899680966,164,168,10,0,0.018631523000010475,1,7
48,joint,hash,10,10,1.0,3080.8035580184282,308.0803558018428,11024.01779009214,139,131,10,0,0.020427444999995714,3,7
49,phased,hash,10,10,1.0,4072.6143913243336,407.26143913243334,15073.071956621669,168,168,10,0,0.017352503999973123,3,7
49,joint,hash,10,10,1.0,3502.196926639967,350.2196926639967,12860.984633199834,149,135,10,0,0.021857347000036498,4,7
50,phased,hash,15,15,1.0,4544.745478875797,302.9830319250531,17233.727394378984,170,173,15,0,0.031347170000003644,3,7
50,joint,hash,15,15,1.0,3823.2432434470684,254.88288289647122,14796.216217235342,134,119,15,0,0.03227219600000808,5,7
51,phased,hash,12,12,1.0,3916.0912114223074,326.3409342851923,14380.456057111536,162,170,12,0,0.02365607300004058,1,7
51,joint,hash,12,12,1.0,2759.5298038792816,229.96081698994013,9907.649019396407,120,118,12,0,0.026239769000028446,4,7
52,phased,hash,16,16,1.0,3855.0007415806967,240.93754634879355,14965.003707903485,130,132,16,0,0.026836608999985856,3,5
52,joint,hash,16,16,1.0,3382.7482257269794,211.4217641079362,12958.741128634898,122,101,16,0,0.03486048799999253,5,5
53,phased,hash,15,15,1.0,4086.9555633145874,272.4637042209725,15044.777816572938,166,173,15,0,0.026290132999974958,1,7
53,joint,hash,15,15,1.0,3411.997200480301,227.4664800320201,13174.986002401507,120,102,15,0,0.036061572000051,5,7
54,phased,hash,12,12,1.0,4040.8497818881424,336.73748182401187,14874.248909440712,167,171,12,0,0.027904946999967706,4,7
54,joint,hash,12,12,1.0,3041.1629090604843,253.43024242170702,11135.81454530242,127,119,12,0,0.025614354999959232,4,7
55,phased,hash,16,16,1.0,3982.2584737507714,248.8911546094232,15001.292368753857,150,152,16,0,0.026325503999999,5,6
55,joint,hash,16,16,1.0,3576.4990712121657,223.53119195076036,13372.495356060828,139,127,16,0,0.030625755000016852,5,6
56,phased,hash,12,12,1.0,4291.174363324743,357.5978636103953,15980.871816623718,173,170,12,0,0.020037098999978298,4,7
56,joint,hash,12,12,1.0,3448.7730004178366,287.3977500348197,12533.865002089184,150,132,12,0,0.025249755999993795,4,7
57,phased,hash,10,10,1.0,3977.3554250032075,397.7355425003208,14521.777125016037,171,168,10,0,0.016916521000041485,5,7
57,joint,hash,10,10,1.0,3610.854373482339,361.0854373482339,13319.271867411695,153,132,10,0,0.01954288799998949,6,7
58,phased,hash,13,13,1.0,4016.4016806904956,308.95397543773043,14827.008403452479,163,171,13,0,0.024088351999978386,1,7
58,joint,hash,13,13,1.0,3178.3208207151047,244.48621697808497,11906.604103575524,123,117,13,0,0.027795134000029975,4,7
59,phased,hash,15,15,1.0,4369.319134812799,291.2879423208533,16506.595674063996,164,173,15,0,0.026428016000011212,1,7
59,joint,hash,15,15,1.0,3637.303628400722,242.48690856004814,14451.518142003612,114,102,15,0,0.03259388100002525,5,7
60,phased,hash,11,11,1.0,4273.717557697595,388.5197779725086,15848.587788487974,176,169,11,0,0.02388716499996235,5,7
60,joint,hash,11,11,1.0,3529.5586261468115,320.8689660133465,13037.793130734059,147,132,11,0,0.023420335000025716,5,7
61,phased,hash,12,12,1.0,4254.62092612859,354.5517438440492,15998.10463064295,165,170,12,0,0.021111676000032276,1,7
61,joint,hash,12,12,1.0,3198.8794605128055,266.5732883760671,11844.397302564028,130,120,12,0,0.023354757999982212,4,7
62,phased,hash,13,13,1.0,4340.696729360507,333.89974841234664,16323.483646802535,168,171,13,0,0.02318896299999551,1,7
62,joint,hash,13,13,1.0,3449.1434751154366,265.31872885503356,12855.717375577184,138,123,13,0,0.02889180500000066,5,7
63,phased,hash,13,13,1.0,4175.087452097326,321.16057323825584,15475.43726048663,169,170,13,0,0.021230830999968475,4,7
63,joint,hash,13,13,1.0,3445.7942000079884,265.0610923083068,12733.971000039943,142,124,13,0,0.03007822600000054,5,7
64,phased,hash,13,13,1.0,3777.6276474082133,290.5867421083241,13553.138237041067,166,172,13,0,0.022207674000014777,1,7
64,joint,hash,13,13,1.0,3181.3946506441994,244.7226654341692,11881.973253220996,125,115,13,0,0.027646826000022884,5,7
65,phased,hash,11,11,1.0,3722.3747242125796,338.3977022011436,13286.873621062898,168,170,11,0,0.02100381700000753,4,7
65,joint,hash,11,11,1.0,3051.3868333726646,277.3988030338786,11086.934166863322,131,124,11,0,0.023383563999971102,4,7
66,phased,hash,16,16,1.0,4158.6981737651095,259.91863586031934,15648.49086882555,159,154,16,0,0.02941921699999739,4,6
66,joint,hash,16,16,1.0,3934.4247227771566,245.9015451735723,15567.123613885782,125,116,16,0,0.032906496999999035,4,7
67,phased,hash,15,15,1.0,3953.6602074516,263.57734716344,14248.301037258,171,174,15,0,0.026493376000018998,4,7
67,joint,hash,15,15,1.0,3408.125704291728,227.20838028611522,12710.62852145864,135,116,15,0,0.03414214299999685,4,7
68,phased,hash,13,13,1.0,3958.964139844491,304.53570306496084,14514.820699222455,164,171,13,0,0.02180903800001488,1,7
68,joint,hash,13,13,1.0,3247.958578931223,249.8429676100941,11749.792894656115,141,128,13,0,0.03093749999999318,5,7
69,phased,hash,10,10,1.0,3468.2624508481194,346.82624508481194,12046.312254240596,168,169,10,0,0.020014338000009957,4,7
69,joint,hash,10,10,1.0,3212.802598288963,321.2802598288963,11649.012991444815,141,128,10,0,0.023704527000006692,4,7
70,phased,hash,14,14,1.0,4022.743733188878,287.33883808491987,14803.71866594439,164,172,14,0,0.02731549999998606,1,7
70,joint,hash,14,14,1.0,2928.427366240086,209.1733833028633,10412.13683120043,129,131,14,0,0.03588381499997695,4,7
71,phased,hash,16,16,1.0,4395.812506689444,274.7382816680902,16934.062533447217,155,154,16,0,0.025252984000019296,4,6
71,joint,hash,16,16,1.0,4185.087995598261,261.5679997248913,16465.439977991304,140,112,16,0,0.03231927999996742,5,6
72,phased,hash,16,16,1.0,4443.126730763888,277.695420672743,17110.63365381944,158,151,16,0,0.033687159999999494,5,6
72,joint,hash,16,16,1.0,3775.7746478442077,235.98591549026298,14948.873239221039,121,101,16,0,0.038894120000009025,5,6
73,phased,hash,15,15,1.0,4334.43415712131,288.96227714142066,16257.170785606548,167,173,15,0,0.030048706999991737,1,7
73,joint,hash,15,15,1.0,3542.8227955574703,236.18818637049802,12969.11397778735,149,129,15,0,0.03365942900001073,5,7
74,phased,hash,11,11,1.0,4266.43863059367,387.85805732669724,16037.193152968348,167,169,11,0,0.019572214999982407,4,7
74,joint,hash,11,11,1.0,3156.193271439335,286.9266610399396,11685.966357196676,129,119,11,0,0.02739566399998239,4,7
75,phased,hash,14,14,1.0,4272.785229740439,305.19894498145993,16033.926148702196,165,171,14,0,0.029459167000027264,1,7
75,joint,hash,14,14,1.0,3530.7697011342666,252.19783579530477,13748.848505671333,121,106,14,0,0.029997992000005524,4,7
76,phased,hash,13,13,1.0,4020.6810470709142,309.28315746699343,14748.40523535457,167,171,13,0,0.02497124899997516,5,7
76,joint,hash,13,13,1.0,3030.751866016256,233.13475892432737,10978.75933008128,129,125,13,0,0.03147812699995711,5,7
77,phased,hash,10,10,1.0,3640.247879843243,364.0247879843243,13036.239399216214,163,168,10,0,0.020340620000013132,1,7
77,joint,hash,10,10,1.0,2990.5160446202235,299.05160446202234,10722.580223101117,133,131,10,0,0.02186781500000734,4,7
78,phased,hash,15,15,1.0,4273.77385214808,284.918256809872,15803.869260740397,173,173,15,0,0.02822897000004332,5,7
78,joint,hash,15,15,1.0,3426.102577139418,228.4068384759612,13050.51288569709,126,111,15,0,0.02904150000000527,5,7
79,phased,hash,10,10,1.0,3942.804010138191,394.28040101381913,14419.020050690955,168,169,10,0,0.020956929000021773,4,7
79,joint,hash,10,10,1.0,3615.9829945552483,361.59829945552485,13654.914972776241,142,125,10,0,0.022314525000012964,4,7
80,phased,hash,16,16,1.0,4377.528969736289,273.59556060851804,16387.644848681444,170,170,16,0,0.035323506999986876,4,7
80,joint,hash,16,16,1.0,4034.034294999323,252.12714343745768,15995.171474996614,129,110,16,0,0.03982737799998404,5,6
81,phased,hash,10,10,1.0,4279.607838823184,427.96078388231837,16058.03919411592,170,168,10,0,0.019983813000010286,4,7
81,joint,hash,10,10,1.0,3542.357549893035,354.2357549893035,13201.787749465175,144,132,10,0,0.02059005800003888,5,7
82,phased,hash,15,15,1.0,4253.526816514369,283.56845443429125,15877.634082571845,166,173,15,0,0.029642876999957934,3,7
82,joint,hash,15,15,1.0,3350.064038674934,223.33760257832895,13135.320193374671,108,108,15,0,0.03476491199995735,4,7
83,phased,hash,15,15,1.0,4521.128011758517,301.4085341172344,17140.640058792582,169,173,15,0,0.029968869000015275,1,7
83,joint,hash,15,15,1.0,4136.551089151422,275.7700726100948,16197.75544575711,141,117,15,0,0.03881973000000016,5,7
84,phased,hash,14,14,1.0,4250.131832838149,303.58084520272496,15715.659164190749,173,172,14,0,0.02527825199996414,5,7
84,joint,hash,14,14,1.0,3898.613073496714,278.4723623926224,14963.06536748357,144,116,14,0,0.029326319999995576,5,7
85,phased,hash,14,14,1.0,4342.748543904182,310.1963245645844,16378.74271952091,165,172,14,0,0.02833159100003968,2,7
85,joint,hash,14,14,1.0,3387.984566420993,241.9988976014995,12934.922832104965,123,116,14,0,0.030317244000002574,3,7
86,phased,hash,16,16,1.0,4122.6994096487715,257.6687131030482,15093.497048243858,170,174,16,0,0.029053606999980275,5,7
86,joint,hash,16,16,1.0,3381.82224031931,211.36389001995687,12739.11120159655,129,109,16,0,0.03626083099999278,5,5
87,phased,hash,14,14,1.0,3988.6388171570866,284.90277265407764,14508.194085785433,169,172,14,0,0.03272094400000469,2,7
87,joint,hash,14,14,1.0,3031.878577072219,216.5627555051585,11129.392885361094,124,116,14,0,0.028567269000006945,2,7
88,phased,hash,13,13,1.0,4029.3515349738973,309.95011807491517,14791.757674869486,167,171,13,0,0.02985494000000699,5,7
88,joint,hash,13,13,1.0,3246.8029880045856,249.75407600035274,11739.014940022927,141,129,13,0,0.03136262700002135,6,7
89,phased,hash,16,16,1.0,4189.597176114673,261.84982350716706,16142.985880573366,146,151,16,0,0.031632606000016494,4,6
89,joint,hash,16,16,1.0,3419.2619955484906,213.70387472178066,12946.309977742454,127,115,16,0,0.036859925999976895,6,7
90,phased,hash,14,14,1.0,4473.994351177498,319.571025084107,16884.97175588749,171,172,14,0,0.030884200999992117,4,7
90,joint,hash,14,14,1.0,3428.6666945797124,244.9047638985509,13118.333472898561,124,115,14,0,0.032972333999964576,4,7
91,phased,hash,15,15,1.0,4331.238343173938,288.7492228782625,16166.191715869689,170,173,15,0,0.02800117300000693,5,7
91,joint,hash,15,15,1.0,3653.1858232868026,243.5457215524535,13700.929116434014,143,123,15,0,0.03207532900000842,5,7
92,phased,hash,13,13,1.0,4534.741854025582,348.8262964635063,17063.70927012791,177,172,13,0,0.024878391000015654,4,7
92,joint,hash,13,13,1.0,3902.276713810749,300.17513183159605,14901.383569053743,147,122,13,0,0.028374294000002465,5,7
93,phased,hash,16,16,1.0,3982.830971162425,248.92693569765157,14794.154855812125,158,154,16,0,0.03362530900000138,4,6
93,joint,hash,16,16,1.0,3334.1449384730786,208.3840586545674,13100.724692365393,109,89,16,0,0.035207215000014,5,5
94,phased,hash,10,10,1.0,3704.0353401340813,370.40353401340815,13355.176700670407,163,168,10,0,0.016407119999996667,1,7
94,joint,hash,10,10,1.0,3020.373350671326,302.03733506713263,10626.866753356631,143,130,10,0,0.02587452199998097,4,7
95,phased,hash,13,13,1.0,3912.169861788915,300.9361432145319,14305.849308944576,163,171,13,0,0.022189499999967666,1,7
95,joint,hash,13,13,1.0,3046.8329073442337,234.3717621034026,10759.164536721168,141,125,13,0,0.026491773999964607,4,7
96,phased,hash,15,15,1.0,4149.49752490072,276.63316832671467,15252.487624503603,170,174,15,0,0.03003147100002934,5,7
96,joint,hash,15,15,1.0,3405.5338456681443,227.0355897112096,12977.669228340721,124,115,15,0,0.035892728000021634,5,7
97,phased,hash,10,10,1.0,3801.017515612942,380.10175156129424,13865.087578064711,162,168,10,0,0.027611476999993556,1,7
97,joint,hash,10,10,1.0,2937.388033672908,293.7388033672908,10461.94016836454,133,130,10,0,0.024734558999966794,4,7
98,phased,hash,12,12,1.0,4198.43571819391,349.8696431828259,15662.17859096955,167,171,12,0,0.02432384200000115,3,7
98,joint,hash,12,12,1.0,3303.371333122269,275.28094442685574,12371.856665611343,130,119,12,0,0.023338757000033183,3,7
99,phased,hash,16,16,1.0,4231.281590800019,264.4550994250012,16591.407954000097,140,133,16,0,0.030173440999988088,4,5
99,joint,hash,16,16,1.0,3768.4947269349987,235.53092043343742,14777.473634674992,126,103,16,0,0.035369094000031964,4,5
100,phased,hash,15,15,1.0,4551.519191868404,303.4346127912269,17312.59595934202,168,174,15,0,0.02830264800002169,3,7
100,joint,hash,15,15,1.0,3578.408153364976,238.56054355766506,13822.04076682488,125,114,15,0,0.030568023999990146,4,7
101,phased,hash,12,12,1.0,3900.0106308197537,325.00088590164614,14150.053154098769,168,170,12,0,0.018245675999992272,1,7
101,joint,hash,12,12,1.0,3396.4400277461145,283.0366689788429,12437.200138730574,145,124,12,0,0.02659461600001123,5,7
102,phased,hash,13,13,1.0,4156.945710068971,319.76505462069,15279.728550344855,173,171,13,0,0.02423090500002445,4,7
102,joint,hash,13,13,1.0,3444.8768873434187,264.9905297956476,13084.384436717093,129,118,13,0,0.03251481900002773,4,7
103,phased,hash,13,13,1.0,3764.8619620001587,289.6047663077045,13594.309810000794,162,171,13,0,0.02547042600002669,1,7
103,joint,hash,13,13,1.0,2725.3904694945313,209.64542073034858,9901.952347472657,114,110,13,0,0.02966325800002778,4,7
104,phased,hash,14,14,1.0,4505.752818259847,321.83948701856053,17143.764091299236,167,172,14,0,0.02454075200000716,1,7
104,joint,hash,14,14,1.0,3571.3245891645256,255.09461351175182,13541.622945822628,134,123,14,0,0.029540276000034282,5,7
105,phased,hash,11,11,1.0,3410.995293224949,310.0904812022681,11834.976466124745,164,169,11,0,0.02171227599995973,1,7
105,joint,hash,11,11,1.0,2843.2556459286316,258.477785993512,9626.278229643158,146,133,11,0,0.025769647999993595,5,7
106,phased,hash,13,13,1.0,4177.997395718568,321.3844150552745,15509.986978592844,168,171,13,0,0.02670538900002839,2,7
106,joint,hash,13,13,1.0,3422.696267346376,263.2843282574135,12883.481336731878,132,121,13,0,0.027651435999985097,5,7
107,phased,hash,10,10,1.0,3876.7485905836284,387.6748590583628,14143.742952918143,166,168,10,0,0.01744383199996946,2,7
107,joint,hash,10,10,1.0,3142.9331756185393,314.29331756185394,11264.665878092695,143,125,10,0,0.020833005999975285,5,7
108,phased,hash,10,10,1.0,3949.2310580359463,394.92310580359464,14431.155290179731,169,168,10,0,0.01666310899997825,5,7
108,joint,hash,10,10,1.0,3129.8099820656107,312.9809982065611,11329.049910328054,137,129,10,0,0.02176252999998951,5,7
109,phased,hash,13,13,1.0,4042.117045452142,310.93208041939556,14825.58522726071,168,172,13,0,0.025639995999995335,5,7
109,joint,hash,13,13,1.0,3203.4565082891413,246.419731406857,11542.282541445706,140,130,13,0,0.03007149100000106,5,7
110,phased,hash,14,14,1.0,3724.294498265211,266.0210355903722,13261.472491326056,166,172,14,0,0.024844512000015584,1,7
110,joint,hash,14,14,1.0,3319.2900174364477,237.0921441026034,12586.450087182238,125,107,14,0,0.027830630999972072,5,7
111,phased,hash,13,13,1.0,3883.359804992761,298.71998499944317,14181.799024963804,162,172,13,0,0.022617813000010756,1,7
111,joint,hash,13,13,1.0,2762.521395747714,212.50164582674722,9682.60697873857,127,126,13,0,0.03448289499999646,5,7
112,phased,hash,11,11,1.0,3852.096460850321,350.19058735002915,14115.482304251605,161,169,11,0,0.020053165999968314,1,7
112,joint,hash,11,11,1.0,2938.0336113449603,267.09396466772364,10245.168056724802,139,139,11,0,0.02645278599999301,2,7
113,phased,hash,12,12,1.0,3864.6829824244387,322.0569152020366,13918.414912122193,170,171,12,0,0.022348885999974755,5,7
113,joint,hash,12,12,1.0,3457.5025509836537,288.12521258197114,13002.512754918269,136,117,12,0,0.0291877259999751,5,7
114,phased,hash,11,11,1.0,3714.854933514932,337.7140848649938,13354.274667574658,164,169,11,0,0.023444394000023294,1,7
114,joint,hash,11,11,1.0,3058.0171002040843,278.0015545640077,11035.085501020421,134,126,11,0,0.02612587400000166,5,7
115,phased,hash,14,14,1.0,3869.031275369754,276.3593768121253,14010.15637684877,165,172,14,0,0.02620522099999789,1,7
115,joint,hash,14,14,1.0,3058.145690822575,218.43897791589822,11225.728454112876,125,118,14,0,0.030645467999988796,4,7
116,phased,hash,11,11,1.0,4106.127393188371,373.28430847167004,15185.636965941852,169,169,11,0,0.021478419999994003,5,7
116,joint,hash,11,11,1.0,3371.842776476057,306.5311614978234,12319.213882380287,144,133,11,0,0.028687295999986873,5,7
117,phased,hash,10,10,1.0,3889.051374040543,388.9051374040543,14105.256870202717,170,168,10,0,0.021138709000013023,4,7
117,joint,hash,10,10,1.0,3239.56357630288,323.956357630288,12037.8178815144,132,122,10,0,0.022789795999983653,4,7
118,phased,hash,12,12,1.0,3971.802584036249,330.9835486696874,14434.012920181245,171,170,12,0,0.02154297600003474,4,7
118,joint,hash,12,12,1.0,2981.291103383014,248.44092528191786,10806.455516915072,129,115,12,0,0.024756291000016972,5,7
119,phased,hash,12,12,1.0,4265.0093616679405,355.4174468056617,15825.046808339703,174,170,12,0,0.02198329600003035,5,7
119,joint,hash,12,12,1.0,3932.7881721493814,327.7323476791151,14898.940860746907,153,128,12,0,0.02951998700001468,5,7
120,phased,hash,12,12,1.0,4130.133751906317,344.17781265885975,15325.668759531585,167,170,12,0,0.02370412700003044,2,7
120,joint,hash,12,12,1.0,3811.017503361888,317.584791946824,14855.08751680944,134,110,12,0,0.0246958619999873,5,7
121,phased,hash,11,11,1.0,4035.2055248120823,366.8368658920075,14936.02762406041,165,168,11,0,0.02003007199999729,1,7
121,joint,hash,11,11,1.0,3317.7795606037953,301.61632369125414,12258.897803018976,138,121,11,0,0.024329850000015085,4,7
122,phased,hash,16,16,1.0,4245.249505082695,265.3280940676684,15751.247525413472,168,175,16,0,0.030197647000022698,5,7
122,joint,hash,16,16,1.0,3293.844132804096,205.865258300256,12594.220664020479,119,100,16,0,0.04260549100001754,5,6
123,phased,hash,10,10,1.0,3981.0800160489716,398.10800160489714,14760.400080244859,162,169,10,0,0.018143023999982688,0,7
123,joint,hash,10,10,1.0,2903.879381774538,290.3879381774538,10294.39690887269,133,130,10,0,0.02080040900000313,3,7
124,phased,hash,16,16,1.0,3958.851581737084,247.42822385856775,15259.25790868542,139,132,16,0,0.03016420799997377,4,5
124,joint,hash,16,16,1.0,4080.1899597362208,255.0118724835138,16460.949798681104,123,93,16,0,0.04018030899999303,6,5
125,phased,hash,13,13,1.0,4233.507303325028,325.6544079480791,15557.536516625141,177,172,13,0,0.021307397999976274,5,7
125,joint,hash,13,13,1.0,3636.363651617436,279.7202808936489,13286.81825808718,156,134,13,0,0.02690495400003101,5,7
126,phased,hash,12,12,1.0,4308.489906273842,359.04082552282017,16192.449531369211,168,170,12,0,0.02052692499995601,3,7
126,joint,hash,12,12,1.0,3642.618062804691,303.55150523372424,13563.090314023455,148,130,12,0,0.025248126999997567,5,7
127,phased,hash,13,13,1.0,4350.469370166498,334.6514900128076,16197.346850832491,175,171,13,0,0.022474170999998933,5,7
127,joint,hash,13,13,1.0,3509.5354298824113,269.96426383710855,13142.677149412057,138,126,13,0,0.0250182369999834,5,7
128,phased,hash,14,14,1.0,3825.428057581431,273.2448612558165,13717.140287907154,168,172,14,0,0.02736723699996446,2,7
128,joint,hash,14,14,1.0,3548.543928621488,253.46742347296342,13807.719643107439,122,107,14,0,0.03154866199997741,4,7
129,phased,hash,13,13,1.0,4380.752376036304,336.9809520027926,16593.76188018152,165,172,13,0,0.02316908699998521,1,7
129,joint,hash,13,13,1.0,3536.0312123096055,272.00240094689275,13285.156061548027,139,119,13,0,0.0360605149999742,5,7
130,phased,hash,15,15,1.0,4512.649872769387,300.8433248512925,17043.249363846935,171,174,15,0,0.031134520000023258,3,7
130,joint,hash,15,15,1.0,3868.1168561675554,257.874457077837,15160.584280837777,129,116,15,0,0.030686989000002995,4,7
131,phased,hash,13,13,1.0,4519.117835444946,347.62444888038044,17140.58917722473,171,171,13,0,0.023828841000010925,4,7
131,joint,hash,13,13,1.0,3835.20716935863,295.01593610451,14551.03584679315,147,125,13,0,0.028323137999962,5,7
132,phased,hash,15,15,1.0,4209.885960501037,280.65906403340244,15684.429802505183,165,173,15,0,0.02581505500000958,1,7
132,joint,hash,15,15,1.0,3550.08493612534,236.67232907502267,13280.4246806267,139,124,15,0,0.03135285300004398,4,7
133,phased,hash,13,13,1.0,4460.499587823327,343.11535290948666,16952.497939116634,167,170,13,0,0.02775838399998065,1,7
133,joint,hash,13,13,1.0,3524.8710588611643,271.14392760470497,13374.355294305822,133,120,13,0,0.028636081000001923,4,7
134,phased,hash,15,15,1.0,4216.880327726468,281.1253551817645,15714.40163863234,165,174,15,0,0.03438700300000619,1,7
134,joint,hash,15,15,1.0,3392.2224763312747,226.14816508875165,13201.112381656374,114,107,15,0,0.03753385099997786,5,7
135,phased,hash,13,13,1.0,4179.19063461634,321.47620266279534,15460.953173081696,170,172,13,0,0.026984240999979647,5,7
135,joint,hash,13,13,1.0,3163.403046357952,243.3386958736886,11647.015231789761,130,119,13,0,0.028702930000008564,5,7
136,phased,hash,16,16,1.0,4133.676903325226,258.3548064578266,15633.384516626127,155,152,16,0,0.03153763599999593,4,6
136,joint,hash,16,16,1.0,3577.993813486868,223.62461334292925,13744.96906743434,127,114,16,0,0.03454936399998587,4,6
137,phased,hash,13,13,1.0,4399.277810252293,338.40598540402254,16691.389051261467,165,171,13,0,0.031591795999986516,1,7
137,joint,hash,13,13,1.0,3507.08906638587,269.7760820296823,13425.44533192935,128,117,13,0,0.0318305790000295,5,7
138,phased,hash,14,14,1.0,4154.356526204989,296.7397518717849,15456.782631024944,164,173,14,0,0.02850969400003578,2,7
138,joint,hash,14,14,1.0,2910.8216797821315,207.91583427015226,10689.108398910657,118,113,14,0,0.03230588000002399,4,7
139,phased,hash,13,13,1.0,4422.891487705996,340.2224221312305,16704.457438529982,169,172,13,0,0.031126057999983914,4,7
139,joint,hash,13,13,1.0,3331.4998073948286,256.26921595344834,12442.499036974143,131,123,13,0,0.036176345999990644,4,7
140,phased,hash,14,14,1.0,4568.729913374965,326.3378509553546,17358.649566874825,171,172,14,0,0.026440669000010075,5,7
140,joint,hash,14,14,1.0,3620.4848058864345,258.60605756331677,13672.424029432173,140,116,14,0,0.0314372070000104,5,7
141,phased,hash,12,12,1.0,4343.76971583039,361.9808096525325,16318.848579151949,170,170,12,0,0.02207346900001994,3,7
141,joint,hash,12,12,1.0,3511.2159148573537,292.6013262381128,13421.079574286769,130,117,12,0,0.030721040000003086,5,7
142,phased,hash,10,10,1.0,4167.565093459705,416.7565093459705,15422.825467298528,173,168,10,0,0.023151931000029435,4,7
142,joint,hash,10,10,1.0,3722.2365401514944,372.22365401514946,13726.182700757472,158,137,10,0,0.021840114999974958,5,7
143,phased,hash,16,16,1.0,4366.12107245342,272.88256702833877,16655.605362267102,160,155,16,0,0.029539885000019694,6,6
143,joint,hash,16,16,1.0,4145.67548846374,259.10471802898377,16158.3774423187,143,119,16,0,0.037812784000038846,6,6
144,phased,hash,12,12,1.0,4017.3484554178804,334.77903795149,14686.742277089403,170,170,12,0,0.022384658000021318,4,7
144,joint,hash,12,12,1.0,3456.2995285988536,288.0249607165711,12421.497642994269,155,137,12,0,0.026235144999986915,5,7
145,phased,hash,13,13,1.0,4190.014033889728,322.3087718376714,15340.070169448642,177,172,13,0,0.029150060000006306,4,7
145,joint,hash,13,13,1.0,3583.5497600183444,275.657673847565,13532.748800091722,138,122,13,0,0.03431613999998717,4,7
146,phased,hash,16,16,1.0,4172.70023287369,260.7937645546056,16033.501164368448,147,151,16,0,0.03200529599996571,5,6
146,joint,hash,16,16,1.0,3654.040913688357,228.3775571055223,13995.204568441784,132,115,16,0,0.03757353899999316,5,6
147,phased,hash,10,10,1.0,3552.8945696372057,355.28945696372057,12524.47284818603,166,168,10,0,0.018976515000019845,3,7
147,joint,hash,10,10,1.0,3279.841009947315,327.9841009947315,11514.205049736574,157,142,10,0,0.027832714999988184,5,7
148,phased,hash,10,10,1.0,3568.653656436905,356.8653656436905,12703.268282184525,162,168,10,0,0.01978682200001458,1,7
148,joint,hash,10,10,1.0,2935.201888166853,293.52018881668533,10461.009440834267,134,123,10,0,0.024052901999993992,5,7
149,phased,hash,12,12,1.0,3919.257963157728,326.60483026314404,14316.289815788641,165,171,12,0,0.020642215999998825,1,7
149,joint,hash,12,12,1.0,3198.9825561099287,266.5818796758274,11589.912780549643,139,126,12,0,0.02582747299999255,5,7
150,phased,hash,13,13,1.0,4180.425696757736,321.57120744290273,15492.128483788678,169,172,13,0,0.024216414000022723,4,7
150,joint,hash,13,13,1.0,3611.76937953255,277.82841381019614,13628.84689766275,140,121,13,0,0.03311063900002864,5,7
151,phased,hash,15,15,1.0,4400.397328012497,293.3598218674998,16361.986640062485,176,173,15,0,0.031375435999962065,5,7
151,joint,hash,15,15,1.0,3677.8492075167455,245.18994716778303,14244.246037583727,130,104,15,0,0.0338200759999836,5,7
152,phased,hash,14,14,1.0,3976.903772881636,284.06455520583114,14524.51886440818,166,172,14,0,0.026779938999993647,3,7
152,joint,hash,14,14,1.0,3556.373958104982,254.02671129321303,13486.86979052491,134,119,14,0,0.030614753000008932,4,7
153,phased,hash,14,14,1.0,4350.361094151047,310.7400781536462,16316.805470755236,169,172,14,0,0.026973054999984925,5,7
153,joint,hash,14,14,1.0,3599.5923771527728,257.11374122519805,13837.961885763863,130,112,14,0,0.03713424099998974,5,7
154,phased,hash,12,12,1.0,4048.6996554413445,337.39163795344535,14863.498277206723,169,171,12,0,0.021649411999987933,4,7
154,joint,hash,12,12,1.0,3087.748808869649,257.31240073913744,11308.744044348245,130,116,12,0,0.028583943999990424,4,7
155,phased,hash,10,10,1.0,4045.6933325138953,404.56933325138954,15063.466662569477,163,168,10,0,0.01614302000001544,1,7
155,joint,hash,10,10,1.0,3129.581194588291,312.9581194588291,11237.905972941455,141,127,10,0,0.020367149000037443,5,7
156,phased,hash,16,16,1.0,4237.122573459734,264.82016084123336,16315.61286729867,148,154,16,0,0.029671159000031366,3,6
156,joint,hash,16,16,1.0,3671.9939532015387,229.49962207509617,14514.969766007694,116,109,16,0,0.03597562999999582,5,6
157,phased,hash,10,10,1.0,3663.138586866576,366.3138586866576,13175.692934332881,162,168,10,0,0.022604773000011846,1,7
157,joint,hash,10,10,1.0,2794.999484433517,279.4999484433517,10084.997422167584,122,118,10,0,0.021752464999963195,5,7
158,phased,hash,12,12,1.0,4142.56637848869,345.2138648740575,15282.83189244345,171,171,12,0,0.02350062599998637,5,7
158,joint,hash,12,12,1.0,3564.0678314297884,297.00565261914903,13180.339157148943,148,128,12,0,0.023520224999970196,5,7
159,phased,hash,16,16,1.0,4074.7311688598347,254.67069805373967,15838.655844299174,138,137,16,0,0.03187257000001864,6,5
159,joint,hash,16,16,1.0,3259.7099669994736,203.7318729374671,12723.549834997368,107,100,16,0,0.03599809299998924,3,5
160,phased,hash,10,10,1.0,3547.8174864519933,354.78174864519934,12549.087432259967,164,168,10,0,0.01813025500001686,1,7
160,joint,hash,10,10,1.0,3202.3778997568306,320.2377899756831,11766.889498784154,136,119,10,0,0.02228643299997657,5,7
161,phased,hash,16,16,1.0,4208.511842503769,263.03199015648556,15687.559212518845,164,171,16,0,0.03234054099999639,4,7
161,joint,hash,16,16,1.0,3693.4911094014797,230.84319433759248,14282.455547007397,129,112,16,0,0.03868825699998979,4,6
162,phased,hash,13,13,1.0,4113.802982568269,316.44638327448223,15164.014912841343,169,171,13,0,0.024426282999968407,4,7
162,joint,hash,13,13,1.0,3314.884123799198,254.99108644609214,12509.42061899599,127,113,13,0,0.02524468199999319,4,7
163,phased,hash,13,13,1.0,4174.569192014545,321.1207070780419,15567.845960072724,165,171,13,0,0.02067341099996156,1,7
163,joint,hash,13,13,1.0,3113.6890149499263,239.5145396115328,11178.445074749632,138,123,13,0,0.026742444000035448,4,7
164,phased,hash,13,13,1.0,3811.6038080595854,293.2002929276604,13748.019040297928,165,172,13,0,0.027616555000008702,3,7
164,joint,hash,13,13,1.0,3172.7866134080377,244.06050872369522,11688.933067040189,130,120,13,0,0.028518330999986574,4,7
165,phased,hash,14,14,1.0,4160.808246413627,297.2005890295448,15469.041232068135,165,172,14,0,0.02521419700002525,2,7
165,joint,hash,14,14,1.0,3290.6907100966296,235.04933643547355,12418.453550483147,124,117,14,0,0.029061798999975963,4,7
166,phased,hash,16,16,1.0,3964.924425672079,247.80777660450494,15019.622128360395,146,151,16,0,0.028303409999978157,4,6
166,joint,hash,16,16,1.0,3111.3631094812376,194.46019434257735,12171.815547406188,102,87,16,0,0.03292888999999377,5,4
167,phased,hash,15,15,1.0,4568.3055134533415,304.55370089688944,17201.52756726671,176,173,15,0,0.027014845999985937,4,7
167,joint,hash,15,15,1.0,3823.7832989471417,254.9188865964761,14548.91649473571,143,124,15,0,0.02790762500001165,4,7
168,phased,hash,12,12,1.0,3705.6253327530612,308.8021110627551,13248.126663765306,165,171,12,0,0.022680996000019604,1,7
168,joint,hash,12,12,1.0,3453.132979506452,287.76108162553766,12770.66489753226,143,124,12,0,0.0239260249999802,5,7
169,phased,hash,16,16,1.0,3944.45207388562,246.52825461785125,14817.260369428099,150,151,16,0,0.031065769999997883,4,6
169,joint,hash,16,16,1.0,3186.618644791484,199.16366529946774,12398.09322395742,106,97,16,0,0.037830428999996,5,5
170,phased,hash,15,15,1.0,3893.3665172281703,259.5577678152114,14101.832586140852,165,173,15,0,0.029951603999961662,1,7
170,joint,hash,15,15,1.0,3010.3442819738243,200.68961879825494,10836.721409869122,130,118,15,0,0.03340478300003724,5,7
171,phased,hash,15,15,1.0,4245.911275244307,283.0607516829538,15739.556376221537,170,173,15,0,0.027454296000030354,3,7
171,joint,hash,15,15,1.0,3390.914795870834,226.06098639138892,12794.57397935417,128,117,15,0,0.031763549999993757,4,7
172,phased,hash,12,12,1.0,4184.860490851661,348.7383742376384,15669.302454258303,164,171,12,0,0.020304455999962556,1,7
172,joint,hash,12,12,1.0,3257.1076293381348,271.4256357781779,11855.538146690673,139,131,12,0,0.023863933000029647,5,7
173,phased,hash,15,15,1.0,3825.239887592473,255.01599250616488,13756.199437962367,165,174,15,0,0.025401093000027686,1,7
173,joint,hash,15,15,1.0,2788.3694822966895,185.8912988197793,10331.847411483448,109,102,15,0,0.033573883000030946,4,7
174,phased,hash,12,12,1.0,4165.229863537,347.10248862808334,15556.149317685,165,169,12,0,0.02172727700002497,1,7
174,joint,hash,12,12,1.0,3418.506228870265,284.8755190725221,12712.531144351326,138,126,12,0,0.02542652099998577,5,7
175,phased,hash,15,15,1.0,4393.270609492312,292.8847072994875,16471.35304746156,170,174,15,0,0.031561091000014585,5,7
175,joint,hash,15,15,1.0,3704.892218660032,246.99281457733548,14214.46109330016,134,117,15,0,0.032303275999993275,5,7
176,phased,hash,11,11,1.0,4214.6111916389455,383.14647196717686,15753.055958194727,168,169,11,0,0.022275557999989815,1,7
176,joint,hash,11,11,1.0,3571.183006531322,324.65300059375653,13150.91503265661,151,131,11,0,0.023613271999977314,5,7
177,phased,hash,14,14,1.0,4196.065562303616,299.7189687359726,15540.327811518084,169,173,14,0,0.030953583000041363,4,7
177,joint,hash,14,14,1.0,3447.1803848275263,246.2271703448233,13345.901924137632,120,108,14,0,0.029074978999972245,4,7
178,phased,hash,13,13,1.0,4220.901935105033,324.6847642388487,15674.509675525165,170,171,13,0,0.020305387000007613,4,7
178,joint,hash,13,13,1.0,3549.3083670556944,273.0237205427457,13421.541835278473,136,120,13,0,0.025942212000018117,4,7
179,phased,hash,16,16,1.0,4217.725356341301,263.60783477133134,16098.626781706509,153,153,16,0,0.02988551600003575,5,6
179,joint,hash,16,16,1.0,3535.6874254025925,220.98046408766203,13773.437127012961,119,106,16,0,0.035891215000049215,5,7
180,phased,hash,11,11,1.0,3565.5951414050046,324.1450128550004,12532.975707025023,167,169,11,0,0.02142221700000846,5,7
180,joint,hash,11,11,1.0,3147.1361241355157,286.1032840123196,11725.680620677578,125,122,11,0,0.023902539999994588,5,7
181,phased,hash,14,14,1.0,4167.139481028642,297.6528200734744,15495.697405143212,165,173,14,0,0.025749387000018942,1,7
181,joint,hash,14,14,1.0,3140.513239405159,224.32237424322562,11647.566197025795,125,116,14,0,0.03397981199998412,5,7
182,phased,hash,15,15,1.0,4491.020789764824,299.4013859843216,16890.103948824122,173,173,15,0,0.03382199399999308,5,7
182,joint,hash,15,15,1.0,3752.8653447409956,250.19102298273305,14289.326723704979,140,120,15,0,0.034665625000002365,5,7
183,phased,hash,16,16,1.0,4406.824365682784,275.426522855174,16984.12182841392,155,155,16,0,0.029027398999971865,4,6
183,joint,hash,16,16,1.0,3692.081867444057,230.75511671525356,14435.409337220286,124,105,16,0,0.037947331999987455,4,6
184,phased,hash,12,12,1.0,4185.982942568432,348.83191188070265,15579.914712842161,168,170,12,0,0.024487713999974403,3,7
184,joint,hash,12,12,1.0,3552.881457459355,296.07345478827955,13544.407287296774,133,119,12,0,0.027462517999992997,5,7
185,phased,hash,11,11,1.0,4102.874046163144,372.98854965119494,15169.370230815719,169,169,11,0,0.019057626000005712,3,7
185,joint,hash,11,11,1.0,3479.5280767868526,316.3207342533502,12807.640383934264,148,123,11,0,0.02627052799999774,5,7
186,phased,hash,10,10,1.0,4151.541383019963,415.15413830199634,15512.706915099818,166,169,10,0,0.01748905800002376,3,7
186,joint,hash,10,10,1.0,3158.983246563269,315.8983246563269,11204.916232816344,147,133,10,0,0.019417986999997083,4,7
187,phased,hash,14,14,1.0,4129.845372297889,294.98895516413495,15309.226861489447,165,173,14,0,0.026356534000001375,1,7
187,joint,hash,14,14,1.0,3161.4461193085644,225.81757995061176,12142.230596542822,111,108,14,0,0.02650176399998827,3,7
188,phased,hash,12,12,1.0,4125.482040572253,343.79017004768775,15202.410202861265,171,170,12,0,0.019922241999950074,4,7
188,joint,hash,12,12,1.0,3225.475566315911,268.7896305263259,11657.377831579553,142,124,12,0,0.023097471000028236,4,7
189,phased,hash,12,12,1.0,3879.3599822984806,323.2799985248734,14171.799911492404,163,170,12,0,0.024492161000011947,1,7
189,joint,hash,12,12,1.0,3252.427389993,271.03561583275,11932.136949964999,135,131,12,0,0.03239737500001638,4,7
190,phased,hash,12,12,1.0,4164.858040210569,347.07150335088073,15499.290201052843,167,170,12,0,0.020413216999997985,3,7
190,joint,hash,12,12,1.0,3621.0738085125795,301.75615070938164,13480.369042562897,147,130,12,0,0.02474369200001547,5,7
191,phased,hash,10,10,1.0,3943.597992070762,394.3597992070762,14502.989960353809,165,168,10,0,0.02147620599998845,3,7
191,joint,hash,10,10,1.0,3085.382049614206,308.5382049614206,11041.91024807103,139,132,10,0,0.02139850200001092,4,7
192,phased,hash,15,15,1.0,4223.543844898864,281.5695896599243,15777.719224494322,164,173,15,0,0.02858149000002186,3,7
192,joint,hash,15,15,1.0,3593.005120563963,239.5336747042642,13795.025602819815,128,119,15,0,0.03447856899998669,5,7
193,phased,hash,14,14,1.0,4711.349989582122,336.5249992558659,17921.74994791061,177,172,14,0,0.027553742999998576,5,7
193,joint,hash,14,14,1.0,4209.150036136797,300.6535740097712,16635.750180683986,140,112,14,0,0.0290235929999767,5,7
194,phased,hash,16,16,1.0,4412.889126040382,275.80557037752385,16934.445630201906,158,156,16,0,0.03580632000000605,5,6
194,joint,hash,16,16,1.0,3602.6839811647587,225.16774882279742,14253.419905823794,115,97,16,0,0.03505251600000747,5,5
195,phased,hash,11,11,1.0,3833.3230035377314,348.48390941252103,13871.615017688657,167,169,11,0,0.020812285999966207,5,7
195,joint,hash,11,11,1.0,3233.651681842172,293.96833471292473,12148.25840921086,126,119,11,0,0.02403110000000197,5,7
196,phased,hash,11,11,1.0,3825.4701463177985,347.77001330161806,13762.350731588993,170,168,11,0,0.01875031199995192,3,7
196,joint,hash,11,11,1.0,3576.4092189614958,325.1281108146814,13167.04609480748,150,138,11,0,0.019335886000021674,4,7
197,phased,hash,16,16,1.0,4494.2370356553865,280.88981472846166,17001.185178276934,168,174,16,0,0.027842908999957672,4,7
197,joint,hash,16,16,1.0,3926.5273926346154,245.40796203966346,14877.636963173076,149,126,16,0,0.03278395699999237,5,6
198,phased,hash,12,12,1.0,3999.627582025962,333.3022985021635,14668.13791012981,167,171,12,0,0.023722904999999628,2,7
198,joint,hash,12,12,1.0,2974.519707148075,247.8766422623396,10817.598535740377,126,121,12,0,0.02649567000003117,3,7
199,phased,hash,12,12,1.0,3940.541062826045,328.37842190217043,14252.705314130226,172,170,12,0,0.02803256900000406,4,7
199,joint,hash,12,12,1.0,3318.6769615369913,276.55641346141596,12398.384807684957,131,124,12,0,0.02807012499999928,4,7
