seed,mode,noise,true_sources,cleared,clearance_ratio,virtual_seconds,average_seconds,movement_metres,detects,switches,optical_attempts,failed_clears,local_runtime_seconds,max_center_updates,coverage_points_visited,case_type
10000,joint,hash,11,11,1.0,4541.189976105214,412.83545237320124,17170.949880526066,182,142,11,0,0.023895890999995117,5,7,boundary_1000m_range
10001,joint,hash,13,13,1.0,4630.871641910862,356.2208955316048,17779.35820955431,176,130,13,0,0.031280145999971865,5,7,boundary_1000m_range
10002,joint,hash,16,16,1.0,5312.507083396986,332.0316927123116,20987.53541698493,182,125,16,0,0.03666576900002383,5,7,boundary_1000m_range
10003,joint,hash,12,12,1.0,4989.239553577552,415.76996279812937,19566.197767887763,177,131,12,0,0.027669674000037503,5,7,boundary_1000m_range
10004,joint,hash,12,12,1.0,4578.710820543094,381.5592350452578,17493.554102715472,177,135,12,0,0.027961093999977038,5,7,boundary_1000m_range
10005,joint,hash,12,12,1.0,4842.937062455309,403.57808853794245,18829.685312276546,177,132,12,0,0.029809222999972462,5,7,boundary_1000m_range
10006,joint,hash,12,12,1.0,4426.223828775066,368.8519857312555,16921.11914387533,171,127,12,0,0.028484077000030084,5,7,boundary_1000m_range
10007,joint,hash,11,11,1.0,4292.842938942147,390.25844899474066,16139.214694710738,175,135,11,0,0.02379067499998655,5,7,boundary_1000m_range
10008,joint,hash,13,13,1.0,4633.9949879682745,356.4611529206365,17744.974939841373,177,135,13,0,0.030929427999978998,5,7,boundary_1000m_range
10009,joint,hash,15,15,1.0,5134.335388126741,342.28902587511607,20301.676940633708,175,124,15,0,0.03677104499996631,5,7,boundary_1000m_range
10010,joint,hash,14,14,1.0,4847.769173189428,346.26922665638773,18763.845865947143,179,130,14,0,0.03185666699999956,5,7,boundary_1000m_range
10011,joint,hash,15,15,1.0,5031.030608361283,335.4020405574189,19780.153041806418,176,120,15,0,0.03471853299998884,5,7,boundary_1000m_range
10012,joint,hash,13,13,1.0,4905.547219319617,377.34978610150904,19047.736096598088,180,131,13,0,0.028450295999959963,5,7,boundary_1000m_range
10013,joint,hash,13,13,1.0,4861.451726832404,373.9578251409542,18737.258634162023,183,134,13,0,0.028676500000017313,5,7,boundary_1000m_range
10014,joint,hash,11,11,1.0,4269.212298257888,388.1102089325352,15846.06149128944,180,145,11,0,0.027423470000030647,5,7,boundary_1000m_range
10015,joint,hash,16,16,1.0,5398.94649040111,337.4341556500694,21339.73245200555,185,126,16,0,0.03834577000003492,5,7,boundary_1000m_range
10016,joint,hash,14,14,1.0,5042.508229966719,360.17915928333707,19837.541149833596,176,125,14,0,0.03246101899998166,5,7,boundary_1000m_range
10017,joint,hash,16,16,1.0,5422.612725863164,338.91329536644776,21393.06362931582,188,124,16,0,0.0545252730000243,5,6,boundary_1000m_range
10018,joint,hash,14,14,1.0,5135.83309162616,366.84522083044004,20489.1654581308,170,118,14,0,0.04392384700003049,5,7,boundary_1000m_range
10019,joint,hash,14,14,1.0,5164.8331181301855,368.91665129501325,20349.16559065093,180,125,14,0,0.04066375099995412,5,7,boundary_1000m_range
10000,joint,smooth,11,11,1.0,4545.1068553405,413.19153230368187,17190.534276702503,182,142,11,0,0.027484839000010197,5,7,boundary_1000m_range
10001,joint,smooth,13,13,1.0,4641.463276888718,357.0356366837475,17807.316384443588,177,130,13,0,0.03708797000001596,5,7,boundary_1000m_range
10002,joint,smooth,16,16,1.0,5359.248879449903,334.95305496561895,21406.244397249517,176,118,16,0,0.040181067999981224,5,7,boundary_1000m_range
10003,joint,smooth,12,12,1.0,4404.831650023593,367.06930416863275,16474.158250117966,181,145,12,0,0.026094255000032263,5,7,boundary_1000m_range
10004,joint,smooth,12,12,1.0,4583.042781056755,381.9202317547296,17490.213905283777,178,135,12,0,0.025447729999996227,5,7,boundary_1000m_range
10005,joint,smooth,12,12,1.0,4798.409722442538,399.8674768702115,18482.04861221269,181,137,12,0,0.0317765660000191,5,7,boundary_1000m_range
10006,joint,smooth,12,12,1.0,4428.385408472768,369.0321173727307,16931.92704236384,171,127,12,0,0.028809525999974994,5,7,boundary_1000m_range
10007,joint,smooth,11,11,1.0,4283.354796762666,389.39589061478785,16116.773983813331,174,135,11,0,0.02576875500000142,5,7,boundary_1000m_range
10008,joint,smooth,13,13,1.0,4634.01745456338,356.46288112026,17745.087272816898,177,135,13,0,0.032754380999961086,5,7,boundary_1000m_range
10009,joint,smooth,15,15,1.0,5130.464849631426,342.0309899754284,20277.32424815713,175,125,15,0,0.03831343100000595,5,7,boundary_1000m_range
10010,joint,smooth,14,14,1.0,4834.550685652739,345.32504897519567,18712.753428263695,178,132,14,0,0.033744332000026134,5,7,boundary_1000m_range
10011,joint,smooth,15,15,1.0,5032.24860177624,335.483240118416,19786.243008881203,176,120,15,0,0.034385989999975664,5,7,boundary_1000m_range
10012,joint,smooth,13,13,1.0,4904.680405110829,377.2831080854484,19043.402025554147,180,131,13,0,0.029582345999983772,5,7,boundary_1000m_range
10013,joint,smooth,13,13,1.0,4857.235109977779,373.6334699982907,18716.175549888892,183,134,13,0,0.03001987300001474,5,7,boundary_1000m_range
10014,joint,smooth,11,11,1.0,4268.192921572507,388.01753832477334,15840.964607862532,180,145,11,0,0.025582307999968634,5,7,boundary_1000m_range
10015,joint,smooth,16,16,1.0,5238.268662861984,327.391791428874,20791.34331430992,176,120,16,0,0.03724170700002105,5,7,boundary_1000m_range
10016,joint,smooth,14,14,1.0,5042.226411285066,360.15902937750474,19836.13205642533,176,125,14,0,0.030846594000024652,5,7,boundary_1000m_range
10017,joint,smooth,16,16,1.0,5608.786505338101,350.5491565836313,22303.932526690507,188,128,16,0,0.0356149550000282,5,7,boundary_1000m_range
10018,joint,smooth,14,14,1.0,5127.399381758412,366.2428129827437,20451.99690879206,170,117,14,0,0.033049166000012065,5,7,boundary_1000m_range
10019,joint,smooth,14,14,1.0,5082.639571468149,363.0456836762964,19928.197857340747,180,127,14,0,0.0326306489999979,5,7,boundary_1000m_range
10000,joint,plus,11,11,1.0,4583.958882111315,416.72353473739224,17699.794410556573,172,129,11,0,0.022130592000053184,5,7,boundary_1000m_range
10001,joint,plus,13,13,1.0,4632.531339779259,356.34856459840455,17762.656698896295,177,130,13,0,0.026278799000010622,5,7,boundary_1000m_range
10002,joint,plus,16,16,1.0,5478.258420250472,342.3911512656545,21971.292101252362,177,119,16,0,0.04187435900001901,5,7,boundary_1000m_range
10003,joint,plus,12,12,1.0,4983.960634752516,415.330052896043,19539.80317376258,177,131,12,0,0.026582126999983302,5,7,boundary_1000m_range
10004,joint,plus,12,12,1.0,4581.703090823211,381.8085909019342,17483.515454116055,178,135,12,0,0.02332583700001578,5,7,boundary_1000m_range
10005,joint,plus,12,12,1.0,4846.78052859505,403.89837738292084,18823.90264297525,178,132,12,0,0.025448370999981762,5,7,boundary_1000m_range
10006,joint,plus,12,12,1.0,4592.8865267184065,382.74054389320054,17239.432633592034,188,145,12,0,0.03090213500001937,5,7,boundary_1000m_range
10007,joint,plus,11,11,1.0,4295.796049343743,390.5269135767039,16153.980246718715,175,135,11,0,0.03083547700003919,5,7,boundary_1000m_range
10008,joint,plus,13,13,1.0,4636.103832867737,356.6233717590567,17755.519164338686,177,135,13,0,0.0362787060000187,5,7,boundary_1000m_range
10009,joint,plus,15,15,1.0,5128.306323538927,341.8870882359285,20266.531617694636,175,125,15,0,0.03242802900001607,5,7,boundary_1000m_range
10010,joint,plus,14,14,1.0,5381.174987061958,384.369641932997,21115.87493530979,190,138,14,0,0.03337182299998176,5,7,boundary_1000m_range
10011,joint,plus,15,15,1.0,4999.636344941702,333.30908966278014,19588.181724708513,177,122,15,0,0.03273484100003543,5,7,boundary_1000m_range
10012,joint,plus,13,13,1.0,4960.797781967962,381.5998293821509,19213.98890983981,184,133,13,0,0.028279582999971353,5,7,boundary_1000m_range
10013,joint,plus,13,13,1.0,4857.535116797908,373.65654744599294,18717.675583989538,183,134,13,0,0.031690470000000914,5,7,boundary_1000m_range
10014,joint,plus,11,11,1.0,4266.516390164039,387.865126378549,15827.581950820195,180,146,11,0,0.023006526000017402,5,7,boundary_1000m_range
10015,joint,plus,16,16,1.0,5406.434903227676,337.90218145172975,21377.17451613838,185,126,16,0,0.040988260000005994,5,7,boundary_1000m_range
10016,joint,plus,14,14,1.0,5053.322190720729,360.95158505148066,19891.610953603646,176,125,14,0,0.034368514999982835,5,7,boundary_1000m_range
10017,joint,plus,16,16,1.0,5606.382624314352,350.398914019647,22291.91312157176,188,128,16,0,0.034295085999985986,5,7,boundary_1000m_range
10018,joint,plus,14,14,1.0,5136.9398996342225,366.9242785453016,20494.69949817111,170,118,14,0,0.03074981099996421,5,7,boundary_1000m_range
10019,joint,plus,14,14,1.0,5160.191684838819,368.58512034562995,20325.958424194097,180,125,14,0,0.02883109700002251,5,7,boundary_1000m_range
10000,joint,minus,11,11,1.0,4542.253469049059,412.93213354991445,17176.267345245295,182,142,11,0,0.024361446000000342,5,7,boundary_1000m_range
10001,joint,minus,13,13,1.0,4640.836781715063,356.9874447473125,17804.183908575313,177,130,13,0,0.036304393999955664,5,7,boundary_1000m_range
10002,joint,minus,16,16,1.0,5465.058513614655,341.5661571009159,21905.292568073273,177,119,16,0,0.03514270799996666,5,7,boundary_1000m_range
10003,joint,minus,12,12,1.0,4389.688999728982,365.8074166440818,16363.444998644909,182,147,12,0,0.024353383999994094,5,7,boundary_1000m_range
10004,joint,minus,12,12,1.0,4590.148284823373,382.5123570686144,17525.741424116863,178,135,12,0,0.03133000700000821,5,7,boundary_1000m_range
10005,joint,minus,12,12,1.0,4798.917933218012,399.90982776816764,18484.58966609006,181,137,12,0,0.02531064800001559,5,7,boundary_1000m_range
10006,joint,minus,12,12,1.0,4427.520155833904,368.9600129861587,16927.60077916952,171,127,12,0,0.02325000500002261,5,7,boundary_1000m_range
10007,joint,minus,11,11,1.0,4289.3579633939125,389.94163303581024,16121.789816969564,175,135,11,0,0.020660630999998375,5,7,boundary_1000m_range
10008,joint,minus,13,13,1.0,4629.167248714095,356.0897883626227,17720.836243570473,177,135,13,0,0.026892495000026884,5,7,boundary_1000m_range
10009,joint,minus,15,15,1.0,5138.211779144018,342.5474519429345,20316.05889572009,175,125,15,0,0.0369310390000237,5,7,boundary_1000m_range
10010,joint,minus,14,14,1.0,4850.676202255504,346.47687158967886,18773.38101127752,179,131,14,0,0.02631639300000188,5,7,boundary_1000m_range
10011,joint,minus,15,15,1.0,5041.572438842943,336.1048292561962,19807.86219421471,177,120,15,0,0.03989022900003647,5,7,boundary_1000m_range
10012,joint,minus,13,13,1.0,4903.5685879918365,377.1975836916797,19037.84293995918,180,131,13,0,0.029325345999950514,5,7,boundary_1000m_range
10013,joint,minus,13,13,1.0,4900.631341022969,376.9716416171514,18943.156705114845,183,132,13,0,0.0323647960000244,5,7,boundary_1000m_range
10014,joint,minus,11,11,1.0,4472.802540061207,406.618412732837,17039.012700306033,174,140,11,0,0.02368690099996229,5,7,boundary_1000m_range
10015,joint,minus,16,16,1.0,5390.990823049246,336.93692644057785,21299.95411524623,185,126,16,0,0.03361052499997186,5,7,boundary_1000m_range
10016,joint,minus,14,14,1.0,5040.566440726159,360.04046005186854,19827.832203630795,176,125,14,0,0.02908187700001008,5,7,boundary_1000m_range
10017,joint,minus,16,16,1.0,5416.99856346804,338.5624102167525,21364.9928173402,188,124,16,0,0.03412129000003006,5,6,boundary_1000m_range
10018,joint,minus,14,14,1.0,5038.963128918418,359.925937779887,19444.81564459209,189,135,14,0,0.03370627599997533,5,7,boundary_1000m_range
10019,joint,minus,14,14,1.0,5116.828335761982,365.48773826871303,19824.14167880991,189,137,14,0,0.033016849000034654,5,7,boundary_1000m_range
10000,joint,alternating,11,11,1.0,4545.06367236527,413.1876065786609,17190.318361826347,182,142,11,0,0.024110645999996905,5,7,boundary_1000m_range
10001,joint,alternating,13,13,1.0,4644.63648128239,357.27972932941464,17828.182406411954,177,129,13,0,0.03166496199997937,5,7,boundary_1000m_range
10002,joint,alternating,16,16,1.0,5366.137733049605,335.3836083156003,21415.688665248024,177,118,16,0,0.035976177999998527,5,7,boundary_1000m_range
10003,joint,alternating,12,12,1.0,4384.06364485155,365.3386370709625,16340.318224257748,182,146,12,0,0.027767686999993657,5,7,boundary_1000m_range
10004,joint,alternating,12,12,1.0,4533.449183357372,377.78743194644767,17232.245916786862,178,137,12,0,0.027900492000014765,5,7,boundary_1000m_range
10005,joint,alternating,12,12,1.0,4802.601924846178,400.21682707051485,18503.00962423089,181,137,12,0,0.025945415999956367,5,7,boundary_1000m_range
10006,joint,alternating,12,12,1.0,4502.747368433357,375.2289473694464,17308.736842166785,171,126,12,0,0.027619937999986632,5,7,boundary_1000m_range
10007,joint,alternating,11,11,1.0,4296.77919017808,390.6162900161891,16158.895950890399,175,135,11,0,0.031117934000008063,5,7,boundary_1000m_range
10008,joint,alternating,13,13,1.0,4627.334671422001,355.94882087861544,17711.67335711,177,135,13,0,0.03409119500003044,5,7,boundary_1000m_range
10009,joint,alternating,15,15,1.0,5171.366433946443,344.7577622630962,20501.832169732214,175,121,15,0,0.03608795399998144,5,7,boundary_1000m_range
10010,joint,alternating,14,14,1.0,4880.286212640989,348.59187233149925,18931.431063204946,179,129,14,0,0.032473045000017464,5,7,boundary_1000m_range
10011,joint,alternating,15,15,1.0,5040.775199018366,336.05167993455774,19803.875995091832,177,120,15,0,0.03760053700000299,5,7,boundary_1000m_range
10012,joint,alternating,13,13,1.0,4910.771012483759,377.7516163449045,19073.855062418792,180,131,13,0,0.02824791500000856,5,7,boundary_1000m_range
10013,joint,alternating,13,13,1.0,4903.70831020405,377.20833155415767,18958.541551020247,183,132,13,0,0.033093291000000136,5,7,boundary_1000m_range
10014,joint,alternating,11,11,1.0,4299.005094405057,390.8186449459143,16010.025472025287,180,142,11,0,0.029151270999989265,5,7,boundary_1000m_range
10015,joint,alternating,16,16,1.0,5397.094930070566,337.3184331294104,21330.47465035283,185,126,16,0,0.04023819200000389,5,7,boundary_1000m_range
10016,joint,alternating,14,14,1.0,5127.221766818585,366.2301262013275,20271.108834092924,176,123,14,0,0.03548222899996745,5,7,boundary_1000m_range
10017,joint,alternating,16,16,1.0,5419.982768591141,338.74892303694634,21379.913842955706,188,124,16,0,0.037650560999964,5,6,boundary_1000m_range
10018,joint,alternating,14,14,1.0,5120.825186774432,365.77322762674515,20409.12593387216,170,119,14,0,0.03372335099999191,5,7,boundary_1000m_range
10019,joint,alternating,14,14,1.0,5114.452896042074,365.3180640030053,19812.26448021037,189,137,14,0,0.0374952220000182,5,7,boundary_1000m_range
20000,joint,plus,10,10,1.0,1884.1713387308573,188.41713387308573,6200.856693654287,100,94,10,0,0.008902277000004233,1,7,strong_signal_and_colocation
