problem,case_id,case_kind,seed,strategy,source_total,cleared_total,all_cleared,cleared_fraction,completion_certified,successful,accepted_exit,interrupted,completion_reason,error,virtual_time_s,mean_time_per_cleared_s,program_runtime_s,measurement_count,failed_clear_count,action_count,movement_m,movement_s,switching_s,detection_s,optical_s,removal_s,trace
3,q3-random-2000,random,2000,baseline_current,11,11,True,1.0,True,True,True,False,coverage_exhausted_and_all_detected_cleared,,4205.319472,382.3017701818182,0.08824539999841363,133,0,146,16876.59736,3375.319472,110.0,665.0,33.0,22.0,
3,q3-random-2000,random,2000,route1123,11,11,True,1.0,True,True,True,False,coverage_exhausted_and_all_detected_cleared,,3317.732343,301.61203118181817,0.11463189999994938,142,0,155,12168.661715,2433.732343,119.0,710.0,33.0,22.0,
3,q3-random-2000,random,2000,route1150,11,11,True,1.0,True,True,True,False,coverage_exhausted_and_all_detected_cleared,,3469.037014,315.3670012727273,0.10188320000088424,149,0,162,12745.18507,2549.037014,120.0,745.0,33.0,22.0,
3,q3-random-2000,random,2000,route1200,11,11,True,1.0,True,True,True,False,coverage_exhausted_and_all_detected_cleared,,3424.493598,311.3175998181818,0.10653870000169263,147,0,160,12577.467990000001,2515.493598,119.0,735.0,33.0,22.0,
3,q3-random-2000,random,2000,route1150_noneg,11,11,True,1.0,True,True,True,False,coverage_exhausted_and_all_detected_cleared,,3469.037014,315.3670012727273,0.10783379999702447,149,0,162,12745.18507,2549.037014,120.0,745.0,33.0,22.0,
3,q3-random-2000,random,2000,route1150_noedge,11,11,True,1.0,True,True,True,False,coverage_exhausted_and_all_detected_cleared,,3482.68494,316.6077218181818,0.1226396999991266,149,0,162,12813.4247,2562.68494,120.0,745.0,33.0,22.0,
3,q3-random-2000,random,2000,route1150_try30,11,11,True,1.0,True,True,True,False,coverage_exhausted_and_all_detected_cleared,,3431.052886,311.91389872727274,0.09883709999849088,142,0,155,12735.26443,2547.052886,119.0,710.0,33.0,22.0,
3,q3-random-2000,random,2000,route1150_try50,11,11,True,1.0,True,True,True,False,coverage_exhausted_and_all_detected_cleared,,3430.279249,311.8435680909091,0.09557029999996303,139,5,157,12731.396245,2546.279249,119.0,695.0,48.0,22.0,
3,q3-random-2000,random,2000,route1150_try100,11,11,True,1.0,True,True,True,False,coverage_exhausted_and_all_detected_cleared,,3445.279249,313.2072044545455,0.09539779999977327,139,10,162,12731.396245,2546.279249,119.0,695.0,63.0,22.0,
3,q3-random-2001,random,2001,baseline_current,11,11,True,1.0,True,True,True,False,coverage_exhausted_and_all_detected_cleared,,4357.816041,396.1650946363636,0.07645179999963148,127,0,140,17819.080205,3563.816041,104.0,635.0,33.0,22.0,
3,q3-random-2001,random,2001,route1123,11,11,True,1.0,True,True,True,False,coverage_exhausted_and_all_detected_cleared,,3753.188296,341.198936,0.120907199998328,141,0,154,14385.94148,2877.188296,116.0,705.0,33.0,22.0,
3,q3-random-2001,random,2001,route1150,11,11,True,1.0,True,True,True,False,coverage_exhausted_and_all_detected_cleared,,3651.834584,331.9849621818182,0.12409990000014659,141,0,154,13884.17292,2776.834584,115.0,705.0,33.0,22.0,
3,q3-random-2001,random,2001,route1200,11,11,True,1.0,True,True,True,False,coverage_exhausted_and_all_detected_cleared,,3665.779654,333.2526958181818,0.10969599999953061,141,0,154,13948.89827,2789.779654,116.0,705.0,33.0,22.0,
3,q3-random-2001,random,2001,route1150_noneg,11,11,True,1.0,True,True,True,False,coverage_exhausted_and_all_detected_cleared,,3602.948055,327.54073227272727,0.09741900000153692,139,0,152,13689.740275,2737.948055,115.0,695.0,33.0,22.0,
3,q3-random-2001,random,2001,route1150_noedge,11,11,True,1.0,True,True,True,False,coverage_exhausted_and_all_detected_cleared,,3663.876009,333.0796371818182,0.11549649999869871,141,0,154,13944.380045,2788.876009,115.0,705.0,33.0,22.0,
3,q3-random-2001,random,2001,route1150_try30,11,11,True,1.0,True,True,True,False,coverage_exhausted_and_all_detected_cleared,,3631.713016,330.15572872727273,0.10489210000014282,138,0,151,13863.56508,2772.713016,114.0,690.0,33.0,22.0,
3,q3-random-2001,random,2001,route1150_try50,11,11,True,1.0,True,True,True,False,coverage_exhausted_and_all_detected_cleared,,3598.825741,327.16597645454544,0.10102059999917401,133,1,147,13809.128705000001,2761.825741,114.0,665.0,36.0,22.0,
3,q3-random-2001,random,2001,route1150_try100,11,11,True,1.0,True,True,True,False,coverage_exhausted_and_all_detected_cleared,,3574.589155,324.96265045454544,0.09380810000220663,129,5,147,13727.945775,2745.589155,114.0,645.0,48.0,22.0,
3,q3-random-2002,random,2002,baseline_current,16,16,True,1.0,True,True,True,False,coverage_exhausted_and_all_detected_cleared,,4738.862671,296.1789169375,0.12281950000033248,123,0,141,19789.313355,3957.862671,86.0,615.0,48.0,32.0,
3,q3-random-2002,random,2002,route1123,16,16,True,1.0,True,True,True,False,source_count_upper_bound_reached,,3688.748803,230.5468001875,0.13641159999679076,128,0,146,14333.744015,2866.748803,102.0,640.0,48.0,32.0,
3,q3-random-2002,random,2002,route1150,16,16,True,1.0,True,True,True,False,source_count_upper_bound_reached,,3458.25172,216.1407325,0.13503359999958775,110,0,128,13731.258600000001,2746.25172,82.0,550.0,48.0,32.0,
3,q3-random-2002,random,2002,route1200,16,16,True,1.0,True,True,True,False,source_count_upper_bound_reached,,3616.156898,226.009806125,0.14156289999664295,128,0,146,13975.784490000002,2795.156898,101.0,640.0,48.0,32.0,
3,q3-random-2002,random,2002,route1150_noneg,16,16,True,1.0,True,True,True,False,source_count_upper_bound_reached,,3458.25172,216.1407325,0.125364499999705,110,0,128,13731.258600000001,2746.25172,82.0,550.0,48.0,32.0,
3,q3-random-2002,random,2002,route1150_noedge,16,16,True,1.0,True,True,True,False,source_count_upper_bound_reached,,3472.361087,217.0225679375,0.13560800000050222,110,0,128,13801.805435000002,2760.361087,82.0,550.0,48.0,32.0,
3,q3-random-2002,random,2002,route1150_try30,16,16,True,1.0,True,True,True,False,source_count_upper_bound_reached,,3415.25172,213.4532325,0.12235629999850062,102,0,120,13731.258600000001,2746.25172,79.0,510.0,48.0,32.0,
3,q3-random-2002,random,2002,route1150_try50,16,16,True,1.0,True,True,True,False,source_count_upper_bound_reached,,3398.201566,212.387597875,0.12751639999987674,99,2,119,13691.00783,2738.201566,79.0,495.0,54.0,32.0,
3,q3-random-2002,random,2002,route1150_try100,16,16,True,1.0,True,True,True,False,source_count_upper_bound_reached,,3369.3076,210.581725,0.11593720000018948,95,4,117,13616.538,2723.3076,79.0,475.0,60.0,32.0,
3,q3-random-2003,random,2003,baseline_current,11,11,True,1.0,True,True,True,False,coverage_exhausted_and_all_detected_cleared,,4404.2761,400.3887363636364,0.08970920000137994,128,0,141,18051.3805,3610.2761,99.0,640.0,33.0,22.0,
3,q3-random-2003,random,2003,route1123,11,11,True,1.0,True,True,True,False,coverage_exhausted_and_all_detected_cleared,,3537.832243,321.621113,0.10682219999944209,126,0,139,13734.161215,2746.832243,106.0,630.0,33.0,22.0,
3,q3-random-2003,random,2003,route1150,11,11,True,1.0,True,True,True,False,coverage_exhausted_and_all_detected_cleared,,3517.994239,319.8176580909091,0.11052980000022217,128,0,141,13584.971195,2716.994239,106.0,640.0,33.0,22.0,
3,q3-random-2003,random,2003,route1200,11,11,True,1.0,True,True,True,False,coverage_exhausted_and_all_detected_cleared,,3656.003945,332.363995,0.11046449999776087,129,0,142,14255.019725,2851.003945,105.0,645.0,33.0,22.0,
3,q3-random-2003,random,2003,route1150_noneg,11,11,True,1.0,True,True,True,False,coverage_exhausted_and_all_detected_cleared,,3517.994239,319.8176580909091,0.10714899999948102,128,0,141,13584.971195,2716.994239,106.0,640.0,33.0,22.0,
3,q3-random-2003,random,2003,route1150_noedge,11,11,True,1.0,True,True,True,False,coverage_exhausted_and_all_detected_cleared,,3526.054682,320.5504256363636,0.12442870000086259,128,0,141,13625.27341,2725.054682,106.0,640.0,33.0,22.0,
3,q3-random-2003,random,2003,route1150_try30,11,11,True,1.0,True,True,True,False,coverage_exhausted_and_all_detected_cleared,,3490.586553,317.3260502727273,0.13988489999974263,123,0,136,13577.932765000001,2715.586553,105.0,615.0,33.0,22.0,
3,q3-random-2003,random,2003,route1150_try50,11,11,True,1.0,True,True,True,False,coverage_exhausted_and_all_detected_cleared,,3461.738556,314.70350509090906,0.0896796999986691,120,1,134,13493.69278,2698.738556,105.0,600.0,36.0,22.0,
3,q3-random-2003,random,2003,route1150_try100,11,11,True,1.0,True,True,True,False,coverage_exhausted_and_all_detected_cleared,,3461.562797,314.687527,0.08895470000061323,118,5,136,13482.813985,2696.562797,105.0,590.0,48.0,22.0,
3,q3-random-2004,random,2004,baseline_current,13,13,True,1.0,True,True,True,False,coverage_exhausted_and_all_detected_cleared,,5026.927841,386.686757,0.10355650000201422,116,0,131,21494.639205,4298.927841,83.0,580.0,39.0,26.0,
3,q3-random-2004,random,2004,route1123,13,13,True,1.0,True,True,True,False,coverage_exhausted_and_all_detected_cleared,,3354.22,258.01692307692304,0.11669889999757288,119,0,134,12991.099999999999,2598.22,96.0,595.0,39.0,26.0,
3,q3-random-2004,random,2004,route1150,13,13,True,1.0,True,True,True,False,coverage_exhausted_and_all_detected_cleared,,3164.184297,243.39879207692306,0.11686120000013034,124,0,139,11860.921484999999,2372.184297,107.0,620.0,39.0,26.0,
3,q3-random-2004,random,2004,route1200,13,13,True,1.0,True,True,True,False,coverage_exhausted_and_all_detected_cleared,,3188.555023,245.2734633076923,0.13457850000122562,123,0,138,12007.775115,2401.555023,107.0,615.0,39.0,26.0,
3,q3-random-2004,random,2004,route1150_noneg,13,13,True,1.0,True,True,True,False,coverage_exhausted_and_all_detected_cleared,,3164.184297,243.39879207692306,0.09876250000161235,124,0,139,11860.921484999999,2372.184297,107.0,620.0,39.0,26.0,
3,q3-random-2004,random,2004,route1150_noedge,13,13,True,1.0,True,True,True,False,coverage_exhausted_and_all_detected_cleared,,3181.099607,244.6999697692308,0.1078678999983822,124,0,139,11945.498035,2389.099607,107.0,620.0,39.0,26.0,
3,q3-random-2004,random,2004,route1150_try30,13,13,True,1.0,True,True,True,False,coverage_exhausted_and_all_detected_cleared,,3136.573547,241.27488823076922,0.10559290000310284,119,0,134,11852.867735,2370.573547,106.0,595.0,39.0,26.0,
3,q3-random-2004,random,2004,route1150_try50,13,13,True,1.0,True,True,True,False,coverage_exhausted_and_all_detected_cleared,,3128.242557,240.63404284615385,0.09892260000196984,117,1,133,11851.212785,2370.242557,105.0,585.0,42.0,26.0,
3,q3-random-2004,random,2004,route1150_try100,13,13,True,1.0,True,True,True,False,coverage_exhausted_and_all_detected_cleared,,3117.355044,239.79654184615384,0.100752399997873,116,1,132,11821.77522,2364.355044,105.0,580.0,42.0,26.0,
3,q3-random-2005,random,2005,baseline_current,15,15,True,1.0,True,True,True,False,coverage_exhausted_and_all_detected_cleared,,5616.314676,374.4209784,0.13088129999960074,129,0,146,24046.57338,4809.314676,87.0,645.0,45.0,30.0,
3,q3-random-2005,random,2005,route1123,15,15,True,1.0,True,True,True,False,coverage_exhausted_and_all_detected_cleared,,3577.127989,238.47519926666666,0.13741599999775644,131,0,148,13705.639945,2741.127989,106.0,655.0,45.0,30.0,
3,q3-random-2005,random,2005,route1150,15,15,True,1.0,True,True,True,False,coverage_exhausted_and_all_detected_cleared,,3525.173553,235.0115702,0.13524479999978212,130,0,147,13465.867765,2693.173553,107.0,650.0,45.0,30.0,
3,q3-random-2005,random,2005,route1200,15,15,True,1.0,True,True,True,False,coverage_exhausted_and_all_detected_cleared,,3659.502812,243.96685413333336,0.14047150000260444,137,0,154,13942.514060000001,2788.502812,111.0,685.0,45.0,30.0,
3,q3-random-2005,random,2005,route1150_noneg,15,15,True,1.0,True,True,True,False,coverage_exhausted_and_all_detected_cleared,,3525.173553,235.0115702,0.13623729999744683,130,0,147,13465.867765,2693.173553,107.0,650.0,45.0,30.0,
3,q3-random-2005,random,2005,route1150_noedge,15,15,True,1.0,True,True,True,False,coverage_exhausted_and_all_detected_cleared,,3533.451474,235.5634316,0.14010509999934584,130,0,147,13507.25737,2701.451474,107.0,650.0,45.0,30.0,
3,q3-random-2005,random,2005,route1150_try30,15,15,True,1.0,True,True,True,False,coverage_exhausted_and_all_detected_cleared,,3486.706964,232.44713093333334,0.12628760000006878,123,0,140,13463.53482,2692.706964,104.0,615.0,45.0,30.0,
3,q3-random-2005,random,2005,route1150_try50,15,15,True,1.0,True,True,True,False,coverage_exhausted_and_all_detected_cleared,,3480.146203,232.00974686666666,0.12861999999950058,121,2,140,13460.731015,2692.146203,102.0,605.0,51.0,30.0,
3,q3-random-2005,random,2005,route1150_try100,15,15,True,1.0,True,True,True,False,coverage_exhausted_and_all_detected_cleared,,3495.146203,233.00974686666666,0.12749099999928148,121,7,145,13460.731015,2692.146203,102.0,605.0,66.0,30.0,
3,q3-random-2006,random,2006,baseline_current,16,16,True,1.0,True,True,True,False,coverage_exhausted_and_all_detected_cleared,,4971.466566,310.716660375,0.13690730000234907,122,0,140,21002.33283,4200.466566,81.0,610.0,48.0,32.0,
3,q3-random-2006,random,2006,route1123,16,16,True,1.0,True,True,True,False,source_count_upper_bound_reached,,3482.209616,217.638101,0.12089740000010352,128,0,146,13271.04808,2654.209616,108.0,640.0,48.0,32.0,
3,q3-random-2006,random,2006,route1150,16,16,True,1.0,True,True,True,False,source_count_upper_bound_reached,,3646.185967,227.8866229375,0.13069069999983185,133,0,151,13965.929834999999,2793.185967,108.0,665.0,48.0,32.0,
3,q3-random-2006,random,2006,route1200,16,16,True,1.0,True,True,True,False,source_count_upper_bound_reached,,3562.165536,222.635346,0.1315619000015431,130,0,148,13620.82768,2724.165536,108.0,650.0,48.0,32.0,
3,q3-random-2006,random,2006,route1150_noneg,16,16,True,1.0,True,True,True,False,source_count_upper_bound_reached,,3646.185967,227.8866229375,0.11439869999958319,133,0,151,13965.929834999999,2793.185967,108.0,665.0,48.0,32.0,
3,q3-random-2006,random,2006,route1150_noedge,16,16,True,1.0,True,True,True,False,source_count_upper_bound_reached,,3655.580083,228.4737551875,0.1306365000018559,133,0,151,14012.900415,2802.580083,108.0,665.0,48.0,32.0,
3,q3-random-2006,random,2006,route1150_try30,16,16,True,1.0,True,True,True,False,source_count_upper_bound_reached,,3612.185967,225.7616229375,0.1231469999984256,127,0,145,13965.929834999999,2793.185967,104.0,635.0,48.0,32.0,
3,q3-random-2006,random,2006,route1150_try50,16,16,True,1.0,True,True,True,False,source_count_upper_bound_reached,,3571.93523,223.245951875,0.12534800000139512,121,1,140,13909.67615,2781.93523,102.0,605.0,51.0,32.0,
3,q3-random-2006,random,2006,route1150_try100,16,16,True,1.0,True,True,True,False,source_count_upper_bound_reached,,3565.179108,222.82369425,0.11521379999976489,119,4,141,13880.89554,2776.179108,102.0,595.0,60.0,32.0,
3,q3-random-2007,random,2007,baseline_current,13,13,True,1.0,True,True,True,False,coverage_exhausted_and_all_detected_cleared,,4282.95641,329.4581853846154,0.10662580000280286,117,0,132,17714.782049999998,3542.95641,90.0,585.0,39.0,26.0,
3,q3-random-2007,random,2007,route1123,13,13,True,1.0,True,True,True,False,coverage_exhausted_and_all_detected_cleared,,3380.738253,260.0567886923077,0.11587189999772818,131,0,146,12743.691265,2548.738253,112.0,655.0,39.0,26.0,
3,q3-random-2007,random,2007,route1150,13,13,True,1.0,True,True,True,False,coverage_exhausted_and_all_detected_cleared,,3297.967249,253.68978838461538,0.10896499999944353,131,0,146,12329.836244999999,2465.967249,112.0,655.0,39.0,26.0,
3,q3-random-2007,random,2007,route1200,13,13,True,1.0,True,True,True,False,coverage_exhausted_and_all_detected_cleared,,3308.429768,254.49459753846153,0.10699409999870113,132,0,147,12357.14884,2471.429768,112.0,660.0,39.0,26.0,
3,q3-random-2007,random,2007,route1150_noneg,13,13,True,1.0,True,True,True,False,coverage_exhausted_and_all_detected_cleared,,3318.274962,255.25192015384616,0.09160840000185999,131,0,146,12431.37481,2486.274962,112.0,655.0,39.0,26.0,
3,q3-random-2007,random,2007,route1150_noedge,13,13,True,1.0,True,True,True,False,coverage_exhausted_and_all_detected_cleared,,3312.133523,254.77950176923076,0.11417140000048676,131,0,146,12400.667615,2480.133523,112.0,655.0,39.0,26.0,
3,q3-random-2007,random,2007,route1150_try30,13,13,True,1.0,True,True,True,False,coverage_exhausted_and_all_detected_cleared,,3268.367779,251.4129060769231,0.10174829999959911,126,0,141,12316.838895,2463.367779,110.0,630.0,39.0,26.0,
3,q3-random-2007,random,2007,route1150_try50,13,13,True,1.0,True,True,True,False,coverage_exhausted_and_all_detected_cleared,,3255.045123,250.38808638461538,0.0981102000005194,122,3,140,12315.225615,2463.045123,108.0,610.0,48.0,26.0,
3,q3-random-2007,random,2007,route1150_try100,13,13,True,1.0,True,True,True,False,coverage_exhausted_and_all_detected_cleared,,3241.641968,249.35707446153845,0.10099049999917042,120,6,141,12253.20984,2450.641968,108.0,600.0,57.0,26.0,
3,q3-random-2008,random,2008,baseline_current,13,13,True,1.0,True,True,True,False,coverage_exhausted_and_all_detected_cleared,,4978.614467,382.97034361538465,0.12442410000221571,116,0,131,21243.072335,4248.614467,85.0,580.0,39.0,26.0,
3,q3-random-2008,random,2008,route1123,13,13,True,1.0,True,True,True,False,coverage_exhausted_and_all_detected_cleared,,3273.902501,251.83865392307692,0.14218819999950938,125,0,140,12374.512505,2474.902501,109.0,625.0,39.0,26.0,
3,q3-random-2008,random,2008,route1150,13,13,True,1.0,True,True,True,False,coverage_exhausted_and_all_detected_cleared,,3222.550138,247.88847215384615,0.12137509999956819,126,0,141,12087.75069,2417.550138,110.0,630.0,39.0,26.0,
3,q3-random-2008,random,2008,route1200,13,13,True,1.0,True,True,True,False,coverage_exhausted_and_all_detected_cleared,,3325.804026,255.83107892307692,0.11227080000026035,127,0,142,12574.020129999999,2514.804026,111.0,635.0,39.0,26.0,
3,q3-random-2008,random,2008,route1150_noneg,13,13,True,1.0,True,True,True,False,coverage_exhausted_and_all_detected_cleared,,3222.550138,247.88847215384615,0.10627370000293013,126,0,141,12087.75069,2417.550138,110.0,630.0,39.0,26.0,
3,q3-random-2008,random,2008,route1150_noedge,13,13,True,1.0,True,True,True,False,coverage_exhausted_and_all_detected_cleared,,3239.466038,249.18969523076925,0.12251910000122734,126,0,141,12172.33019,2434.466038,110.0,630.0,39.0,26.0,
3,q3-random-2008,random,2008,route1150_try30,13,13,True,1.0,True,True,True,False,coverage_exhausted_and_all_detected_cleared,,3181.171814,244.70552415384614,0.12485469999955967,119,0,134,12080.859069999999,2416.171814,105.0,595.0,39.0,26.0,
3,q3-random-2008,random,2008,route1150_try50,13,13,True,1.0,True,True,True,False,coverage_exhausted_and_all_detected_cleared,,3176.692216,244.36093969230768,0.10656860000017332,118,1,134,12073.46108,2414.692216,104.0,590.0,42.0,26.0,
3,q3-random-2008,random,2008,route1150_try100,13,13,True,1.0,True,True,True,False,coverage_exhausted_and_all_detected_cleared,,3182.692216,244.82247815384613,0.10996670000167796,118,3,136,12073.46108,2414.692216,104.0,590.0,48.0,26.0,
3,q3-random-2009,random,2009,baseline_current,16,16,True,1.0,True,True,True,False,coverage_exhausted_and_all_detected_cleared,,5331.482359,333.2176474375,0.1625464999997348,129,0,147,22607.411795,4521.482359,85.0,645.0,48.0,32.0,
3,q3-random-2009,random,2009,route1123,16,16,True,1.0,True,True,True,False,source_count_upper_bound_reached,,3913.308709,244.5817943125,0.15327700000125333,136,0,154,15216.543545,3043.308709,110.0,680.0,48.0,32.0,
3,q3-random-2009,random,2009,route1150,16,16,True,1.0,True,True,True,False,source_count_upper_bound_reached,,4015.869516,250.99184475,0.17551110000204062,133,0,151,15809.347580000001,3161.869516,109.0,665.0,48.0,32.0,
3,q3-random-2009,random,2009,route1200,16,16,True,1.0,True,True,True,False,source_count_upper_bound_reached,,3984.260409,249.0162755625,0.18381829999998445,133,0,151,15656.302045,3131.260409,108.0,665.0,48.0,32.0,
3,q3-random-2009,random,2009,route1150_noneg,16,16,True,1.0,True,True,True,False,source_count_upper_bound_reached,,4015.869516,250.99184475,0.147001100001944,133,0,151,15809.347580000001,3161.869516,109.0,665.0,48.0,32.0,
3,q3-random-2009,random,2009,route1150_noedge,16,16,True,1.0,True,True,True,False,source_count_upper_bound_reached,,4040.63358,252.53959875,0.18819989999974496,133,0,151,15933.1679,3186.63358,109.0,665.0,48.0,32.0,
3,q3-random-2009,random,2009,route1150_try30,16,16,True,1.0,True,True,True,False,source_count_upper_bound_reached,,3966.511919,247.9069949375,0.1612738999974681,125,0,143,15787.559595,3157.511919,104.0,625.0,48.0,32.0,
3,q3-random-2009,random,2009,route1150_try50,16,16,True,1.0,True,True,True,False,source_count_upper_bound_reached,,3962.106278,247.631642375,0.14148559999739518,123,2,143,15785.53139,3157.106278,104.0,615.0,54.0,32.0,
3,q3-random-2009,random,2009,route1150_try100,16,16,True,1.0,True,True,True,False,source_count_upper_bound_reached,,3947.797597,246.7373498125,0.1393478000027244,121,5,144,15718.987985000002,3143.797597,104.0,605.0,63.0,32.0,
3,q3-random-2010,random,2010,baseline_current,11,11,True,1.0,True,True,True,False,coverage_exhausted_and_all_detected_cleared,,4794.735218,435.8850198181818,0.09819490000154474,131,0,144,19933.67609,3986.735218,98.0,655.0,33.0,22.0,
3,q3-random-2010,random,2010,route1123,11,11,True,1.0,True,True,True,False,coverage_exhausted_and_all_detected_cleared,,3435.844329,312.34948445454546,0.10813319999942905,129,0,142,13144.221645,2628.844329,107.0,645.0,33.0,22.0,
3,q3-random-2010,random,2010,route1150,11,11,True,1.0,True,True,True,False,coverage_exhausted_and_all_detected_cleared,,3461.427982,314.6752710909091,0.11669529999926453,130,0,143,13237.139910000002,2647.427982,109.0,650.0,33.0,22.0,
3,q3-random-2010,random,2010,route1200,11,11,True,1.0,True,True,True,False,coverage_exhausted_and_all_detected_cleared,,3675.42978,334.12998,0.11471810000148253,135,0,148,14182.1489,2836.42978,109.0,675.0,33.0,22.0,
3,q3-random-2010,random,2010,route1150_noneg,11,11,True,1.0,True,True,True,False,coverage_exhausted_and_all_detected_cleared,,3461.427982,314.6752710909091,0.09121410000079777,130,0,143,13237.139910000002,2647.427982,109.0,650.0,33.0,22.0,
3,q3-random-2010,random,2010,route1150_noedge,11,11,True,1.0,True,True,True,False,coverage_exhausted_and_all_detected_cleared,,3467.700229,315.2454753636364,0.11395519999859971,130,0,143,13268.501145,2653.700229,109.0,650.0,33.0,22.0,
3,q3-random-2010,random,2010,route1150_try30,11,11,True,1.0,True,True,True,False,coverage_exhausted_and_all_detected_cleared,,3443.427982,313.0389074545455,0.11018759999933536,127,0,140,13237.139910000002,2647.427982,106.0,635.0,33.0,22.0,
3,q3-random-2010,random,2010,route1150_try50,11,11,True,1.0,True,True,True,False,coverage_exhausted_and_all_detected_cleared,,3430.491274,311.8628430909091,0.11271380000107456,124,1,138,13232.45637,2646.491274,106.0,620.0,36.0,22.0,
3,q3-random-2010,random,2010,route1150_try100,11,11,True,1.0,True,True,True,False,coverage_exhausted_and_all_detected_cleared,,3431.669077,311.96991609090907,0.10529509999832953,122,5,140,13228.345385,2645.669077,106.0,610.0,48.0,22.0,
3,q3-random-2011,random,2011,baseline_current,11,11,True,1.0,True,True,True,False,coverage_exhausted_and_all_detected_cleared,,5098.058711,463.45988281818177,0.11436790000152541,133,0,146,21405.293554999997,4281.058711,97.0,665.0,33.0,22.0,
3,q3-random-2011,random,2011,route1123,11,11,True,1.0,True,True,True,False,coverage_exhausted_and_all_detected_cleared,,3214.975144,292.27046763636366,0.10588740000093821,133,0,146,11879.87572,2375.975144,119.0,665.0,33.0,22.0,
3,q3-random-2011,random,2011,route1150,11,11,True,1.0,True,True,True,False,coverage_exhausted_and_all_detected_cleared,,3194.27782,290.3888927272727,0.09455259999958798,134,0,147,11741.389099999999,2348.27782,121.0,670.0,33.0,22.0,
3,q3-random-2011,random,2011,route1200,11,11,True,1.0,True,True,True,False,coverage_exhausted_and_all_detected_cleared,,3291.347793,299.2134357272727,0.10581470000033733,137,0,150,12156.738965,2431.347793,120.0,685.0,33.0,22.0,
3,q3-random-2011,random,2011,route1150_noneg,11,11,True,1.0,True,True,True,False,coverage_exhausted_and_all_detected_cleared,,3268.539913,297.1399920909091,0.08461940000051982,134,0,147,12112.699565,2422.539913,121.0,670.0,33.0,22.0,
3,q3-random-2011,random,2011,route1150_noedge,11,11,True,1.0,True,True,True,False,coverage_exhausted_and_all_detected_cleared,,3208.509535,291.682685,0.09874479999780306,134,0,147,11812.547675000002,2362.509535,121.0,670.0,33.0,22.0,
3,q3-random-2011,random,2011,route1150_try30,11,11,True,1.0,True,True,True,False,coverage_exhausted_and_all_detected_cleared,,3166.954826,287.9049841818182,0.09412990000055288,129,1,143,11734.774130000002,2346.954826,117.0,645.0,36.0,22.0,
3,q3-random-2011,random,2011,route1150_try50,11,11,True,1.0,True,True,True,False,coverage_exhausted_and_all_detected_cleared,,3153.113712,286.64670109090906,0.08588020000024699,126,2,141,11730.56856,2346.113712,116.0,630.0,39.0,22.0,
3,q3-random-2011,random,2011,route1150_try100,11,11,True,1.0,True,True,True,False,coverage_exhausted_and_all_detected_cleared,,3159.113712,287.1921556363636,0.08832379999876139,126,4,143,11730.56856,2346.113712,116.0,630.0,45.0,22.0,
3,q3-random-2012,random,2012,baseline_current,11,11,True,1.0,True,True,True,False,coverage_exhausted_and_all_detected_cleared,,4649.057477,422.64158881818184,0.10417159999997239,124,0,137,19395.287385,3879.057477,95.0,620.0,33.0,22.0,
3,q3-random-2012,random,2012,route1123,11,11,True,1.0,True,True,True,False,coverage_exhausted_and_all_detected_cleared,,3218.632777,292.6029797272727,0.16001730000061798,144,0,157,11598.163884999998,2319.632777,124.0,720.0,33.0,22.0,
3,q3-random-2012,random,2012,route1150,11,11,True,1.0,True,True,True,False,coverage_exhausted_and_all_detected_cleared,,3093.237554,281.203414,0.09758549999969546,140,0,153,11061.187769999999,2212.237554,126.0,700.0,33.0,22.0,
3,q3-random-2012,random,2012,route1200,11,11,True,1.0,True,True,True,False,coverage_exhausted_and_all_detected_cleared,,3148.39538,286.2177618181818,0.125858799998241,140,0,153,11336.9769,2267.39538,126.0,700.0,33.0,22.0,
3,q3-random-2012,random,2012,route1150_noneg,11,11,True,1.0,True,True,True,False,coverage_exhausted_and_all_detected_cleared,,3093.237554,281.203414,0.08408110000164015,140,0,153,11061.187769999999,2212.237554,126.0,700.0,33.0,22.0,
3,q3-random-2012,random,2012,route1150_noedge,11,11,True,1.0,True,True,True,False,coverage_exhausted_and_all_detected_cleared,,3109.245157,282.65865063636363,0.09532920000128797,140,0,153,11141.225784999999,2228.245157,126.0,700.0,33.0,22.0,
3,q3-random-2012,random,2012,route1150_try30,11,11,True,1.0,True,True,True,False,coverage_exhausted_and_all_detected_cleared,,3051.330678,277.393698,0.08725630000117235,133,0,146,11051.65339,2210.330678,121.0,665.0,33.0,22.0,
3,q3-random-2012,random,2012,route1150_try50,11,11,True,1.0,True,True,True,False,coverage_exhausted_and_all_detected_cleared,,3046.330678,276.93915254545453,0.09209950000149547,132,0,145,11051.65339,2210.330678,121.0,660.0,33.0,22.0,
3,q3-random-2012,random,2012,route1150_try100,11,11,True,1.0,True,True,True,False,coverage_exhausted_and_all_detected_cleared,,3053.330678,277.57551618181816,0.0831438999994134,131,4,148,11051.65339,2210.330678,121.0,655.0,45.0,22.0,
3,q3-random-2013,random,2013,baseline_current,13,13,True,1.0,True,True,True,False,coverage_exhausted_and_all_detected_cleared,,5443.601071,418.7385439230769,0.10960740000155056,143,0,158,22793.005355,4558.601071,105.0,715.0,39.0,26.0,
3,q3-random-2013,random,2013,route1123,13,13,True,1.0,True,True,True,False,coverage_exhausted_and_all_detected_cleared,,3316.291576,255.099352,0.11953469999934896,145,0,160,12011.45788,2402.291576,124.0,725.0,39.0,26.0,
3,q3-random-2013,random,2013,route1150,13,13,True,1.0,True,True,True,False,coverage_exhausted_and_all_detected_cleared,,3603.530358,277.1946429230769,0.11644179999711923,139,0,154,13652.65179,2730.530358,113.0,695.0,39.0,26.0,
3,q3-random-2013,random,2013,route1200,13,13,True,1.0,True,True,True,False,coverage_exhausted_and_all_detected_cleared,,3581.744581,275.5188139230769,0.11493609999888577,137,0,152,13598.722904999999,2719.744581,112.0,685.0,39.0,26.0,
3,q3-random-2013,random,2013,route1150_noneg,13,13,True,1.0,True,True,True,False,coverage_exhausted_and_all_detected_cleared,,3324.336178,255.71816753846153,0.10263739999936661,145,0,160,12071.68089,2414.336178,120.0,725.0,39.0,26.0,
3,q3-random-2013,random,2013,route1150_noedge,13,13,True,1.0,True,True,True,False,coverage_exhausted_and_all_detected_cleared,,3621.64406,278.58800461538465,0.11328089999733493,139,0,154,13743.2203,2748.64406,113.0,695.0,39.0,26.0,
3,q3-random-2013,random,2013,route1150_try30,13,13,True,1.0,True,True,True,False,coverage_exhausted_and_all_detected_cleared,,3554.308736,273.4083643076923,0.10882539999875007,131,0,146,13626.543679999999,2725.308736,109.0,655.0,39.0,26.0,
3,q3-random-2013,random,2013,route1150_try50,13,13,True,1.0,True,True,True,False,coverage_exhausted_and_all_detected_cleared,,3553.514742,273.34728784615385,0.10868289999780245,130,2,147,13617.573709999999,2723.514742,109.0,650.0,45.0,26.0,
3,q3-random-2013,random,2013,route1150_try100,13,13,True,1.0,True,True,True,False,coverage_exhausted_and_all_detected_cleared,,3549.514742,273.0395955384615,0.12791030000153114,128,4,147,13617.573709999999,2723.514742,109.0,640.0,51.0,26.0,
3,q3-random-2014,random,2014,baseline_current,10,10,True,1.0,True,True,True,False,coverage_exhausted_and_all_detected_cleared,,4868.296891,486.8296891,0.0929878999995708,132,0,144,20256.484454999998,4051.296891,107.0,660.0,30.0,20.0,
3,q3-random-2014,random,2014,route1123,10,10,True,1.0,True,True,True,False,coverage_exhausted_and_all_detected_cleared,,2929.914292,292.99142919999997,0.07805979999830015,131,0,143,10549.57146,2109.914292,115.0,655.0,30.0,20.0,
3,q3-random-2014,random,2014,route1150,10,10,True,1.0,True,True,True,False,coverage_exhausted_and_all_detected_cleared,,3003.333851,300.3333851,0.12772820000100182,135,0,147,10816.669254999999,2163.333851,115.0,675.0,30.0,20.0,
3,q3-random-2014,random,2014,route1200,10,10,True,1.0,True,True,True,False,coverage_exhausted_and_all_detected_cleared,,3080.739602,308.0739602,0.09587939999983064,137,0,149,11158.69801,2231.739602,114.0,685.0,30.0,20.0,
3,q3-random-2014,random,2014,route1150_noneg,10,10,True,1.0,True,True,True,False,coverage_exhausted_and_all_detected_cleared,,2945.387545,294.5387545,0.06485979999706615,131,0,143,10626.937725,2125.387545,115.0,655.0,30.0,20.0,
3,q3-random-2014,random,2014,route1150_noedge,10,10,True,1.0,True,True,True,False,coverage_exhausted_and_all_detected_cleared,,3059.304627,305.9304627,0.08556420000240905,135,0,147,11101.523135,2220.304627,114.0,675.0,30.0,20.0,
3,q3-random-2014,random,2014,route1150_try30,10,10,True,1.0,True,True,True,False,coverage_exhausted_and_all_detected_cleared,,2993.333851,299.3333851,0.08955860000060056,133,0,145,10816.669254999999,2163.333851,115.0,665.0,30.0,20.0,
3,q3-random-2014,random,2014,route1150_try50,10,10,True,1.0,True,True,True,False,coverage_exhausted_and_all_detected_cleared,,2982.251014,298.22510139999997,0.08675469999798224,130,2,144,10811.25507,2162.251014,114.0,650.0,36.0,20.0,
3,q3-random-2014,random,2014,route1150_try100,10,10,True,1.0,True,True,True,False,coverage_exhausted_and_all_detected_cleared,,2976.126988,297.6126988,0.08335929999884684,128,4,144,10805.63494,2161.126988,113.0,640.0,42.0,20.0,
3,q3-random-2015,random,2015,baseline_current,13,13,True,1.0,True,True,True,False,coverage_exhausted_and_all_detected_cleared,,5449.866886,419.22052969230765,0.11447659999976167,125,0,140,23349.33443,4669.866886,90.0,625.0,39.0,26.0,
3,q3-random-2015,random,2015,route1123,13,13,True,1.0,True,True,True,False,coverage_exhausted_and_all_detected_cleared,,3361.111671,258.54705161538465,0.1241346999995585,142,0,157,12365.558355000001,2473.111671,113.0,710.0,39.0,26.0,
3,q3-random-2015,random,2015,route1150,13,13,True,1.0,True,True,True,False,coverage_exhausted_and_all_detected_cleared,,3321.497134,255.49977953846155,0.10937180000109947,141,0,156,12197.485670000002,2439.497134,112.0,705.0,39.0,26.0,
3,q3-random-2015,random,2015,route1200,13,13,True,1.0,True,True,True,False,coverage_exhausted_and_all_detected_cleared,,3364.916219,258.8397091538462,0.11727460000111023,141,0,156,12404.581095000001,2480.916219,114.0,705.0,39.0,26.0,
3,q3-random-2015,random,2015,route1150_noneg,13,13,True,1.0,True,True,True,False,coverage_exhausted_and_all_detected_cleared,,3275.316716,251.94743969230768,0.09824360000129673,138,0,153,12041.583579999999,2408.316716,112.0,690.0,39.0,26.0,
3,q3-random-2015,random,2015,route1150_noedge,13,13,True,1.0,True,True,True,False,coverage_exhausted_and_all_detected_cleared,,3340.248627,256.9422020769231,0.11551179999878514,141,0,156,12291.243135,2458.248627,112.0,705.0,39.0,26.0,
3,q3-random-2015,random,2015,route1150_try30,13,13,True,1.0,True,True,True,False,coverage_exhausted_and_all_detected_cleared,,3287.458589,252.88142992307692,0.11085200000161421,135,0,150,12182.292945,2436.458589,111.0,675.0,39.0,26.0,
3,q3-random-2015,random,2015,route1150_try50,13,13,True,1.0,True,True,True,False,coverage_exhausted_and_all_detected_cleared,,3271.968441,251.6898800769231,0.11106569999901694,132,0,147,12179.842205,2435.968441,111.0,660.0,39.0,26.0,
3,q3-random-2015,random,2015,route1150_try100,13,13,True,1.0,True,True,True,False,coverage_exhausted_and_all_detected_cleared,,3271.837747,251.6798266923077,0.10763429999860818,129,5,149,12179.188735,2435.837747,111.0,645.0,54.0,26.0,
3,q3-random-2016,random,2016,baseline_current,12,12,True,1.0,True,True,True,False,coverage_exhausted_and_all_detected_cleared,,5372.690074,447.72417283333334,0.0931998999985808,123,0,137,23028.45037,4605.690074,92.0,615.0,36.0,24.0,
3,q3-random-2016,random,2016,route1123,12,12,True,1.0,True,True,True,False,coverage_exhausted_and_all_detected_cleared,,3341.576987,278.4647489166667,0.10920959999930346,128,0,142,12647.884935,2529.576987,112.0,640.0,36.0,24.0,
3,q3-random-2016,random,2016,route1150,12,12,True,1.0,True,True,True,False,coverage_exhausted_and_all_detected_cleared,,3388.290906,282.3575755,0.10844659999929718,132,0,146,12781.45453,2556.290906,112.0,660.0,36.0,24.0,
3,q3-random-2016,random,2016,route1200,12,12,True,1.0,True,True,True,False,coverage_exhausted_and_all_detected_cleared,,3253.371881,271.11432341666665,0.10705699999743956,128,0,142,12201.859405,2440.371881,113.0,640.0,36.0,24.0,
3,q3-random-2016,random,2016,route1150_noneg,12,12,True,1.0,True,True,True,False,coverage_exhausted_and_all_detected_cleared,,3388.290906,282.3575755,0.10512960000050953,132,0,146,12781.45453,2556.290906,112.0,660.0,36.0,24.0,
3,q3-random-2016,random,2016,route1150_noedge,12,12,True,1.0,True,True,True,False,coverage_exhausted_and_all_detected_cleared,,3400.967577,283.41396475,0.1256052999997337,132,0,146,12844.837884999999,2568.967577,112.0,660.0,36.0,24.0,
3,q3-random-2016,random,2016,route1150_try30,12,12,True,1.0,True,True,True,False,coverage_exhausted_and_all_detected_cleared,,3355.046371,279.5871975833333,0.11369390000254498,126,0,140,12775.231855,2555.046371,110.0,630.0,36.0,24.0,
3,q3-random-2016,random,2016,route1150_try50,12,12,True,1.0,True,True,True,False,coverage_exhausted_and_all_detected_cleared,,3341.503894,278.45865783333335,0.09973299999910523,124,1,139,12742.51947,2548.503894,110.0,620.0,39.0,24.0,
3,q3-random-2016,random,2016,route1150_try100,12,12,True,1.0,True,True,True,False,coverage_exhausted_and_all_detected_cleared,,3348.503894,279.04199116666666,0.10096889999840641,123,5,142,12742.51947,2548.503894,110.0,615.0,51.0,24.0,
3,q3-random-2017,random,2017,baseline_current,12,12,True,1.0,True,True,True,False,coverage_exhausted_and_all_detected_cleared,,5067.146588,422.26221566666663,0.10259239999868441,125,0,139,21460.732939999998,4292.146588,90.0,625.0,36.0,24.0,
3,q3-random-2017,random,2017,route1123,12,12,True,1.0,True,True,True,False,coverage_exhausted_and_all_detected_cleared,,3127.27661,260.60638416666666,0.11265389999971376,133,0,147,11411.38305,2282.27661,120.0,665.0,36.0,24.0,
3,q3-random-2017,random,2017,route1150,12,12,True,1.0,True,True,True,False,coverage_exhausted_and_all_detected_cleared,,3197.179741,266.4316450833333,0.11051609999776701,135,0,149,11710.898705,2342.179741,120.0,675.0,36.0,24.0,
3,q3-random-2017,random,2017,route1200,12,12,True,1.0,True,True,True,False,coverage_exhausted_and_all_detected_cleared,,3308.462479,275.70520658333334,0.1258522999996785,140,0,154,12142.312394999999,2428.462479,120.0,700.0,36.0,24.0,
3,q3-random-2017,random,2017,route1150_noneg,12,12,True,1.0,True,True,True,False,coverage_exhausted_and_all_detected_cleared,,3318.290325,276.52419375,0.10620729999936884,138,0,152,12241.451625,2448.290325,120.0,690.0,36.0,24.0,
3,q3-random-2017,random,2017,route1150_noedge,12,12,True,1.0,True,True,True,False,coverage_exhausted_and_all_detected_cleared,,3209.536942,267.46141183333333,0.10523470000043744,135,0,149,11772.684710000001,2354.536942,120.0,675.0,36.0,24.0,
3,q3-random-2017,random,2017,route1150_try30,12,12,True,1.0,True,True,True,False,coverage_exhausted_and_all_detected_cleared,,3166.623431,263.88528591666665,0.10243300000001909,130,0,144,11708.117155,2341.623431,115.0,650.0,36.0,24.0,
3,q3-random-2017,random,2017,route1150_try50,12,12,True,1.0,True,True,True,False,coverage_exhausted_and_all_detected_cleared,,3156.623431,263.05195258333333,0.10423010000158683,128,0,142,11708.117155,2341.623431,115.0,640.0,36.0,24.0,
3,q3-random-2017,random,2017,route1150_try100,12,12,True,1.0,True,True,True,False,coverage_exhausted_and_all_detected_cleared,,3154.623431,262.88528591666665,0.10624710000047344,127,1,142,11708.117155,2341.623431,115.0,635.0,39.0,24.0,
3,q3-random-2018,random,2018,baseline_current,13,13,True,1.0,True,True,True,False,coverage_exhausted_and_all_detected_cleared,,5368.19624,412.9381723076923,0.1176722999989579,129,0,144,22845.981200000002,4569.19624,89.0,645.0,39.0,26.0,
3,q3-random-2018,random,2018,route1123,13,13,True,1.0,True,True,True,False,coverage_exhausted_and_all_detected_cleared,,3206.815015,246.6780780769231,0.11447300000145333,123,0,138,12089.075075,2417.815015,109.0,615.0,39.0,26.0,
3,q3-random-2018,random,2018,route1150,13,13,True,1.0,True,True,True,False,coverage_exhausted_and_all_detected_cleared,,3316.944966,255.14961276923077,0.11622400000123889,127,0,142,12539.72483,2507.944966,109.0,635.0,39.0,26.0,
3,q3-random-2018,random,2018,route1200,13,13,True,1.0,True,True,True,False,coverage_exhausted_and_all_detected_cleared,,3329.088147,256.0837036153846,0.11442319999696338,126,0,141,12625.440735,2525.088147,109.0,630.0,39.0,26.0,
3,q3-random-2018,random,2018,route1150_noneg,13,13,True,1.0,True,True,True,False,coverage_exhausted_and_all_detected_cleared,,3316.944966,255.14961276923077,0.10334430000148132,127,0,142,12539.72483,2507.944966,109.0,635.0,39.0,26.0,
3,q3-random-2018,random,2018,route1150_noedge,13,13,True,1.0,True,True,True,False,coverage_exhausted_and_all_detected_cleared,,3331.971075,256.3054673076923,0.12444619999951101,127,0,142,12614.855375,2522.971075,109.0,635.0,39.0,26.0,
3,q3-random-2018,random,2018,route1150_try30,13,13,True,1.0,True,True,True,False,coverage_exhausted_and_all_detected_cleared,,3292.462721,253.26636315384616,0.13097900000138907,122,1,138,12537.313605,2507.462721,107.0,610.0,42.0,26.0,
3,q3-random-2018,random,2018,route1150_try50,13,13,True,1.0,True,True,True,False,coverage_exhausted_and_all_detected_cleared,,3261.495899,250.88429992307692,0.1146958999997878,117,2,134,12497.479495,2499.495899,106.0,585.0,45.0,26.0,
3,q3-random-2018,random,2018,route1150_try100,13,13,True,1.0,True,True,True,False,coverage_exhausted_and_all_detected_cleared,,3249.692188,249.97632215384616,0.10439410000253702,116,3,134,12448.46094,2489.692188,106.0,580.0,48.0,26.0,
3,q3-random-2019,random,2019,baseline_current,14,14,True,1.0,True,True,True,False,coverage_exhausted_and_all_detected_cleared,,5018.56887,358.469205,0.1235305000009248,125,0,141,21187.84435,4237.56887,86.0,625.0,42.0,28.0,
3,q3-random-2019,random,2019,route1123,14,14,True,1.0,True,True,True,False,coverage_exhausted_and_all_detected_cleared,,3696.583943,264.04171021428573,0.13657610000154818,130,0,146,14347.919715,2869.583943,107.0,650.0,42.0,28.0,
3,q3-random-2019,random,2019,route1150,14,14,True,1.0,True,True,True,False,coverage_exhausted_and_all_detected_cleared,,3645.686829,260.4062020714286,0.13582570000289707,135,0,151,13938.434145000001,2787.686829,113.0,675.0,42.0,28.0,
3,q3-random-2019,random,2019,route1200,14,14,True,1.0,True,True,True,False,coverage_exhausted_and_all_detected_cleared,,3602.650372,257.33216942857143,0.13319919999776175,136,0,152,13703.25186,2740.650372,112.0,680.0,42.0,28.0,
3,q3-random-2019,random,2019,route1150_noneg,14,14,True,1.0,True,True,True,False,coverage_exhausted_and_all_detected_cleared,,3672.366325,262.31188035714285,0.11822200000096927,137,0,153,14026.831624999999,2805.366325,112.0,685.0,42.0,28.0,
3,q3-random-2019,random,2019,route1150_noedge,14,14,True,1.0,True,True,True,False,coverage_exhausted_and_all_detected_cleared,,3665.632871,261.8309193571428,0.1259715000014694,135,0,151,14038.164354999999,2807.632871,113.0,675.0,42.0,28.0,
3,q3-random-2019,random,2019,route1150_try30,14,14,True,1.0,True,True,True,False,coverage_exhausted_and_all_detected_cleared,,3611.655733,257.9754095,0.12461229999826173,129,0,145,13928.278665,2785.655733,111.0,645.0,42.0,28.0,
3,q3-random-2019,random,2019,route1150_try50,14,14,True,1.0,True,True,True,False,coverage_exhausted_and_all_detected_cleared,,3596.94641,256.92474357142856,0.11737770000036107,126,2,144,13914.73205,2782.94641,108.0,630.0,48.0,28.0,
3,q3-random-2019,random,2019,route1150_try100,14,14,True,1.0,True,True,True,False,coverage_exhausted_and_all_detected_cleared,,3605.94641,257.56760071428573,0.1089140000003681,126,5,147,13914.73205,2782.94641,108.0,630.0,57.0,28.0,
3,q3-random-2020,random,2020,baseline_current,13,13,True,1.0,True,True,True,False,coverage_exhausted_and_all_detected_cleared,,5548.26671,426.7897469230769,0.11407469999903697,126,0,141,23836.33355,4767.26671,86.0,630.0,39.0,26.0,
3,q3-random-2020,random,2020,route1123,13,13,True,1.0,True,True,True,False,coverage_exhausted_and_all_detected_cleared,,3361.060354,258.5431041538462,0.1133190000000468,122,0,137,12895.301770000002,2579.060354,107.0,610.0,39.0,26.0,
3,q3-random-2020,random,2020,route1150,13,13,True,1.0,True,True,True,False,coverage_exhausted_and_all_detected_cleared,,3458.53685,266.04129615384613,0.11507580000034068,126,0,141,13282.68425,2656.53685,107.0,630.0,39.0,26.0,
3,q3-random-2020,random,2020,route1200,13,13,True,1.0,True,True,True,False,coverage_exhausted_and_all_detected_cleared,,3470.680335,266.9754103846154,0.12227990000246791,133,0,148,13138.401675000001,2627.680335,113.0,665.0,39.0,26.0,
3,q3-random-2020,random,2020,route1150_noneg,13,13,True,1.0,True,True,True,False,coverage_exhausted_and_all_detected_cleared,,3458.53685,266.04129615384613,0.10141060000023572,126,0,141,13282.68425,2656.53685,107.0,630.0,39.0,26.0,
3,q3-random-2020,random,2020,route1150_noedge,13,13,True,1.0,True,True,True,False,coverage_exhausted_and_all_detected_cleared,,3477.401288,267.4924067692308,0.11726310000085505,126,0,141,13377.006440000001,2675.401288,107.0,630.0,39.0,26.0,
3,q3-random-2020,random,2020,route1150_try30,13,13,True,1.0,True,True,True,False,coverage_exhausted_and_all_detected_cleared,,3436.53685,264.34898846153845,0.11385559999689576,122,0,137,13282.68425,2656.53685,105.0,610.0,39.0,26.0,
3,q3-random-2020,random,2020,route1150_try50,13,13,True,1.0,True,True,True,False,coverage_exhausted_and_all_detected_cleared,,3426.53685,263.5797576923077,0.11056120000284864,119,2,136,13282.68425,2656.53685,104.0,595.0,45.0,26.0,
3,q3-random-2020,random,2020,route1150_try100,13,13,True,1.0,True,True,True,False,coverage_exhausted_and_all_detected_cleared,,3428.942806,263.76483123076923,0.10777589999997872,118,6,139,13259.71403,2651.942806,104.0,590.0,57.0,26.0,
3,q3-random-2021,random,2021,baseline_current,10,10,True,1.0,True,True,True,False,coverage_exhausted_and_all_detected_cleared,,4457.364327,445.7364327,0.08150069999828702,134,0,146,18141.821635,3628.364327,109.0,670.0,30.0,20.0,
3,q3-random-2021,random,2021,route1123,10,10,True,1.0,True,True,True,False,coverage_exhausted_and_all_detected_cleared,,3408.563434,340.8563434,0.09279179999793996,134,0,146,12867.81717,2573.563434,115.0,670.0,30.0,20.0,
3,q3-random-2021,random,2021,route1150,10,10,True,1.0,True,True,True,False,coverage_exhausted_and_all_detected_cleared,,3492.145387,349.2145387,0.0991318999986106,142,0,154,13050.726935,2610.145387,122.0,710.0,30.0,20.0,
3,q3-random-2021,random,2021,route1200,10,10,True,1.0,True,True,True,False,coverage_exhausted_and_all_detected_cleared,,3613.40682,361.340682,0.09005170000091312,145,0,157,13572.0341,2714.40682,124.0,725.0,30.0,20.0,
3,q3-random-2021,random,2021,route1150_noneg,10,10,True,1.0,True,True,True,False,coverage_exhausted_and_all_detected_cleared,,3566.405015,356.64050149999997,0.08818900000187568,143,0,155,13397.025075,2679.405015,122.0,715.0,30.0,20.0,
3,q3-random-2021,random,2021,route1150_noedge,10,10,True,1.0,True,True,True,False,coverage_exhausted_and_all_detected_cleared,,3505.909449,350.5909449,0.09853080000175396,142,0,154,13119.547245000002,2623.909449,122.0,710.0,30.0,20.0,
3,q3-random-2021,random,2021,route1150_try30,10,10,True,1.0,True,True,True,False,coverage_exhausted_and_all_detected_cleared,,3480.98371,348.098371,0.09844289999819011,140,0,152,13044.91855,2608.98371,122.0,700.0,30.0,20.0,
3,q3-random-2021,random,2021,route1150_try50,10,10,True,1.0,True,True,True,False,coverage_exhausted_and_all_detected_cleared,,3452.985196,345.2985196,0.09632979999878444,137,1,150,12964.92598,2592.985196,122.0,685.0,33.0,20.0,
3,q3-random-2021,random,2021,route1150_try100,10,10,True,1.0,True,True,True,False,coverage_exhausted_and_all_detected_cleared,,3467.985196,346.7985196,0.09295139999812818,137,6,155,12964.92598,2592.985196,122.0,685.0,48.0,20.0,
3,q3-random-2022,random,2022,baseline_current,11,11,True,1.0,True,True,True,False,coverage_exhausted_and_all_detected_cleared,,4944.696135,449.51783045454545,0.09245480000026873,120,0,133,21003.480675,4200.696135,89.0,600.0,33.0,22.0,
3,q3-random-2022,random,2022,route1123,11,11,True,1.0,True,True,True,False,coverage_exhausted_and_all_detected_cleared,,3073.506717,279.40970154545454,0.10533179999765707,127,0,140,11367.533585000001,2273.506717,110.0,635.0,33.0,22.0,
3,q3-random-2022,random,2022,route1150,11,11,True,1.0,True,True,True,False,coverage_exhausted_and_all_detected_cleared,,3108.306468,282.5733152727273,0.10071319999769912,128,0,141,11501.532340000002,2300.306468,113.0,640.0,33.0,22.0,
3,q3-random-2022,random,2022,route1200,11,11,True,1.0,True,True,True,False,coverage_exhausted_and_all_detected_cleared,,3138.789723,285.34452027272727,0.09756279999783146,128,0,141,11648.948615,2329.789723,114.0,640.0,33.0,22.0,
3,q3-random-2022,random,2022,route1150_noneg,11,11,True,1.0,True,True,True,False,coverage_exhausted_and_all_detected_cleared,,3108.306468,282.5733152727273,0.0869276000012178,128,0,141,11501.532340000002,2300.306468,113.0,640.0,33.0,22.0,
3,q3-random-2022,random,2022,route1150_noedge,11,11,True,1.0,True,True,True,False,coverage_exhausted_and_all_detected_cleared,,3122.750573,283.8864157272727,0.11389730000155396,128,0,141,11573.752864999999,2314.750573,113.0,640.0,33.0,22.0,
3,q3-random-2022,random,2022,route1150_try30,11,11,True,1.0,True,True,True,False,coverage_exhausted_and_all_detected_cleared,,3076.964434,279.72403945454545,0.0887066000032064,123,0,136,11494.82217,2298.964434,108.0,615.0,33.0,22.0,
3,q3-random-2022,random,2022,route1150_try50,11,11,True,1.0,True,True,True,False,coverage_exhausted_and_all_detected_cleared,,3071.964434,279.269494,0.08901399999740534,122,0,135,11494.82217,2298.964434,108.0,610.0,33.0,22.0,
3,q3-random-2022,random,2022,route1150_try100,11,11,True,1.0,True,True,True,False,coverage_exhausted_and_all_detected_cleared,,3055.722609,277.7929644545454,0.09139479999794275,120,1,134,11448.613045,2289.722609,108.0,600.0,36.0,22.0,
3,q3-random-2023,random,2023,baseline_current,14,14,True,1.0,True,True,True,False,coverage_exhausted_and_all_detected_cleared,,5045.992132,360.42800942857144,0.12089259999993374,123,0,139,21379.96066,4275.992132,85.0,615.0,42.0,28.0,
3,q3-random-2023,random,2023,route1123,14,14,True,1.0,True,True,True,False,coverage_exhausted_and_all_detected_cleared,,3704.396668,264.599762,0.12098790000163717,128,0,144,14456.983339999999,2891.396668,103.0,640.0,42.0,28.0,
3,q3-random-2023,random,2023,route1150,14,14,True,1.0,True,True,True,False,coverage_exhausted_and_all_detected_cleared,,3858.780477,275.62717692857143,0.14863580000019283,134,0,150,15073.902385,3014.780477,104.0,670.0,42.0,28.0,
3,q3-random-2023,random,2023,route1200,14,14,True,1.0,True,True,True,False,coverage_exhausted_and_all_detected_cleared,,3825.926791,273.2804850714286,0.12026590000095894,134,0,150,14899.633955,2979.926791,106.0,670.0,42.0,28.0,
3,q3-random-2023,random,2023,route1150_noneg,14,14,True,1.0,True,True,True,False,coverage_exhausted_and_all_detected_cleared,,3858.780477,275.62717692857143,0.11547900000005029,134,0,150,15073.902385,3014.780477,104.0,670.0,42.0,28.0,
3,q3-random-2023,random,2023,route1150_noedge,14,14,True,1.0,True,True,True,False,coverage_exhausted_and_all_detected_cleared,,3877.418977,276.95849835714284,0.1396826999989571,134,0,150,15167.094884999999,3033.418977,104.0,670.0,42.0,28.0,
3,q3-random-2023,random,2023,route1150_try30,14,14,True,1.0,True,True,True,False,coverage_exhausted_and_all_detected_cleared,,3817.302953,272.66449664285716,0.1213201000027766,127,0,143,15056.514765,3011.302953,101.0,635.0,42.0,28.0,
3,q3-random-2023,random,2023,route1150_try50,14,14,True,1.0,True,True,True,False,coverage_exhausted_and_all_detected_cleared,,3813.184333,272.3703095,0.12063299999863375,126,2,144,15030.921665000002,3006.184333,101.0,630.0,48.0,28.0,
3,q3-random-2023,random,2023,route1150_try100,14,14,True,1.0,True,True,True,False,coverage_exhausted_and_all_detected_cleared,,3792.158159,270.86843992857143,0.1185626999977103,121,7,144,14980.790795,2996.158159,100.0,605.0,63.0,28.0,
3,q3-random-2024,random,2024,baseline_current,16,16,True,1.0,True,True,True,False,coverage_exhausted_and_all_detected_cleared,,5303.827888,331.489243,0.11702169999989565,120,0,138,22704.13944,4540.827888,83.0,600.0,48.0,32.0,
3,q3-random-2024,random,2024,route1123,16,16,True,1.0,True,True,True,False,source_count_upper_bound_reached,,3572.831826,223.301989125,0.12264309999955003,129,0,147,13689.15913,2737.831826,110.0,645.0,48.0,32.0,
3,q3-random-2024,random,2024,route1150,16,16,True,1.0,True,True,True,False,source_count_upper_bound_reached,,3909.699396,244.35621225,0.1279149999973015,132,0,150,15288.49698,3057.699396,112.0,660.0,48.0,32.0,
3,q3-random-2024,random,2024,route1200,16,16,True,1.0,True,True,True,False,source_count_upper_bound_reached,,3841.137269,240.0710793125,0.12450990000070306,128,0,146,15045.686344999998,3009.137269,112.0,640.0,48.0,32.0,
3,q3-random-2024,random,2024,route1150_noneg,16,16,True,1.0,True,True,True,False,source_count_upper_bound_reached,,3909.699396,244.35621225,0.11878080000315094,132,0,150,15288.49698,3057.699396,112.0,660.0,48.0,32.0,
3,q3-random-2024,random,2024,route1150_noedge,16,16,True,1.0,True,True,True,False,source_count_upper_bound_reached,,3929.769458,245.610591125,0.13930429999891203,132,0,150,15388.847290000002,3077.769458,112.0,660.0,48.0,32.0,
3,q3-random-2024,random,2024,route1150_try30,16,16,True,1.0,True,True,True,False,source_count_upper_bound_reached,,3881.856136,242.6160085,0.12782309999965946,127,0,145,15284.28068,3056.856136,110.0,635.0,48.0,32.0,
3,q3-random-2024,random,2024,route1150_try50,16,16,True,1.0,True,True,True,False,source_count_upper_bound_reached,,3859.635441,241.2272150625,0.1210148999998637,123,1,142,15273.177205,3054.635441,107.0,615.0,51.0,32.0,
3,q3-random-2024,random,2024,route1150_try100,16,16,True,1.0,True,True,True,False,source_count_upper_bound_reached,,3856.843317,241.0527073125,0.1208373000008578,121,4,143,15264.216584999998,3052.843317,107.0,605.0,60.0,32.0,
3,q3-random-2025,random,2025,baseline_current,10,10,True,1.0,True,True,True,False,coverage_exhausted_and_all_detected_cleared,,4572.977058,457.2977058,0.09220009999989998,123,0,135,19074.88529,3814.977058,93.0,615.0,30.0,20.0,
3,q3-random-2025,random,2025,route1123,10,10,True,1.0,True,True,True,False,coverage_exhausted_and_all_detected_cleared,,3059.620687,305.96206870000003,0.11230559999967227,139,0,151,10983.103435,2196.620687,118.0,695.0,30.0,20.0,
3,q3-random-2025,random,2025,route1150,10,10,True,1.0,True,True,True,False,coverage_exhausted_and_all_detected_cleared,,3096.27774,309.627774,0.09915049999835901,134,0,146,11301.3887,2260.27774,116.0,670.0,30.0,20.0,
3,q3-random-2025,random,2025,route1200,10,10,True,1.0,True,True,True,False,coverage_exhausted_and_all_detected_cleared,,3134.217741,313.4217741,0.10876210000060382,138,0,150,11386.088705,2277.217741,117.0,690.0,30.0,20.0,
3,q3-random-2025,random,2025,route1150_noneg,10,10,True,1.0,True,True,True,False,coverage_exhausted_and_all_detected_cleared,,3096.27774,309.627774,0.08782179999980144,134,0,146,11301.3887,2260.27774,116.0,670.0,30.0,20.0,
3,q3-random-2025,random,2025,route1150_noedge,10,10,True,1.0,True,True,True,False,coverage_exhausted_and_all_detected_cleared,,3110.828151,311.0828151,0.10309640000195941,134,0,146,11374.140755,2274.828151,116.0,670.0,30.0,20.0,
3,q3-random-2025,random,2025,route1150_try30,10,10,True,1.0,True,True,True,False,coverage_exhausted_and_all_detected_cleared,,3073.880729,307.3880729,0.10309119999874383,130,0,142,11294.403645,2258.880729,115.0,650.0,30.0,20.0,
3,q3-random-2025,random,2025,route1150_try50,10,10,True,1.0,True,True,True,False,coverage_exhausted_and_all_detected_cleared,,3072.933084,307.2933084,0.10503099999914411,129,2,143,11289.66542,2257.933084,114.0,645.0,36.0,20.0,
3,q3-random-2025,random,2025,route1150_try100,10,10,True,1.0,True,True,True,False,coverage_exhausted_and_all_detected_cleared,,3059.244081,305.9244081,0.09452070000043022,126,3,141,11281.220405,2256.244081,114.0,630.0,39.0,20.0,
3,q3-random-2026,random,2026,baseline_current,13,13,True,1.0,True,True,True,False,coverage_exhausted_and_all_detected_cleared,,5205.772995,400.44407653846156,0.1208076999973855,125,0,140,22158.864975,4431.772995,84.0,625.0,39.0,26.0,
3,q3-random-2026,random,2026,route1123,13,13,True,1.0,True,True,True,False,coverage_exhausted_and_all_detected_cleared,,3140.069347,241.54379592307694,0.10979979999683565,124,0,139,11755.346735000001,2351.069347,104.0,620.0,39.0,26.0,
3,q3-random-2026,random,2026,route1150,13,13,True,1.0,True,True,True,False,coverage_exhausted_and_all_detected_cleared,,3161.807547,243.21596515384616,0.11786379999830388,126,0,141,11804.037735,2360.807547,106.0,630.0,39.0,26.0,
3,q3-random-2026,random,2026,route1200,13,13,True,1.0,True,True,True,False,coverage_exhausted_and_all_detected_cleared,,3291.773763,253.2133663846154,0.1215358000008564,128,0,143,12393.868815000002,2478.773763,108.0,640.0,39.0,26.0,
3,q3-random-2026,random,2026,route1150_noneg,13,13,True,1.0,True,True,True,False,coverage_exhausted_and_all_detected_cleared,,3176.631609,244.3562776153846,0.1074068999987503,127,0,142,11853.158045,2370.631609,106.0,635.0,39.0,26.0,
3,q3-random-2026,random,2026,route1150_noedge,13,13,True,1.0,True,True,True,False,coverage_exhausted_and_all_detected_cleared,,3176.142906,244.3186850769231,0.12158840000120108,126,0,141,11875.714530000001,2375.142906,106.0,630.0,39.0,26.0,
3,q3-random-2026,random,2026,route1150_try30,13,13,True,1.0,True,True,True,False,coverage_exhausted_and_all_detected_cleared,,3133.807547,241.062119,0.1184170999986236,121,0,136,11804.037735,2360.807547,103.0,605.0,39.0,26.0,
3,q3-random-2026,random,2026,route1150_try50,13,13,True,1.0,True,True,True,False,coverage_exhausted_and_all_detected_cleared,,3120.618099,240.04754607692306,0.10729800000262912,118,1,134,11798.090494999999,2359.618099,103.0,590.0,42.0,26.0,
3,q3-random-2026,random,2026,route1150_try100,13,13,True,1.0,True,True,True,False,coverage_exhausted_and_all_detected_cleared,,3120.855353,240.06579638461537,0.10599399999773595,117,4,136,11779.276764999999,2355.855353,103.0,585.0,51.0,26.0,
3,q3-random-2027,random,2027,baseline_current,15,15,True,1.0,True,True,True,False,coverage_exhausted_and_all_detected_cleared,,5385.651881,359.0434587333333,0.13658330000180285,123,0,140,23063.259404999997,4612.651881,83.0,615.0,45.0,30.0,
3,q3-random-2027,random,2027,route1123,15,15,True,1.0,True,True,True,False,coverage_exhausted_and_all_detected_cleared,,3303.835856,220.25572373333335,0.13180579999971087,123,0,140,12544.17928,2508.835856,105.0,615.0,45.0,30.0,
3,q3-random-2027,random,2027,route1150,15,15,True,1.0,True,True,True,False,coverage_exhausted_and_all_detected_cleared,,3299.00807,219.93387133333331,0.13257169999997132,124,0,141,12485.04035,2497.00807,107.0,620.0,45.0,30.0,
3,q3-random-2027,random,2027,route1200,15,15,True,1.0,True,True,True,False,coverage_exhausted_and_all_detected_cleared,,3418.73613,227.915742,0.13068399999974645,128,0,145,12978.680649999998,2595.73613,108.0,640.0,45.0,30.0,
3,q3-random-2027,random,2027,route1150_noneg,15,15,True,1.0,True,True,True,False,coverage_exhausted_and_all_detected_cleared,,3299.00807,219.93387133333331,0.11578910000025644,124,0,141,12485.04035,2497.00807,107.0,620.0,45.0,30.0,
3,q3-random-2027,random,2027,route1150_noedge,15,15,True,1.0,True,True,True,False,coverage_exhausted_and_all_detected_cleared,,3316.357437,221.0904958,0.12793239999882644,124,0,141,12571.787185000001,2514.357437,107.0,620.0,45.0,30.0,
3,q3-random-2027,random,2027,route1150_try30,15,15,True,1.0,True,True,True,False,coverage_exhausted_and_all_detected_cleared,,3264.09861,217.606574,0.12601139999969746,118,0,135,12475.493050000001,2495.09861,104.0,590.0,45.0,30.0,
3,q3-random-2027,random,2027,route1150_try50,15,15,True,1.0,True,True,True,False,coverage_exhausted_and_all_detected_cleared,,3238.066983,215.8711322,0.10758469999927911,114,1,132,12435.334915000001,2487.066983,103.0,570.0,48.0,30.0,
3,q3-random-2027,random,2027,route1150_try100,15,15,True,1.0,True,True,True,False,coverage_exhausted_and_all_detected_cleared,,3231.066983,215.40446553333334,0.10713870000108727,112,2,131,12435.334915000001,2487.066983,103.0,560.0,51.0,30.0,
3,q3-random-2028,random,2028,baseline_current,10,10,True,1.0,True,True,True,False,coverage_exhausted_and_all_detected_cleared,,4533.74768,453.374768,0.0828652999989572,130,0,142,18633.7384,3726.74768,107.0,650.0,30.0,20.0,
3,q3-random-2028,random,2028,route1123,10,10,True,1.0,True,True,True,False,coverage_exhausted_and_all_detected_cleared,,3103.899712,310.3899712,0.10189159999936237,130,0,142,11439.49856,2287.899712,116.0,650.0,30.0,20.0,
3,q3-random-2028,random,2028,route1150,10,10,True,1.0,True,True,True,False,coverage_exhausted_and_all_detected_cleared,,3097.943203,309.7943203,0.09499589999904856,130,0,142,11409.716014999998,2281.943203,116.0,650.0,30.0,20.0,
3,q3-random-2028,random,2028,route1200,10,10,True,1.0,True,True,True,False,coverage_exhausted_and_all_detected_cleared,,3141.877639,314.1877639,0.0904941000007966,132,0,144,11579.388195,2315.877639,116.0,660.0,30.0,20.0,
3,q3-random-2028,random,2028,route1150_noneg,10,10,True,1.0,True,True,True,False,coverage_exhausted_and_all_detected_cleared,,3097.943203,309.7943203,0.068263900000602,130,0,142,11409.716014999998,2281.943203,116.0,650.0,30.0,20.0,
3,q3-random-2028,random,2028,route1150_noedge,10,10,True,1.0,True,True,True,False,coverage_exhausted_and_all_detected_cleared,,3107.111596,310.71115960000003,0.08121630000096047,130,0,142,11455.557980000001,2291.111596,116.0,650.0,30.0,20.0,
3,q3-random-2028,random,2028,route1150_try30,10,10,True,1.0,True,True,True,False,coverage_exhausted_and_all_detected_cleared,,3069.943203,306.99432029999997,0.11399660000097356,125,0,137,11409.716014999998,2281.943203,113.0,625.0,30.0,20.0,
3,q3-random-2028,random,2028,route1150_try50,10,10,True,1.0,True,True,True,False,coverage_exhausted_and_all_detected_cleared,,3063.982556,306.39825559999997,0.0755187000031583,124,2,138,11374.912779999999,2274.982556,113.0,620.0,36.0,20.0,
3,q3-random-2028,random,2028,route1150_try100,10,10,True,1.0,True,True,True,False,coverage_exhausted_and_all_detected_cleared,,3064.982556,306.4982556,0.07348710000223946,123,4,139,11374.912779999999,2274.982556,113.0,615.0,42.0,20.0,
3,q3-random-2029,random,2029,baseline_current,16,16,True,1.0,True,True,True,False,coverage_exhausted_and_all_detected_cleared,,5450.380181,340.6487613125,0.12908389999938663,124,0,142,23346.900905000002,4669.380181,81.0,620.0,48.0,32.0,
3,q3-random-2029,random,2029,route1123,16,16,True,1.0,True,True,True,False,source_count_upper_bound_reached,,3468.821919,216.8013699375,0.14073020000068936,128,0,146,13214.109595,2642.821919,106.0,640.0,48.0,32.0,
3,q3-random-2029,random,2029,route1150,16,16,True,1.0,True,True,True,False,source_count_upper_bound_reached,,3471.547441,216.9717150625,0.1386893000017153,129,0,147,13202.737205000001,2640.547441,106.0,645.0,48.0,32.0,
3,q3-random-2029,random,2029,route1200,16,16,True,1.0,True,True,True,False,source_count_upper_bound_reached,,3607.748791,225.4842994375,0.1510915999970166,133,0,151,13783.743955,2756.748791,106.0,665.0,48.0,32.0,
3,q3-random-2029,random,2029,route1150_noneg,16,16,True,1.0,True,True,True,False,source_count_upper_bound_reached,,3471.547441,216.9717150625,0.12163090000103693,129,0,147,13202.737205000001,2640.547441,106.0,645.0,48.0,32.0,
3,q3-random-2029,random,2029,route1150_noedge,16,16,True,1.0,True,True,True,False,source_count_upper_bound_reached,,3485.694763,217.8559226875,0.14182729999811272,129,0,147,13273.473815,2654.694763,106.0,645.0,48.0,32.0,
3,q3-random-2029,random,2029,route1150_try30,16,16,True,1.0,True,True,True,False,source_count_upper_bound_reached,,3415.532997,213.4708123125,0.13427869999941322,119,0,137,13202.664985,2640.532997,100.0,595.0,48.0,32.0,
3,q3-random-2029,random,2029,route1150_try50,16,16,True,1.0,True,True,True,False,source_count_upper_bound_reached,,3409.374167,213.0858854375,0.12696900000082678,118,1,137,13191.870835,2638.374167,98.0,590.0,51.0,32.0,
3,q3-random-2029,random,2029,route1150_try100,16,16,True,1.0,True,True,True,False,source_count_upper_bound_reached,,3408.374167,213.0233854375,0.12411319999955595,116,4,138,13191.870835,2638.374167,98.0,580.0,60.0,32.0,
3,q3-hard-boundary_outward,hard,200000,baseline_current,12,12,True,1.0,True,True,True,False,coverage_exhausted_and_all_detected_cleared,,3794.891265,316.24093875,0.12303780000002007,153,0,167,14274.456325000001,2854.891265,115.0,765.0,36.0,24.0,
3,q3-hard-boundary_outward,hard,200000,route1123,12,12,True,1.0,True,True,True,False,coverage_exhausted_and_all_detected_cleared,,4424.25474,368.687895,0.1614484000019729,165,0,179,17121.273699999998,3424.25474,115.0,825.0,36.0,24.0,
3,q3-hard-boundary_outward,hard,200000,route1150,12,12,True,1.0,True,True,True,False,coverage_exhausted_and_all_detected_cleared,,4371.749963,364.3124969166667,0.16090020000046934,165,0,179,16858.749815000003,3371.749963,115.0,825.0,36.0,24.0,
3,q3-hard-boundary_outward,hard,200000,route1200,12,12,True,1.0,True,True,True,False,coverage_exhausted_and_all_detected_cleared,,4246.816861,353.9014050833334,0.15639670000018668,159,0,173,16384.084305,3276.816861,115.0,795.0,36.0,24.0,
3,q3-hard-boundary_outward,hard,200000,route1150_noneg,12,12,True,1.0,True,True,True,False,coverage_exhausted_and_all_detected_cleared,,4371.749963,364.3124969166667,0.15013270000054035,165,0,179,16858.749815000003,3371.749963,115.0,825.0,36.0,24.0,
3,q3-hard-boundary_outward,hard,200000,route1150_noedge,12,12,True,1.0,True,True,True,False,coverage_exhausted_and_all_detected_cleared,,4399.086517,366.59054308333333,0.1695663999998942,165,0,179,16995.432585000002,3399.086517,115.0,825.0,36.0,24.0,
3,q3-hard-boundary_outward,hard,200000,route1150_try30,12,12,True,1.0,True,True,True,False,coverage_exhausted_and_all_detected_cleared,,4398.749963,366.5624969166667,0.1665227000012237,165,9,188,16858.749815000003,3371.749963,115.0,825.0,63.0,24.0,
3,q3-hard-boundary_outward,hard,200000,route1150_try50,12,12,True,1.0,True,True,True,False,coverage_exhausted_and_all_detected_cleared,,4425.749963,368.8124969166667,0.20381489999999758,165,18,197,16858.749815000003,3371.749963,115.0,825.0,90.0,24.0,
3,q3-hard-boundary_outward,hard,200000,route1150_try100,12,12,True,1.0,True,True,True,False,coverage_exhausted_and_all_detected_cleared,,4461.749963,371.8124969166667,0.18144499999834807,165,30,209,16858.749815000003,3371.749963,115.0,825.0,126.0,24.0,
3,q3-hard-minimum_radius,hard,200001,baseline_current,14,14,True,1.0,True,True,True,False,coverage_exhausted_and_all_detected_cleared,,5144.103731,367.4359807857143,0.16393869999956223,140,0,156,21350.518655,4270.103731,104.0,700.0,42.0,28.0,
3,q3-hard-minimum_radius,hard,200001,route1123,14,14,True,1.0,True,True,True,False,coverage_exhausted_and_all_detected_cleared,,3692.113643,263.7224030714286,0.14632950000304845,143,0,159,13950.568215000001,2790.113643,117.0,715.0,42.0,28.0,
3,q3-hard-minimum_radius,hard,200001,route1150,14,14,True,1.0,True,True,True,False,coverage_exhausted_and_all_detected_cleared,,3830.163931,273.58313792857143,0.12480990000040038,145,0,161,14590.819655,2918.163931,117.0,725.0,42.0,28.0,
3,q3-hard-minimum_radius,hard,200001,route1200,14,14,True,1.0,True,True,True,False,coverage_exhausted_and_all_detected_cleared,,3778.79516,269.91394,0.11891400000240537,141,0,157,14433.9758,2886.79516,117.0,705.0,42.0,28.0,
3,q3-hard-minimum_radius,hard,200001,route1150_noneg,14,14,True,1.0,True,True,True,False,coverage_exhausted_and_all_detected_cleared,,3816.614486,272.6153204285714,0.10577670000202488,142,0,158,14598.07243,2919.614486,117.0,710.0,42.0,28.0,
3,q3-hard-minimum_radius,hard,200001,route1150_noedge,14,14,True,1.0,True,True,True,False,coverage_exhausted_and_all_detected_cleared,,3844.129102,274.5806501428571,0.12316309999732766,145,0,161,14660.645509999998,2932.129102,117.0,725.0,42.0,28.0,
3,q3-hard-minimum_radius,hard,200001,route1150_try30,14,14,True,1.0,True,True,True,False,coverage_exhausted_and_all_detected_cleared,,3809.163931,272.08313792857143,0.12569059999805177,140,2,158,14590.819655,2918.163931,115.0,700.0,48.0,28.0,
3,q3-hard-minimum_radius,hard,200001,route1150_try50,14,14,True,1.0,True,True,True,False,coverage_exhausted_and_all_detected_cleared,,3798.114396,271.2938854285714,0.11942830000043614,138,3,157,14570.57198,2914.114396,115.0,690.0,51.0,28.0,
3,q3-hard-minimum_radius,hard,200001,route1150_try100,14,14,True,1.0,True,True,True,False,coverage_exhausted_and_all_detected_cleared,,3801.180821,271.51291578571426,0.12017460000060964,137,6,159,14565.904105,2913.180821,115.0,685.0,60.0,28.0,
3,q3-hard-positive_error,hard,200002,baseline_current,14,14,True,1.0,True,True,True,False,coverage_exhausted_and_all_detected_cleared,,4711.319259,336.5228042142857,0.13150889999815263,142,0,158,19136.596295,3827.319259,104.0,710.0,42.0,28.0,
3,q3-hard-positive_error,hard,200002,route1123,14,14,True,1.0,True,True,True,False,coverage_exhausted_and_all_detected_cleared,,3823.58338,273.11309857142857,0.1448915999972087,144,0,160,14607.9169,2921.58338,112.0,720.0,42.0,28.0,
3,q3-hard-positive_error,hard,200002,route1150,14,14,True,1.0,True,True,True,False,coverage_exhausted_and_all_detected_cleared,,3815.753673,272.5538337857143,0.14242689999809954,142,0,158,14618.768365,2923.753673,112.0,710.0,42.0,28.0,
3,q3-hard-positive_error,hard,200002,route1200,14,14,True,1.0,True,True,True,False,coverage_exhausted_and_all_detected_cleared,,3802.489984,271.6064274285714,0.12805260000095586,140,0,156,14602.44992,2920.489984,112.0,700.0,42.0,28.0,
3,q3-hard-positive_error,hard,200002,route1150_noneg,14,14,True,1.0,True,True,True,False,coverage_exhausted_and_all_detected_cleared,,3798.735662,271.3382615714286,0.11992150000151014,141,0,157,14558.67831,2911.735662,112.0,705.0,42.0,28.0,
3,q3-hard-positive_error,hard,200002,route1150_noedge,14,14,True,1.0,True,True,True,False,coverage_exhausted_and_all_detected_cleared,,3835.764205,273.9831575,0.13738119999834453,142,0,158,14718.821025,2943.764205,112.0,710.0,42.0,28.0,
3,q3-hard-positive_error,hard,200002,route1150_try30,14,14,True,1.0,True,True,True,False,coverage_exhausted_and_all_detected_cleared,,3809.366999,272.0976427857143,0.1330085000008694,139,3,158,14616.834995,2923.366999,112.0,695.0,51.0,28.0,
3,q3-hard-positive_error,hard,200002,route1150_try50,14,14,True,1.0,True,True,True,False,coverage_exhausted_and_all_detected_cleared,,3816.366999,272.5976427857143,0.13513240000247606,138,7,161,14616.834995,2923.366999,112.0,690.0,63.0,28.0,
3,q3-hard-positive_error,hard,200002,route1150_try100,14,14,True,1.0,True,True,True,False,coverage_exhausted_and_all_detected_cleared,,3826.172453,273.29803235714286,0.12717929999780608,137,13,166,14600.862265,2920.172453,112.0,685.0,81.0,28.0,
3,q3-hard-negative_error,hard,200003,baseline_current,14,14,True,1.0,True,True,True,False,coverage_exhausted_and_all_detected_cleared,,4691.093277,335.07809121428573,0.11949740000272868,137,0,153,19160.466385,3832.093277,104.0,685.0,42.0,28.0,
3,q3-hard-negative_error,hard,200003,route1123,14,14,True,1.0,True,True,True,False,coverage_exhausted_and_all_detected_cleared,,3681.41576,262.95826857142856,0.12563439999939874,141,0,157,13947.0788,2789.41576,117.0,705.0,42.0,28.0,
3,q3-hard-negative_error,hard,200003,route1150,14,14,True,1.0,True,True,True,False,coverage_exhausted_and_all_detected_cleared,,3761.398494,268.671321,0.13810000000012224,143,0,159,14296.992470000001,2859.398494,117.0,715.0,42.0,28.0,
3,q3-hard-negative_error,hard,200003,route1200,14,14,True,1.0,True,True,True,False,coverage_exhausted_and_all_detected_cleared,,3790.175747,270.72683907142857,0.13288770000144723,146,0,162,14365.878734999998,2873.175747,117.0,730.0,42.0,28.0,
3,q3-hard-negative_error,hard,200003,route1150_noneg,14,14,True,1.0,True,True,True,False,coverage_exhausted_and_all_detected_cleared,,3786.623913,270.4731366428571,0.11657730000297306,143,0,159,14423.119564999999,2884.623913,117.0,715.0,42.0,28.0,
3,q3-hard-negative_error,hard,200003,route1150_noedge,14,14,True,1.0,True,True,True,False,coverage_exhausted_and_all_detected_cleared,,3777.924742,269.8517672857143,0.13346679999813205,143,0,159,14379.62371,2875.924742,117.0,715.0,42.0,28.0,
3,q3-hard-negative_error,hard,200003,route1150_try30,14,14,True,1.0,True,True,True,False,coverage_exhausted_and_all_detected_cleared,,3766.278364,269.0198831428571,0.12396350000199163,141,5,162,14296.391819999999,2859.278364,117.0,705.0,57.0,28.0,
3,q3-hard-negative_error,hard,200003,route1150_try50,14,14,True,1.0,True,True,True,False,coverage_exhausted_and_all_detected_cleared,,3763.904116,268.850294,0.11828410000089207,140,6,162,14294.52058,2858.904116,117.0,700.0,60.0,28.0,
3,q3-hard-negative_error,hard,200003,route1150_try100,14,14,True,1.0,True,True,True,False,coverage_exhausted_and_all_detected_cleared,,3778.904116,269.9217225714286,0.12170859999969252,140,11,167,14294.52058,2858.904116,117.0,700.0,75.0,28.0,
3,q3-hard-alternating_error,hard,200004,baseline_current,14,14,True,1.0,True,True,True,False,coverage_exhausted_and_all_detected_cleared,,4762.596935,340.1854953571428,0.12389260000054492,141,0,157,19417.984675,3883.596935,104.0,705.0,42.0,28.0,
3,q3-hard-alternating_error,hard,200004,route1123,14,14,True,1.0,True,True,True,False,coverage_exhausted_and_all_detected_cleared,,3665.204796,261.8003425714286,0.12839180000082706,146,0,162,13741.02398,2748.204796,117.0,730.0,42.0,28.0,
3,q3-hard-alternating_error,hard,200004,route1150,14,14,True,1.0,True,True,True,False,coverage_exhausted_and_all_detected_cleared,,3478.69812,248.47843714285713,0.117079300001933,138,0,154,13008.490600000001,2601.69812,117.0,690.0,42.0,28.0,
3,q3-hard-alternating_error,hard,200004,route1200,14,14,True,1.0,True,True,True,False,coverage_exhausted_and_all_detected_cleared,,3761.574385,268.68388464285715,0.131010500001139,146,0,162,14222.871925,2844.574385,117.0,730.0,42.0,28.0,
3,q3-hard-alternating_error,hard,200004,route1150_noneg,14,14,True,1.0,True,True,True,False,coverage_exhausted_and_all_detected_cleared,,3503.563738,250.2545527142857,0.10658609999882174,138,0,154,13132.81869,2626.563738,117.0,690.0,42.0,28.0,
3,q3-hard-alternating_error,hard,200004,route1150_noedge,14,14,True,1.0,True,True,True,False,coverage_exhausted_and_all_detected_cleared,,3499.759608,249.98282914285713,0.11904310000318219,138,0,154,13113.79804,2622.759608,117.0,690.0,42.0,28.0,
3,q3-hard-alternating_error,hard,200004,route1150_try30,14,14,True,1.0,True,True,True,False,coverage_exhausted_and_all_detected_cleared,,3463.683152,247.40593942857143,0.10697280000022147,134,3,153,13003.41576,2600.683152,114.0,670.0,51.0,28.0,
3,q3-hard-alternating_error,hard,200004,route1150_try50,14,14,True,1.0,True,True,True,False,coverage_exhausted_and_all_detected_cleared,,3475.683152,248.2630822857143,0.10963599999740836,134,7,157,13003.41576,2600.683152,114.0,670.0,63.0,28.0,
3,q3-hard-alternating_error,hard,200004,route1150_try100,14,14,True,1.0,True,True,True,False,coverage_exhausted_and_all_detected_cleared,,3493.683152,249.54879657142857,0.10667540000213194,134,13,163,13003.41576,2600.683152,114.0,670.0,81.0,28.0,
3,q3-hard-close_targets,hard,200005,baseline_current,14,14,True,1.0,True,True,True,False,coverage_exhausted_and_all_detected_cleared,,3538.030724,252.7164802857143,0.11694709999937913,104,0,120,14420.153620000001,2884.030724,64.0,520.0,42.0,28.0,
3,q3-hard-close_targets,hard,200005,route1123,14,14,True,1.0,True,True,True,False,coverage_exhausted_and_all_detected_cleared,,1999.240583,142.8028987857143,0.09905269999944721,96,0,112,6796.202915,1359.240583,90.0,480.0,42.0,28.0,
3,q3-hard-close_targets,hard,200005,route1150,14,14,True,1.0,True,True,True,False,coverage_exhausted_and_all_detected_cleared,,2295.170388,163.940742,0.11547229999996489,140,0,156,6955.8519400000005,1391.170388,134.0,700.0,42.0,28.0,
3,q3-hard-close_targets,hard,200005,route1200,14,14,True,1.0,True,True,True,False,coverage_exhausted_and_all_detected_cleared,,2363.668981,168.83349864285714,0.11203380000006291,140,0,156,7303.344905,1460.668981,133.0,700.0,42.0,28.0,
3,q3-hard-close_targets,hard,200005,route1150_noneg,14,14,True,1.0,True,True,True,False,coverage_exhausted_and_all_detected_cleared,,2295.170388,163.940742,0.09543929999927059,140,0,156,6955.8519400000005,1391.170388,134.0,700.0,42.0,28.0,
3,q3-hard-close_targets,hard,200005,route1150_noedge,14,14,True,1.0,True,True,True,False,coverage_exhausted_and_all_detected_cleared,,2335.306319,166.8075942142857,0.11266519999844604,140,0,156,7156.531595,1431.306319,134.0,700.0,42.0,28.0,
3,q3-hard-close_targets,hard,200005,route1150_try30,14,14,True,1.0,True,True,True,False,coverage_exhausted_and_all_detected_cleared,,2256.170388,161.15502771428572,0.09104690000094706,131,5,152,6955.8519400000005,1391.170388,125.0,655.0,57.0,28.0,
3,q3-hard-close_targets,hard,200005,route1150_try50,14,14,True,1.0,True,True,True,False,coverage_exhausted_and_all_detected_cleared,,2256.170388,161.15502771428572,0.09162490000016987,131,5,152,6955.8519400000005,1391.170388,125.0,655.0,57.0,28.0,
3,q3-hard-close_targets,hard,200005,route1150_try100,14,14,True,1.0,True,True,True,False,coverage_exhausted_and_all_detected_cleared,,2256.170388,161.15502771428572,0.09185729999808245,131,5,152,6955.8519400000005,1391.170388,125.0,655.0,57.0,28.0,
3,q3-hard-near_parallel,hard,200006,baseline_current,14,14,True,1.0,True,True,True,False,coverage_exhausted_and_all_detected_cleared,,5031.190431,359.3707450714286,0.13765950000015437,155,0,171,20400.952155,4080.190431,106.0,775.0,42.0,28.0,
3,q3-hard-near_parallel,hard,200006,route1123,14,14,True,1.0,True,True,True,False,coverage_exhausted_and_all_detected_cleared,,3399.54848,242.82489142857142,0.12074500000016997,143,0,159,12547.7424,2509.54848,105.0,715.0,42.0,28.0,
3,q3-hard-near_parallel,hard,200006,route1150,14,14,True,1.0,True,True,True,False,coverage_exhausted_and_all_detected_cleared,,3489.378101,249.24129292857143,0.13963999999759835,149,0,165,12846.890505,2569.378101,105.0,745.0,42.0,28.0,
3,q3-hard-near_parallel,hard,200006,route1200,14,14,True,1.0,True,True,True,False,coverage_exhausted_and_all_detected_cleared,,3368.959264,240.63994742857145,0.14185690000158502,132,0,148,12734.796320000001,2546.959264,92.0,660.0,42.0,28.0,
3,q3-hard-near_parallel,hard,200006,route1150_noneg,14,14,True,1.0,True,True,True,False,coverage_exhausted_and_all_detected_cleared,,4842.67046,345.9050328571429,0.15440210000087973,160,0,176,19338.3523,3867.67046,105.0,800.0,42.0,28.0,
3,q3-hard-near_parallel,hard,200006,route1150_noedge,14,14,True,1.0,True,True,True,False,coverage_exhausted_and_all_detected_cleared,,3519.746325,251.4104517857143,0.14527260000249953,149,0,165,12998.731625,2599.746325,105.0,745.0,42.0,28.0,
3,q3-hard-near_parallel,hard,200006,route1150_try30,14,14,True,1.0,True,True,True,False,coverage_exhausted_and_all_detected_cleared,,3491.078832,249.36277371428574,0.14296789999934845,147,4,167,12845.39416,2569.078832,105.0,735.0,54.0,28.0,
3,q3-hard-near_parallel,hard,200006,route1150_try50,14,14,True,1.0,True,True,True,False,coverage_exhausted_and_all_detected_cleared,,3515.078832,251.07705942857143,0.14151789999959874,147,12,175,12845.39416,2569.078832,105.0,735.0,78.0,28.0,
3,q3-hard-near_parallel,hard,200006,route1150_try100,14,14,True,1.0,True,True,True,False,coverage_exhausted_and_all_detected_cleared,,3538.078832,252.71991657142857,0.13781849999941187,145,23,184,12845.39416,2569.078832,105.0,725.0,111.0,28.0,
