路径	字节	SHA-256
00_先看这里.md	964	f63cd5cc1d23e8dba9e3162d4ee5c3dcbcef56d3b5751b4124f760ba229d827a
01_结构化证据索引.md	1921	4cebb5aa5096927439ce9344b9d196538c9a5248eeea22026615ad6ca96404ff
02_正式测试结果.csv	1367	3b9389db3393902692c7ae91195f312cb368fb8324726e22458d355e51369fe1
02_正式测试结果.md	1219	b9ad18a82056cfe2381d8ea5dbc370bec8df3106e2dc20d561a7b268cc282181
03_交付前核对.md	1169	1e503459ba7ebe9234e6e1a2ed4975f8d419564bc524d5230ac0cd9270e3fa32
04_入口自检记录.md	660	180312cd6d01f2c7373b5ff6621bd94a73eefb60be4186ac587c660bd840981a
PACKAGE_STATUS.json	623	69627f82b0a1ea72bf55746135dd895b1f5da41cb53258044bb73d025eaa6c11
外部大文件索引.json	660	01637a64649c528128c3304e116c602bedaae255d9a7c0b591b9598b09d95e32
官方演练/问题3_问题4_各100次/completed.json	128628	aaf12985d9f2b24c2602bba54caac2c0f52a2bdb822c967550f050e2036c27e3
官方演练/问题3_问题4_各100次/expected_versions.json	7921	90738ca495239d574d711c3cbb0d662864c19e52acf52908250fc5c3ae7bc86e
官方演练/问题3_问题4_各100次/independent_audit_summary.json	1562	be1ad9cb8324294187d33e0046215cec8fd19bbee339f0ab670e615877c898ea
官方演练/问题3_问题4_各100次/收录说明.md	269	f55f6b13939b29fb1c9ab70485d53f63e0d7877095a669398e639682b9013784
官方演练/问题3_问题4_各100次/结果说明.md	20335	88522b2ceee73af44d263a2c38b045f33c325f05c8187a3752dab6cdea728fd6
本地实验/问题3_optical_五方法配对/paired2000/metadata.json	989	38fc3113c47ecaf69bfb8dbb8af56eb0b21a6e360f78f90017d2afeb9e0ed354
本地实验/问题3_optical_五方法配对/paired2000/results.jsonl	8915544	00a39bd7a7ab9c23b38c7dc3b011ffd5ca8174dd33f8799613f4504400619891
本地实验/问题3_optical_五方法配对/paired2000/status.json	128	705002838a75d52dd5f8d81de5df550cc1de4b6f4c3c60d3e833ef69e9c8f35a
本地实验/问题3_optical_五方法配对/paired2000/validation.json	325	9e657f9f984f649749bbbdd4e9c5563efd8f24104bf9d2f14bc9ed5e5451cbfa
本地实验/问题3_optical_五方法配对/statistics.json	8617	79c8b2f5f4e8da168f4ac068974f95ef00a34970a041a685da43b2f25466347b
本地实验/问题3_optical_五方法配对/timing50/metadata.json	1061	8423f8834a5c858813cd1eee5834f1554cc684331bd303566299e29976c84eea
本地实验/问题3_optical_五方法配对/timing50/results.jsonl	443641	e45fa32f82b1f3305ee8de4d6ced489c54ab979bd1a8b212a86552f2ed4f7917
本地实验/问题3_optical_五方法配对/timing50/status.json	121	235e0f1eb7cfc802cfb83436e18d9a4da7465c3461f25b17dd6703635dc2760e
本地实验/问题3_optical_五方法配对/timing50/validation.json	319	8c32a7750ffa4855f6592325904559548482741f7ba418728c28dbe59286253f
本地实验/问题3_optical_五方法配对/数据边界.md	531	deb9d5b0fe2e009133fa705c35663104ff605c5850bfbb1ad988991f07da69b5
本地实验/问题3_optical_五方法配对/本地模拟器前五名结果.md	4417	fc17f0f79db4c88bf70a07784047030ef203dd918a16d91c22edfc20b9ce9228
本地实验/问题4_V6_Lite_配对验证/README.md	2985	4fbff853e26f8e342e81a25156870877800d7237f9e72bc151fbfe663d1b23aa
本地实验/问题4_V6_Lite_配对验证/V6_Lite_简化版实测报告.md	6860	64b9dd291087fd15b70ccb28e5a2e609ba57b4548c96e6bc3d10ac0915a617a0
本地实验/问题4_V6_Lite_配对验证/analyze_validation.py	5817	b802b18a8c2d1018c0e695066464a233a1f93f05c1dbe96e785e61b674dccb8e
本地实验/问题4_V6_Lite_配对验证/figures/lite_comparison.png	93972	98246c0f0c87b39e4ced4de930ef547daa11b203488930d0cf4d9ee76d333159
本地实验/问题4_V6_Lite_配对验证/figures/lite_tail_distribution.png	62450	49be31ef80c6fd3dc971404146646d11b22340b9a7f177ac843e9c3aba09bd86
本地实验/问题4_V6_Lite_配对验证/implementation_equivalence.json	711	edab76baffb41048cd6d5281e1e6fb183b149b2062b89798b10b8450c6d1083f
本地实验/问题4_V6_Lite_配对验证/main/execution.json	134	00c043b212708ac0236213744d0fa9a67659d6da9c0226fde5110993fbeb4a68
本地实验/问题4_V6_Lite_配对验证/main/records.jsonl	4543287	1b0da21acca209852b59c1d590ca57987106f5506d32b1d17af2b7dcbc781524
本地实验/问题4_V6_Lite_配对验证/make_figures.py	3036	3949851a59f4626aeaedd29a4b6fd030ce43bbb14516217c9118934ae010e488
本地实验/问题4_V6_Lite_配对验证/make_report.py	9648	57516b7fcb8ebf14d5470f4b38fe1b610ccefc3ab40f1d0a788445782211cbb7
本地实验/问题4_V6_Lite_配对验证/paired_records.csv	1127542	19061aa73e6f47d4c89b07d9d4471a669aaeba8aa77cf74453794a3af94ed160
本地实验/问题4_V6_Lite_配对验证/plan.json	3851280	e85ede23b55519a3f1e57730b298c5c97f265fa3b6a85839cb5c263b8cf3c41b
本地实验/问题4_V6_Lite_配对验证/replay_verification.json	574694	ddfb53b0f531f9953bf0a7181651a86884ed645d14c90e5bf5edcb83bbe849ff
本地实验/问题4_V6_Lite_配对验证/run_lite_local.py	1840	68840e448c6f06c0f3d7c10e6d990fc346d5c49879f7a7649dc6a7f30e033d16
本地实验/问题4_V6_Lite_配对验证/run_validation.py	9077	70f7267116209b22aa1ee23fa987e53415f31119a8da50af73c361999e78e61f
本地实验/问题4_V6_Lite_配对验证/serial/execution.json	132	01a8ff02cd448a572fc088852aee4c3397647c4cb1472e8d7a607d801ad4c58a
本地实验/问题4_V6_Lite_配对验证/serial/records.jsonl	198806	c20f369bf4dfc80e858f0a15512515380e5d8cc3ff5b830690bc724951a4be53
本地实验/问题4_V6_Lite_配对验证/serial/summary.json	612	09f9d93e79e99c0b7157d5f6a2c037afc30417cdf31a5a06d0b4c02fc4b9d260
本地实验/问题4_V6_Lite_配对验证/source_hashes.json	10810	5f3ca00ae9502c44e1e9c36632e4811395bb8dfc2fcc8b4208a6fc44d2ac2455
本地实验/问题4_V6_Lite_配对验证/summary.json	32531	43d36a5e5ec0f88181df545f712a7bbebeb0ee7379a53991f1144629b27a072a
本地实验/问题4_V6_Lite_配对验证/test_lite.py	4023	f746d5fd6c1ce79f0951a2af3aec1acaeac777c7dce55aa9bdd6c9219de6f984
本地实验/问题4_V6_Lite_配对验证/test_results.txt	724	de78ad9e29c68468615f0eec309e66d0c4aa5ed38431cb6033cae4e74b4bc286
本地实验/问题4_V6_Lite_配对验证/数据边界.md	437	dee6b282dde73a9384f885c93b9ac040e43d0b8ba4b18717b733b505b8e80c0f
正式测试/问题3/第1轮/audit_sanitized.json	1925	13ef38df2b2ca188716ae5012db60a1375286e4b5608854f1e1720cd5013949d
正式测试/问题3/第1轮/formal-p3-1-Z6ST-HDB2-SF5J-PGN7.jlog	111522	221ced8c83d68907e676d53ef06386d6391ce8fcc29cf48a37ed91a793a73285
正式测试/问题3/第1轮/result_sanitized.json	12603	7ba817fd6c29388d5d0cc5a4bc3f1e4b3b7b5722932c9f2105cdb6149cfcb0f4
正式测试/问题3/第1轮/运行过程核对.md	14847	30a76d0be97983678d2f1efa7fc423aec4c8e2734a4cd08dc026a000fbd98e44
正式测试/问题3/第1轮/逐步过程.json	57933	760084c77b53b57bceae2b8c7e6d13bd96c820255dee6c309621a62a7289ba58
正式测试/问题3/第2轮/audit_sanitized.json	1891	5b1873df3eb7d55688ef59871dd6d54e84c503ca3df8f9e19935de1bdd86c490
正式测试/问题3/第2轮/formal-p3-2-FN76-V6XC-EA3X-PTN8.jlog	105725	66208ed452ab273351cd254d142a43a87a0f0d2269ef29adbbf010ddaaaa5447
正式测试/问题3/第2轮/result_sanitized.json	12586	05c0187b073f8f7f2ae0f8d0872f7a7b98ad1ebdb778451daf32bc225ebb0856
正式测试/问题3/第2轮/运行过程核对.md	13181	c0b8210b3f29c0596bce8d3283cf23fb89f48deb554d6e4c6d53e03a80174688
正式测试/问题3/第2轮/逐步过程.json	50634	f4b7ab41b7b4c28219b5d540bfb55e3eec90beb8bdd0a0845e8f77f3f33ea72f
正式测试/问题3/第3轮/audit_sanitized.json	2023	13410b450cfc794ccc7e7dab78f1d6d53399c9d1487309e0ccd97f8e59cd06a6
正式测试/问题3/第3轮/formal-p3-3-C2TW-9ZRR-SGVQ-CQDA.jlog	116311	94bcaa2ac146cf94108d8e069b893c3aad1fcc1cbb5c22bf647299c942dd6d77
正式测试/问题3/第3轮/result_sanitized.json	12632	65c902d72931f107a375e1051067e0a2960f86c7a50b9a6414162ff9c5c74748
正式测试/问题3/第3轮/运行过程核对.md	15114	055128587760c6da67a7f927772ed52c592adc00ecb0828eb273811cc9424e3d
正式测试/问题3/第3轮/逐步过程.json	58740	45660a153642071632f43b4f0ccc71eb1abc92ed54612d3548777f24b20a6c84
正式测试/问题4/第1轮/audit_sanitized.json	2112	ca053d488301c9c40cb2fc4b04c5defa8d958a76c83585dd8276dc3d44caf033
正式测试/问题4/第1轮/formal-p4-1-WUE8-Z5DG-6DXB-387N.jlog	136998	1cc97158496611c614a8469f63571c676498777a5886c9423fa148b84ddeb8ed
正式测试/问题4/第1轮/result_sanitized.json	18614	6ecae1710aadb10e1a868abbb77e33ae0868bdbb67c6dfca339f30ee5480d40b
正式测试/问题4/第1轮/运行过程核对.md	27310	e7fa41354a27b5a94bf32b0456f51ff77353bd505b559070ac69d633e8863120
正式测试/问题4/第1轮/逐步过程.json	112496	80292b294d212c840f1c07cdebcf9ddbd9cb3aecd3fc1aef544feb3fb958f5db
正式测试/问题4/第2轮/audit_sanitized.json	2130	f6f31e851255fa080d0d6d87c977f29a77df403c336552e634a58dcaabb02d10
正式测试/问题4/第2轮/formal-p4-2-53EM-93JQ-FT23-ZCBD.jlog	137101	7298653911e10140e0cc76b718c6e8dc113fb241294e5e737c188ee0da9b4c04
正式测试/问题4/第2轮/result_sanitized.json	18675	f975626c9694461e1ab819705ec209e6a6dc187c562aab8d1d7046cb9442f18e
正式测试/问题4/第2轮/运行过程核对.md	26020	27dd17069e4da0d929398b057964185d47f9bba4f097581926f4feedbdc9f0a7
正式测试/问题4/第2轮/逐步过程.json	106442	472cb529bd253d867157ce09bf8e13670f9036556d0f2b0420801e0377b560e6
正式测试/问题4/第3轮/audit_sanitized.json	2142	8a6db2841f952d497feafa646c0d400c1574967b8d1dcd9e8fcf9c98a83fe0d4
正式测试/问题4/第3轮/formal-p4-3-8BDU-U9XS-4FT9-652S.jlog	142433	7c2359a28c2fdb3086016f2c74d2affff29afd76f76524f67790db7559170911
正式测试/问题4/第3轮/result_sanitized.json	18188	cf882f2f6c873f50bdb4df6ef4436fd8759ff30aeeea3cf799cb76992d0ea3e8
正式测试/问题4/第3轮/运行过程核对.md	25480	41673b14e020b42c754882f4a55265998eeb0521ba36aa45fb3be6ae489eda64
正式测试/问题4/第3轮/逐步过程.json	105305	aa3b3f2a4b67350df2674d61208ef938a92748373bdee103771b3352c86caeec
程序源码/问题1_2_几何与选点/README.md	442	adb3418ab66bd3304f4fd31cbe8d724e6de80e2c6a5e2349464f0ed8b6fc148a
程序源码/问题1_2_几何与选点/T02与T03数学模型.md	16258	7162d3f9d8da2474ffc19490b1e79d93efe2ae31525b1472f3f75ccae3e3ab7a
程序源码/问题1_2_几何与选点/pyproject.toml	617	91d412c0cdcb08c369cfe504fe0a79bf863de560d7048f5a591e73258c828472
程序源码/问题1_2_几何与选点/requirements-test.txt	139	9eba27ea1d64ec874574cef983de140cca5d4ee2080fa9f8e4253f0bad14afbc
程序源码/问题1_2_几何与选点/src/geometry/__init__.py	12576	ab863186eed111790cf712c0cd19c741841087144a8fd9ecd37a3c10d33e46fa
程序源码/问题1_2_几何与选点/src/localization/__init__.py	12568	cda7e2f2a45faa60cb7dcef631e54cd384e3f367db96f23f415fc7eb666bb98c
程序源码/问题1_2_几何与选点/src/localization/omni.py	4459	35a999a1533a7c557315f719e2dcea91ffd3e1ec695636b94d374d4aaddc1e3b
程序源码/问题1_2_几何与选点/tests/test_geometry.py	9000	33e31eea1f86f6e6004d475e2e49610c19e736e3ec82116cc19c5598677295ee
程序源码/问题1_2_几何与选点/tests/test_localization.py	7428	80612116af9e7ca0dd8287b224a5f068be75dd90f6cfb9af256896ef32620e13
程序源码/问题1_2_几何与选点/tests/test_omni_localization.py	8863	2129e983af4205f4b72d91164c8e13c159ece17aadab644b3d3d84b15089301c
程序源码/问题3_正式测试_v3_origin20/Q3_Q4_入口说明.md	656	0c5dc50dff2d187024e6fc5e1c3782dcdedaa612a3eab3b03ca624cde112f350
程序源码/问题3_正式测试_v3_origin20/Q3_原点扫描_使用说明.md	2059	3bed3d88100edcabe2853bb8c55b1f8e24b3d579597532e41e87cdaa79a0db17
程序源码/问题3_正式测试_v3_origin20/q3_origin/code/experiments/q3_comparison/vendor/B_Q3_optimized_v3/probe_score.py	5430	b2d1c6b99d67987f45342f147b273a10e60b57bba14ff70076abfd50f35d673a
程序源码/问题3_正式测试_v3_origin20/q3_origin/code/experiments/q3_comparison/vendor/B_Q3_optimized_v3/q3_base.py	22776	bc5f6e1bdb780877fe0cd3f0fcf5e481b96ca4e75324daf512d8becf2c566509
程序源码/问题3_正式测试_v3_origin20/q3_origin/code/experiments/q3_comparison/vendor/B_Q3_optimized_v3/q3_optimized.py	24381	ab357a17f292576e1004c17987511398bbb2c7458060479d19a7f46c950aba4a
程序源码/问题3_正式测试_v3_origin20/q3_origin/code/experiments/q3_comparison/vendor/B_Q3_optimized_v3/q3_v3.py	9873	981df0428ed976a7d7e0f3da112330a1b03566c4d47952a609d9e7169bdde22b
程序源码/问题3_正式测试_v3_origin20/q3_origin/code/experiments/q3_comparison/vendor/B_Q3_optimized_v3/route_search.py	2660	c95d7737249e182ff7cd90e70124273367b50b993fb903ed2d95039b315e08ce
程序源码/问题3_正式测试_v3_origin20/q3_origin/code/experiments/q3_official_practice/runtime.py	4688	1657e66e34e86a0f38c2a168560cac4057b57bd04cfa59e563d8f19f40ad160f
程序源码/问题3_正式测试_v3_origin20/q3_origin/code/src/simulator_client/__init__.py	473	aa5f551dfde62358958cc6d56c7ce986f3ce7937883c4edbb64cf8fb2c7aeee9
程序源码/问题3_正式测试_v3_origin20/q3_origin/code/src/simulator_client/__main__.py	4765	d96fddf1ef8a4a824c8c85cba90e8e3b9ffd38b7fc97f21cdcd630875cd146f3
程序源码/问题3_正式测试_v3_origin20/q3_origin/code/src/simulator_client/client.py	16833	441230d1f2bb231a7a64beaa119306d89b4535ffaf1f4393c8be9c4d08a81577
程序源码/问题3_正式测试_v3_origin20/q3_origin/code/src/simulator_client/errors.py	1109	c1ad261e6e6a99a691c08fec3f4b331036386542c968b45452881c522dce7723
程序源码/问题3_正式测试_v3_origin20/q3_origin/code/src/simulator_client/rules.py	464	9bd7ca6df718aa42a414a94a08f981b519bfa70dc9ceeccb4f1a194aefcc83af
程序源码/问题3_正式测试_v3_origin20/q3_origin/code/src/simulator_client/state.py	2564	7a64a2a871532f76613000994bd850e86148a28f72f415d017fa56553815bb42
程序源码/问题3_正式测试_v3_origin20/q3_origin/source_manifest.json	3048	184b8fd34fa8460d26aee2a0c694fb6e4b76e76172e57bdeecf4696a882c35ca
程序源码/问题3_正式测试_v3_origin20/run_q3_origin.py	5002	093b464e69f44b26cae9979ca72ba0e6f0675187e2771fca5f44c0ad81f1778c
程序源码/问题3_正式测试_v3_origin20/匿名化说明.md	328	a6f31dfe0c2b7a5e6f498d14f104198831c74fbd74ced301798d05744b99c888
程序源码/问题3_论文方法_optical/README.md	6412	5f0e4cc9d3d04accdb8d0892448a92f1500e747b8e766788758fd713ffcbd8eb
程序源码/问题3_论文方法_optical/code/README.md	823	7bc9bb7788076be162540ab963d9d3c1f3ae34a067b6ccdbd6e8b24b88d896c1
程序源码/问题3_论文方法_optical/code/run_optical.py	1448	eefd9f735d512553dc777397eb9cff9281de815d027cc6e5254c0953e0825ca7
程序源码/问题3_论文方法_optical/code/runner.py	9341	f520a4fd23bcc4ee934c730b6aa565462a357a26852d3573d4e90abeb15d5a59
程序源码/问题3_论文方法_optical/code/source_manifest.json	4312	1b8a7d6076ee680209252176f0f411f2280406d13528ed6c58155cad35ed21af
程序源码/问题3_论文方法_optical/code/summarize.py	13366	550c36e91c6bdd592c361932b6fea2133dd975c3be0a499ef0d4e3ea5736c9dc
程序源码/问题3_论文方法_optical/code/vendor/policies/new_methods.py	16948	f8fec2d980670e34379f05c20b97c965aa8b9aca303f1559a27bda931331e0c9
程序源码/问题3_论文方法_optical/code/vendor/policies/optical_experiment.py	4778	6f35e7ffc2a4be4dd82bf4efaaf24e606bcba6816938e0e58042c083cde5f16e
程序源码/问题3_论文方法_optical/code/vendor/policies/probe_score.py	5430	b2d1c6b99d67987f45342f147b273a10e60b57bba14ff70076abfd50f35d673a
程序源码/问题3_论文方法_optical/code/vendor/policies/q3_base.py	22776	bc5f6e1bdb780877fe0cd3f0fcf5e481b96ca4e75324daf512d8becf2c566509
程序源码/问题3_论文方法_optical/code/vendor/policies/q3_optimized.py	24381	ab357a17f292576e1004c17987511398bbb2c7458060479d19a7f46c950aba4a
程序源码/问题3_论文方法_optical/code/vendor/policies/q3_v3.py	9873	981df0428ed976a7d7e0f3da112330a1b03566c4d47952a609d9e7169bdde22b
程序源码/问题3_论文方法_optical/code/vendor/policies/route_search.py	2660	c95d7737249e182ff7cd90e70124273367b50b993fb903ed2d95039b315e08ce
程序源码/问题3_论文方法_optical/code/vendor/simulator/COMPATIBILITY.md	2917	570278267225e6f88d350572ce64813c2ca8ef53b4d61a44d0ad9ffc0b0f7a39
程序源码/问题3_论文方法_optical/code/vendor/simulator/README.md	7222	0cc6f00d873e1643cf7bb1d2d7259ae86080394e0e514b775918236373e5a221
程序源码/问题3_论文方法_optical/code/vendor/simulator/VALIDATION.json	1054	35eb58fbed191b2b21a67cc7327bf2f0d52f45acb8046452181c5fad2fc117c6
程序源码/问题3_论文方法_optical/code/vendor/simulator/jammers_local/__init__.py	218	074b1599f48386dc552f6d80904a46e2481443c1a4525f9be9591a89180b95b5
程序源码/问题3_论文方法_optical/code/vendor/simulator/jammers_local/__main__.py	7096	5968672b7498bbf48e66a52442ae9dd7ccb02798f3de8ac2d6d3dd166d30e4d1
程序源码/问题3_论文方法_optical/code/vendor/simulator/jammers_local/algorithms.py	4010	053686ff46ecccaddd522026c192108603be5b79be9db59cac623704ad232deb
程序源码/问题3_论文方法_optical/code/vendor/simulator/jammers_local/baseline.py	2960	ebb43eecc929de69e87fa8c0d1325bb77dfd12f732107b60ba14a53532525f2c
程序源码/问题3_论文方法_optical/code/vendor/simulator/jammers_local/core.py	17032	05b213d8b867469456a798da2abf6f92b40cf7d25b699cf4ff4ac82f2e6737c7
程序源码/问题3_论文方法_optical/code/vendor/simulator/jammers_local/server.py	8545	baceeb79ece026808b495191976b6f706538b168123cb31dceff12139e302749
程序源码/问题3_论文方法_optical/requirements.txt	123	2af4f7604311932bfa897313d1a07d412edd3cc7ada3b5ccdb03ea2e4b64761e
程序源码/问题3_论文方法_optical/论文写作说明.md	9866	31413b94b1955197805017edddb6f8d24c5cefa4534554c931556f2d158e2d57
程序源码/问题4_V6_Lite/check_windows.py	4342	d19f4c30e3bfde262a4e138e3f0288ac296b47db0365bf5c4431d26f6676a2dd
程序源码/问题4_V6_Lite/checks/cases.json	11631	a163a89c8d661c65f954143aeedbedc508a24d0c88c54318dc62db13419913fd
程序源码/问题4_V6_Lite/checks/simulator/COMPATIBILITY.md	2917	570278267225e6f88d350572ce64813c2ca8ef53b4d61a44d0ad9ffc0b0f7a39
程序源码/问题4_V6_Lite/checks/simulator/README.md	7222	0cc6f00d873e1643cf7bb1d2d7259ae86080394e0e514b775918236373e5a221
程序源码/问题4_V6_Lite/checks/simulator/VALIDATION.json	1054	35eb58fbed191b2b21a67cc7327bf2f0d52f45acb8046452181c5fad2fc117c6
程序源码/问题4_V6_Lite/checks/simulator/jammers_local/__init__.py	218	074b1599f48386dc552f6d80904a46e2481443c1a4525f9be9591a89180b95b5
程序源码/问题4_V6_Lite/checks/simulator/jammers_local/__main__.py	7096	5968672b7498bbf48e66a52442ae9dd7ccb02798f3de8ac2d6d3dd166d30e4d1
程序源码/问题4_V6_Lite/checks/simulator/jammers_local/algorithms.py	4010	053686ff46ecccaddd522026c192108603be5b79be9db59cac623704ad232deb
程序源码/问题4_V6_Lite/checks/simulator/jammers_local/baseline.py	2960	ebb43eecc929de69e87fa8c0d1325bb77dfd12f732107b60ba14a53532525f2c
程序源码/问题4_V6_Lite/checks/simulator/jammers_local/core.py	17032	05b213d8b867469456a798da2abf6f92b40cf7d25b699cf4ff4ac82f2e6737c7
程序源码/问题4_V6_Lite/checks/simulator/jammers_local/dashboard.html	16123	61c488078b964a2e497b3802c890d0fdfac7ea6110afc938d568bfd3169c5d56
程序源码/问题4_V6_Lite/checks/simulator/jammers_local/server.py	8545	baceeb79ece026808b495191976b6f706538b168123cb31dceff12139e302749
程序源码/问题4_V6_Lite/checks/simulator/tests/test_existing_client.py	1737	8bb0576d79b69dd604a691c6e08ea5c9c7a47dad7599008e6086ffd0ccb7e7b6
程序源码/问题4_V6_Lite/checks/simulator/tests/test_simulator.py	13402	5469498b80c19133c922ecd2e72a1e77adc95eb722125d9700c1e2dcfdce1a02
程序源码/问题4_V6_Lite/expected_traces.json.gz	14488	bfa3078369be90ce26750ac3e4b8cc4e9be1c106784326171a885344fb2bbdbe
程序源码/问题4_V6_Lite/run_official.py	9671	8d11b7d1ffe709947fa97414599a408fdb5dbf27eb7dc5ecc04540ce9c5d35ad
程序源码/问题4_V6_Lite/simulator_client/.gitkeep	0	e3b0c44298fc1c149afbf4c8996fb92427ae41e4649b934ca495991b7852b855
程序源码/问题4_V6_Lite/simulator_client/__init__.py	473	aa5f551dfde62358958cc6d56c7ce986f3ce7937883c4edbb64cf8fb2c7aeee9
程序源码/问题4_V6_Lite/simulator_client/__main__.py	4765	d96fddf1ef8a4a824c8c85cba90e8e3b9ffd38b7fc97f21cdcd630875cd146f3
程序源码/问题4_V6_Lite/simulator_client/client.py	16833	441230d1f2bb231a7a64beaa119306d89b4535ffaf1f4393c8be9c4d08a81577
程序源码/问题4_V6_Lite/simulator_client/errors.py	1109	c1ad261e6e6a99a691c08fec3f4b331036386542c968b45452881c522dce7723
程序源码/问题4_V6_Lite/simulator_client/rules.py	464	9bd7ca6df718aa42a414a94a08f981b519bfa70dc9ceeccb4f1a194aefcc83af
程序源码/问题4_V6_Lite/simulator_client/state.py	2564	7a64a2a871532f76613000994bd850e86148a28f72f415d017fa56553815bb42
程序源码/问题4_V6_Lite/source_manifest.json	4681	b4c8c18e32619a4e8c0ed3c69d1b69b42dd6ca8d580c38c9a45aa59403d0c755
程序源码/问题4_V6_Lite/source_v6_lite/q4_baseline.py	25450	5d8a874563a5e6ecedb1d4254fae8dc4ca2c4cdbbcd8563b39f2acce25afa581
程序源码/问题4_V6_Lite/source_v6_lite/q4_belief.py	13246	ef3ce1abc0c381c156ca76ae04e341905b1a3ccaf13cf465516491696f1a7a90
程序源码/问题4_V6_Lite/source_v6_lite/q4_coverage.py	2359	eb3a0769820c926331a002438649a9e31d91e7e0150036e60e95bd2191f021f3
程序源码/问题4_V6_Lite/source_v6_lite/q4_fast_local.py	4665	aac1e5affb8a2ca492008d5c8a8d8c4360d676c9ad21d4b3c459945c916653b8
程序源码/问题4_V6_Lite/source_v6_lite/q4_information.py	4858	d1c5459d9246a10ff67f926e386da1a8f7fbe804da3e6a433974a5f931178e20
程序源码/问题4_V6_Lite/source_v6_lite/q4_proposals.py	3170	38bb2561707e396c9a2b5ce84da53d84f8558bad5bbec3d3aa2c8b1aba4bee98
程序源码/问题4_V6_Lite/source_v6_lite/q4_route.py	1725	db50aab737369a24d60dfc4e436ff66ccf4499f74d45d2557c347bb4043cf9c4
程序源码/问题4_V6_Lite/source_v6_lite/q4_route_cached.py	1726	4b93994bc5d96697caaa3482aa03c9de01125efc63b7a712215bbc64284bef87
程序源码/问题4_V6_Lite/source_v6_lite/q4_state.py	9285	67087f2d9e6b4bfc5d74a46f13244d6cf30f95e11274df5f70bd512239b9a3da
程序源码/问题4_V6_Lite/source_v6_lite/q4_transit.py	3253	1058b41d52cb0d9c4c0b91237a52c6ffba036516f30128e9a58c368d994bdf11
程序源码/问题4_V6_Lite/source_v6_lite/q4_transit_critic.py	3756	11a4c2cf981d2f84f26c299fe2663490285aff99e7cb30dc168ce796867cf482
程序源码/问题4_V6_Lite/source_v6_lite/q4_v3_local.py	4927	7897afa0266afaf0b35d6a300b4fedc4a25310258cf3ed01535e25355e037a8b
程序源码/问题4_V6_Lite/source_v6_lite/q4_v3_route.py	3096	282d13120d2c0e733fa2b19cf9b9bd7ee61ec8c8a4ae66cbbf4bc6978615f0e1
程序源码/问题4_V6_Lite/source_v6_lite/q4_v3_solver.py	10416	b9215a9c50a5658732ec5aec7e8b274596ab4b4f1f533d6a8ee9bfba179adf47
程序源码/问题4_V6_Lite/source_v6_lite/q4_v4_local.py	4470	ff309885e6f38593e961491ee07e0dcdb19298e492544fe79cc183ac2ba3b5c5
程序源码/问题4_V6_Lite/source_v6_lite/q4_v4_solver.py	5519	73ff33de5ca82d1d4968953818485fc4f66ac43c94d7759ff56430e33c6fde35
程序源码/问题4_V6_Lite/source_v6_lite/q4_v6_lite.py	5175	2a3757b4314c3749ab2870d5fdaa7582909d97dd629aa155f31daa63d3a79014
程序源码/问题4_V6_Lite/source_v6_lite/radius_direction.py	9616	0508a91785778e8e5907b75857db1dd6beb07e27dce5fae92af9b9581400ea6b
程序源码/问题4_V6_Lite/source_v6_lite/transit_critic_big_extra.json	7624421	cf1077fcd81864b0d93639893d59c243e0cda8dd4ba3a7eb102b93d94cbcabb8
程序源码/问题4_V6_Lite/test_bridge.py	4531	98d0860c1f66f7fa487d96b7010870b6bd2c53fd6e82a4069feb81a4fc522430
程序源码/问题4_V6_Lite/test_entry_modes.py	4668	ca0752112fa806872cb1be00bf2b2680c03302c6ba165a45a884af46a2b2824a
程序源码/问题4_V6_Lite/validation.json	1776	d9afd2c2dd9b04cadc384841fc4ecf099bed0fb809f218200a8f3d2b84f1bc34
程序源码/问题4_V6_Lite/windows_tests.txt	639	35c628d4e85b662c1f8d9bca605cf7864ed0d8932d654c9a17b031388602e525
程序源码/问题4_V6_Lite/使用说明.md	2442	4c5a7138f60c197e5a095151f142afcbcec734fe409be2f574687c697592d8c3
程序源码/问题4_V6_Lite/匿名化说明.md	344	cbd5ddab1759feed966b10abe31b58d875f97debe9641eb00af03ccc97774d90
附录文件列表_可粘贴.tex	1369	622fbdb56602e0bff55f3d2306f12341b23904ad13a40de6349ce49786528704
隐私扫描.json	361	4747e99024305ba2771cd8c5d887a671527f6ce122d37edd45d8c1d65c35ecb8
