policy,strategy,seed,case_id,case_sha256,source_total,successful,all_cleared,failed_clear_count,virtual_time_s,penalized_time_s,program_runtime_s,measurement_count,action_count,movement_s,switching_s,detection_s,optical_s,removal_s,source_route_lower_m,primary_lower_bound_s,previous_rl_lower_bound_s,time_over_primary_lower,time_over_previous_rl_lower,input_sha256,geometry_cache_key
rl_trial1,rl_trial1,2100001,q3-random-2100001,4c849ed892a454372ac58d4c4fce6994af5015c79be4063312dd5439dcd699a5,11,True,True,0,2923.681386,2923.681386,5.342004699996323,129,142,2109.681386,114.0,645.0,33.0,22.0,8578.382513171167,1770.6765026342334,2040.6765026342334,1.6511663094023346,1.4327020388708982,d4789082821237d75eee597462a91de9b933c064d6c37bc83a87dd8953484bf9,ca7e0e6b8617937adbbd4a91c574ee7d1e8fda28bd9b26c11e82cf8c953c921d
rl_trial1,rl_trial1,2100002,q3-random-2100002,281c50fd916a63548bd9aa7bc82b627c4cf5ff1c08a2da71842d0e68ebcdc021,13,True,True,0,3013.8461,3013.8461,0.35537390000536107,119,134,2248.8461,105.0,595.0,39.0,26.0,8111.789399100648,1687.3578798201295,1897.3578798201295,1.786133301088014,1.5884436626608969,5927e35b60f9f992f9dbdc159af3759c2cdaed46da8d0c29c6a9910cd56223ac,a8fb68e1df3b8640c0248c428be95e6872dc2388f66fb6889d34321d9fd6681a
rl_trial1,rl_trial1,2100003,q3-random-2100003,a46f61c918b3a8af1a0a6bec0531d34f897265a623a7debdb46b8b0556e14743,10,True,True,0,2685.208732,2685.208732,0.3051899999991292,122,134,1911.208732,114.0,610.0,30.0,20.0,6566.503194414941,1363.3006388829883,1663.3006388829883,1.9696379913678532,1.614385679430321,aef155afa90f9fd10b6eafa61d99ff2e0285fda70f2fd055d4add2c0d1f3db71,910e14cde78a9ac015693e076c391bfa692d75d1a06604d38e2c743822689638
rl_trial1,rl_trial1,2100004,q3-random-2100004,526d65d78a20a9f0ff4fe55d4a90782d828fb23ab21bf522678a7d2e9a76a13c,10,True,True,0,2762.361652,2762.361652,0.33235949999652803,122,134,1993.361652,109.0,610.0,30.0,20.0,7407.972527335181,1531.5945054670362,1831.5945054670362,1.8035855065683069,1.5081731484533083,d4cf5ebab80af248faf49353aabd55c4959a9c123792d49f8e2f097c65133494,217ded5a18a3edda8a26fc07383219e83354dcbc9cad1a4d4b48904d82b63d33
rl_trial1,rl_trial1,2100005,q3-random-2100005,c0eb7fa80e5944f835ea0321511bce2332d2ba22b9d6bbc40b1763d6e2f6234c,11,True,True,0,3237.422629,3237.422629,0.3416185999958543,134,147,2401.422629,111.0,670.0,33.0,22.0,8408.206214692711,1736.6412429385423,2006.6412429385423,1.8641861939901936,1.61335397664761,104c21bbd3f9abfd90920109d9059e5d8f19e82a99f96a6ba3e96cfbf39fc27a,5da7ae23f6f45ec6581d6207baf7ab966d89d2f021eca2a0778edd68362a9237
rl_trial1,rl_trial1,2100006,q3-random-2100006,128579fe03383ef716325a52738b9cc76944036cb1526c8d257ae1d1d81781a3,13,True,True,0,3249.079852,3249.079852,0.35193629999412224,130,145,2428.079852,106.0,650.0,39.0,26.0,8420.036707940555,1749.007341588111,1959.007341588111,1.857670791164211,1.6585337803614681,86e7ce8b3970a3e75fdaa09bad408313bc481147b537d4ba132fc4758ac7a73d,a0fa02bd87e55d9c41dcd12dd6b2891048fc06dd46bda8cdebb57268ec9a7a3f
rl_trial1,rl_trial1,2100007,q3-random-2100007,1f9b0d0041fa7698fc3a8a5b76088cb350fddf68fd0499f88d76586b428595aa,14,True,True,0,3390.613504,3390.613504,0.4057055000012042,141,157,2506.613504,109.0,705.0,42.0,28.0,9859.608794360418,2041.9217588720835,2221.9217588720835,1.6605011868196686,1.5259824026032225,c8171b698095d0f3d3addcfbd3c8ef2ac8ce37737a2c9165ba132f5a06bb6aeb,f18de06e188256eafceb724c1f6d7469ad12d1159da138e0f5586e4b477d31a7
rl_trial1,rl_trial1,2100008,q3-random-2100008,b1fb9d44f85cf921c4ea1d63e4b0339190724bd6356535f57ef95119cc0d877b,15,True,True,0,3437.227899,3437.227899,0.4253988999989815,130,147,2610.227899,102.0,650.0,45.0,30.0,9853.623390075229,2045.7246780150458,2195.724678015046,1.6802006330270802,1.5654184394863584,df64d58afc97d0e5acb0950b2ecd385a8f5ba92723c908b574363812b6dd70ec,602c378da0f4e2a8fcd130394c74fa562b66ae1f705de010c2158ff1e56ec51c
rl_trial1,rl_trial1,2100009,q3-random-2100009,4b1a0912b9fe07de3598373328fbaf804b338d334d3a135cf18d758055fe3f59,11,True,True,0,3187.937991,3187.937991,0.3418950000050245,139,152,2322.937991,115.0,695.0,33.0,22.0,8140.5298577864605,1683.1059715572922,1953.1059715572922,1.894080375729618,1.632240153593983,0dbd91c52fd360b5fcb47610c82da87d592c6bb68d117aa5cc8300b2d0d2f874,f09e5fd93e3c547ea6df2ee4723ae0b7f54bb51ec11093e3003b724e5fa2bff6
rl_trial1,rl_trial1,2100010,q3-random-2100010,60f637cd2c1f0a75fc6a8f68568418b02028d65c0cb074dc91cc4ddb9b4dde2f,10,True,True,0,2972.992121,2972.992121,0.3419796999951359,129,141,2172.992121,105.0,645.0,30.0,20.0,6638.44486726275,1377.68897345255,1677.68897345255,2.157955952532268,1.772075854371159,2150cbd9548daec48f331d0df2ca222797bb3c85de182a90fc9ea0bd000b7904,d157d0bc6c6c72d737e0f70fc0db16a740bd8bc5c0b54dee4e3426a9a1fca469
rl_trial1,rl_trial1,2100011,q3-random-2100011,6fd5081fbd6d8a5e1f4cff413f85767b25ccb7f2b5eaf22041dc81f8e15a1014,13,True,True,0,2924.06916,2924.06916,0.3375036000070395,117,132,2169.06916,105.0,585.0,39.0,26.0,6600.7854083081,1385.15708166162,1595.15708166162,2.111001848607897,1.8330916707927587,f00b0ea22037175d351fbd1f5c92c41518944c4ce1895ff87b2bf5122d0debaa,a3ff5f45391453ecbca268e85f1844ebbe30965a938bdebe69c9c620c637d4d5
rl_trial1,rl_trial1,2100012,q3-random-2100012,591ccec4dc694e5017a0d2ddc3fea3f4b10587d927abe83eb48f7cb2a2185c84,10,True,True,0,2982.41604,2982.41604,0.31733009999152273,133,145,2157.41604,110.0,665.0,30.0,20.0,8160.40293204199,1682.0805864083982,1982.0805864083982,1.7730518169572935,1.504689597613307,a45f3451365f6d17ddd8222466bc5cbe989c4e726e5808ee117e0c163fb85040,5178bd46341df3b9ee46ebe323d2be71befc8eab1485b8637da4b7fa57d496c3
rl_trial1,rl_trial1,2100013,q3-random-2100013,c34553bdfb9c656a76472083bc68d71ff6196456cddafe7647570db7806da058,16,True,True,0,2854.623384,2854.623384,0.3364131999987876,112,130,2120.623384,94.0,560.0,48.0,32.0,7492.941168284389,1578.588233656878,1578.588233656878,1.8083394536567166,1.8083394536567166,2691fa28dbf2f28ffda9a45dc8b07adf52a5c1006e9f1f3ed8688f9eaad42743,00659f0ab17516068c605b5521a1614e37bf255591eaebad5b62d98c986b7fa4
rl_trial1,rl_trial1,2100014,q3-random-2100014,96b508030f5c3ae7a8f2d97796599228fd6fa20138d74e1d51e91c6b826f4bb5,15,True,True,0,3282.800922,3282.800922,0.3705749999935506,124,141,2487.800922,100.0,620.0,45.0,30.0,9002.067687409899,1875.4135374819798,2025.4135374819798,1.7504410927990026,1.620805263344502,fbca144301957d4cb75d33fc1e4303089ee42fbc31cf187e6df112dea6999bad,0a08ee27c0d7c06b6aedcdd3d708dffb426469a44f136dab2d2214d648cf8b0a
rl_trial1,rl_trial1,2100015,q3-random-2100015,41a7fd0bee33a6098aaa1f9828728a4c9cf28654a8df0afb924295289257f6fe,14,True,True,0,2974.965826,2974.965826,0.3888827000046149,114,130,2229.965826,105.0,570.0,42.0,28.0,7959.351248245959,1661.870249649192,1841.870249649192,1.790131225123016,1.6151875120229673,532f2e1825726826e47ee180fd17a6d2756d6100011a5316b300bffbbf96e70a,a65bb325f134b78361f504cfae03647310716cdfe927d8dfee1ece22ccb92dbe
rl_trial1,rl_trial1,2100016,q3-random-2100016,a5f8c3ffb2bdfdfda5aadd281ec94aef09cb4e232667af7fac06ed22fad3a08d,10,True,True,0,3155.079488,3155.079488,0.33323699999891687,135,147,2316.079488,114.0,675.0,30.0,20.0,7999.587025349998,1649.9174050699996,1949.9174050699996,1.91226510994115,1.6180580160967055,0b43d5efe324a01214c635e00c8de5782c0ec28f11b6be23aef52e5cc07af655,dea9128100d0365743b272c1208cfd22452c700ba36a865aa0f1a748357eeb44
rl_trial1,rl_trial1,2100017,q3-random-2100017,20c46e1b376c4ab48453dd786ff9ea3a1ab779f2c321451710474cfbebf75a3d,14,True,True,0,3022.577758,3022.577758,0.3948080999980448,118,134,2259.577758,103.0,590.0,42.0,28.0,8081.239059754453,1686.2478119508905,1866.2478119508905,1.7924872824612021,1.6196015012820482,ac3eda1a10457a8ad06d332d21eeaa9ca87a21fe7727cc2b2467ebe5a5e5f582,08c792b21010f0b721c406f53a0003c44449b8f72acebcb79a8fa3f7bdb9a034
rl_trial1,rl_trial1,2100018,q3-random-2100018,26af895fbf4a4a84d4cf89a2670229bc3677d7b8030646dc83ae90d05f994c53,15,True,True,0,2956.69152,2956.69152,0.3598980999959167,125,142,2148.69152,108.0,625.0,45.0,30.0,8367.569042666457,1748.5138085332915,1898.5138085332915,1.6909740749946756,1.5573716170567178,428e89951612ae9404d4905bd63b2165a4c132084e11604b0aa4c78eaf3f538d,576aecf85f65e79c9150b2b0fae9aebe01367d7abdc9a6adf77c97cd321873f6
rl_trial1,rl_trial1,2100019,q3-random-2100019,6b6f47d7a2d47991dc2f37263036f9894c2c7ffa5c3d14736fd9b50796c14497,13,True,True,0,3207.359661,3207.359661,0.41446210000140127,129,144,2393.359661,104.0,645.0,39.0,26.0,8654.494757988645,1795.898951597729,2005.898951597729,1.785935482698823,1.5989637256878215,ef1178d1cf5947eba23ccc18d6a4887c899e60fc96cbf0460e88d897a5f4b695,c1432960f38ed415b0bc12cbb06d55c80f4b098ff8d1f910c966bfea0cef7c24
rl_trial1,rl_trial1,2100020,q3-random-2100020,d89cd8545b5af2b381f14e722caad86304a247986e0b802000def2dececd78b1,15,True,True,0,3347.937843,3347.937843,0.3987561999965692,120,137,2568.937843,104.0,600.0,45.0,30.0,8176.118901361436,1710.223780272287,1860.223780272287,1.957602204821974,1.799750050776123,d9bab6524847f20a9c762ad0d73bbcab7be147960f85345ba41ace9fcadbda63,e8630100cda1a8279c62de5093d1d2f7e0068b7776ca3b8350695cc8f0c52fb9
rl_trial1,rl_trial1,2100021,q3-random-2100021,2d87f83c03b493710f2b5bc276cb702f62a5c9c132387038e5388b151ccc5d86,16,True,True,0,3114.247829,3114.247829,0.4092938999965554,126,144,2301.247829,103.0,630.0,48.0,32.0,8640.61985218669,1808.123970437338,1808.123970437338,1.7223641077258351,1.7223641077258351,9962641a439232df1c020338c63f5533fde48d0acea51164706a189bf4bb6636,658fb2360ef2988ed9e01b3d01e677dab4d55ab2c1a9381e3da33bc394102a4f
rl_trial1,rl_trial1,2100022,q3-random-2100022,6bf7da8c91764a8e47aed767d5d762643ced0ce904fce5b9702a5bf490ea7392,13,True,True,0,3198.302141,3198.302141,0.3853388999996241,129,144,2375.302141,113.0,645.0,39.0,26.0,8017.330565048795,1668.4661130097588,1878.4661130097588,1.916911656797487,1.7026137010667408,8d5f3af67c7c16012da188d84270daf53381ace0198458b29df29cd8474a2a0a,89bb152742b53f72d8e4a5f94f7be9df51e368f9cdf86b14d71652f6e2389380
rl_trial1,rl_trial1,2100023,q3-random-2100023,91caccac6e1350d08b82b2f10918c07521e6da82aaf9f4a2264bcd609687235a,11,True,True,0,2961.287531,2961.287531,0.34300490000168793,131,144,2142.287531,109.0,655.0,33.0,22.0,7973.035587104174,1649.6071174208348,1919.6071174208348,1.795147159421803,1.5426529231558366,97aa393e0d67856f7a2c3c8407f4cd459cbae05bf5b60018b87b8f5f70d59161,5ea8d58553ce4048c138a0820c1b26560172939f062f4323af15db264927b5ce
rl_trial1,rl_trial1,2100024,q3-random-2100024,99948950b7e8575f6c71f1e7b00eed9ba21557fa83deb1b2d71f952ba06746b7,16,True,True,0,3317.8278,3317.8278,0.36703680000209715,120,138,2530.8278,107.0,600.0,48.0,32.0,8877.387552471131,1855.4775104942262,1855.4775104942262,1.788126119144533,1.788126119144533,ec7b2eb5f31caa55cb8f761d4a18d8cc3f2fd1e79a88dc828592b04d47b26512,42358d30d9960b6742a4fc27da3a6be381fae8df73494a4dab790c93c90146b3
rl_trial1,rl_trial1,2100025,q3-random-2100025,16137888e4b78f631a930e6d676ed0a4b2a096c08e4c3e2e1cfc11cfa150950b,14,True,True,0,3672.953679,3672.953679,0.3648634999990463,137,153,2808.953679,109.0,685.0,42.0,28.0,10816.78898449535,2233.35779689907,2413.35779689907,1.644588110377904,1.5219267046599507,999f1d42258b1e3d71ecd2d0e56970e8da8a82b6b8d45664160ec958eae87211,c51eedb7ad38bd66e26cc981d3ddf44f8c7e26e2efa82b01cf193856a4d4d7b7
rl_trial1,rl_trial1,2100026,q3-random-2100026,f280bc1f8267e1207979a38dacf298b4af2d9784ddcd113f3c3db73e6a20a49d,13,True,True,0,3097.165481,3097.165481,0.4101230999949621,135,150,2242.165481,115.0,675.0,39.0,26.0,8577.541821340903,1780.5083642681807,1990.5083642681807,1.739483814372862,1.555967076852092,817c23295f5bc64784243c5d8daabfa54aa51206172da01881e26091fa8be599,85f9723893c739a0ecb0b28990fc654da2bd59e797bafaedf50c01b4c21026c7
rl_trial1,rl_trial1,2100027,q3-random-2100027,89ae0205ed0a8b49d3932ec875262a24bcab8f9d361239874ba347eee438f489,16,True,True,0,3527.73573,3527.73573,0.3868975000077626,121,139,2741.73573,101.0,605.0,48.0,32.0,10347.812360249609,2149.562472049922,2149.562472049922,1.6411412907836025,1.6411412907836025,703a22e5aee78b3a1f71c05ebfa66893ded609ba470a46e58dbec66572e82ad7,c0d4d10d5eb968698a122a388af2897eb0816452abda6e1dd33b902f8ef64ee1
rl_trial1,rl_trial1,2100028,q3-random-2100028,bf70075297e3f432d8a570b457ce25db858d55988e1678b6064a394afde1c738,12,True,True,0,3264.30356,3264.30356,0.3903858000121545,143,157,2379.30356,110.0,715.0,36.0,24.0,8290.587142163473,1718.1174284326946,1958.1174284326946,1.8999304156862962,1.667062206076576,d461d51234bf3950ffcbc7946345b23322031012bbfe34540d161da9a4ca16b1,dcc124806af473d387abe33d006bb4407f88df92c8dc57468ccacb8b308fae62
rl_trial1,rl_trial1,2100029,q3-random-2100029,324403b398260d65734a19112bdd74af39dc86a21b66a2b6da9e4c4c6246849d,12,True,True,0,2757.823657,2757.823657,0.33554640000511426,119,133,1996.823657,106.0,595.0,36.0,24.0,8642.10900888043,1788.421801776086,2028.421801776086,1.5420431881680252,1.3595908181351875,0fd5b0e8cce41c5b9bfa301ba2dc0dd290119a3f99293865080ea04e52c9207a,b5a5e1880d7c8294c12f9749bfff6c825b7d855d82bcbf599c3b791516997e20
rl_trial1,rl_trial1,2100030,q3-random-2100030,447046266cafc9979fd2ee227cf5fdfd66dfc8029045bde67a015463f5bef3e6,16,True,True,0,3285.713098,3285.713098,0.40194440000050236,113,131,2547.713098,93.0,565.0,48.0,32.0,8747.679409024202,1829.5358818048403,1829.5358818048403,1.7959271150006846,1.7959271150006846,938ccca334e8d4d0f8aacafaa66a4ce77c8c41ce95dff1267b179f2a8b5dbe47,175c2d47c8f348635ab389f39983874e56ca8686cd75088571a513e59bc09c3e
rl_trial1,rl_trial1,2100031,q3-random-2100031,a1d130d0436dcad8446f4a666172a0035b0a06aafc1e2291be12368f25631e99,16,True,True,0,3343.953996,3343.953996,0.4456891000008909,116,134,2585.953996,98.0,580.0,48.0,32.0,8396.61103396181,1759.322206792362,1759.322206792362,1.9007058417666292,1.9007058417666292,e8abe898938e68ae5b5b2c481c0e8b7823160a03c61268a022d36aab00d758c9,1c61efaea9da8eada04aa3b7e780ab1e72e2976fc0375a34decda4d79df4a18b
rl_trial1,rl_trial1,2100032,q3-random-2100032,9779224248d34bba248a81d44b3fc21216a898fad7c60d00d77a3ff1aa6f90e8,14,True,True,0,2936.94452,2936.94452,0.3915450000058627,112,128,2208.94452,98.0,560.0,42.0,28.0,9361.26667298528,1942.2533345970562,2122.253334597056,1.512132566686675,1.3838802710881952,f99e49e59669bbdee6a6bbb02e1338667b013fabfaa4954bb5e6aece98f43bec,d6b71148c5dfb5901f48a629b67e3a66d68c73c817e9d8969cc4f9edca20c6e5
rl_trial1,rl_trial1,2100033,q3-random-2100033,f6d4428a527e419f8d1612f84945c3e9c2b6ec33afca1d3954e207891c652c62,10,True,True,0,3208.89061,3208.89061,0.36410400000750087,134,146,2379.89061,109.0,670.0,30.0,20.0,9591.277525001642,1968.2555050003284,2268.2555050003284,1.6303221821800338,1.4146953916461609,c8511ac7bf821235e12bca56bd43283ba0a02aa72b7fa97b1974bbfafdd9ac0d,64694bb7df6e6c81bf6ca840d350fdbc74d96adf18001f97f7cceda006c613fe
rl_trial1,rl_trial1,2100034,q3-random-2100034,9e0ea6001145f3ae09e56b3c6caf586fe3d45ed66d750425741f88c08c8184d4,12,True,True,0,2915.219142,2915.219142,0.35071569999854546,123,137,2129.219142,111.0,615.0,36.0,24.0,7497.705122611395,1559.541024522279,1799.541024522279,1.8692801895948805,1.6199792626422052,560e26f6dc8b381ad33f118dab930f97eab0eba7cd58c8d3f90c32f49b63e985,96ed337ffb417e74dfd1a64b6355967fd381e51bf01e3be40a846b1e39a312dd
rl_trial1,rl_trial1,2100035,q3-random-2100035,bd50ca750804ae13ba9a665538b7723550a3c92917b9dd9ae9100ee84ada62f2,15,True,True,0,3127.745535,3127.745535,0.3760541999945417,112,129,2390.745535,102.0,560.0,45.0,30.0,8307.118792849142,1736.4237585698284,1886.4237585698284,1.8012570488992312,1.65802912563573,32283c904d8a52d99b8507c40993dfdd2df36b3e09202e8e2eb496bb50863a86,d10d679670bf20ad83ede0e947c1575dc9ab8cc24230c47b124a3edaf1f1100f
rl_trial1,rl_trial1,2100036,q3-random-2100036,961e848d06c77555508e923457331bf59c707cf1f8840f337d12067846ad5ff9,13,True,True,0,3229.797782,3229.797782,0.4819939000008162,132,147,2395.797782,109.0,660.0,39.0,26.0,8388.54121043344,1742.7082420866877,1952.7082420866877,1.8533210000388234,1.654009396994504,c2b7dcdd86b40a944626ffdf182f59a83123f0187b0cfb56056637dc47241ed0,5b30192a330e641f493f92deecc16f1dffce89f911d2c5152604c07c5fc84647
rl_trial1,rl_trial1,2100037,q3-random-2100037,d6ec71c33b50981a54e727adcfa266579cb5add991beddafcf6cb8ea401ba7d1,10,True,True,0,2810.07154,2810.07154,0.40120000000752043,121,133,2045.07154,110.0,605.0,30.0,20.0,7187.334451815578,1487.4668903631157,1787.4668903631157,1.8891657745161736,1.5720971141620121,d65f57aa28e23187f30e57dddf8e4e913f8b2519d89bb390cbc1f8b852b532f4,a3f4298e90667daa33896a609c39fd457ef0aecab845e60b50980be826c23003
rl_trial1,rl_trial1,2100038,q3-random-2100038,591d30cc2d6c3e6bef8fe509f691b0c4bd901b8cbdf269594214a877efde645c,16,True,True,0,3235.940525,3235.940525,0.5203442000056384,117,135,2467.940525,103.0,585.0,48.0,32.0,9106.111727005384,1901.2223454010768,1901.2223454010768,1.7020316076273312,1.7020316076273312,ed9a71fc609debb6324c933c600866d0d0e528e97e3d231f4b2675f25adaa502,c38d4fd258497e6237118c08efda9a4aa004f63918667d692b7920317e87e849
rl_trial1,rl_trial1,2100039,q3-random-2100039,b9fb43b76f6bf3be1628bc0b43fe6cf1f09627b027b380ba86794295ce3b5236,11,True,True,0,3406.559764,3406.559764,0.38764610000362154,127,140,2606.559764,110.0,635.0,33.0,22.0,9997.363394864877,2054.4726789729752,2324.4726789729752,1.658118795574799,1.465519382015333,a81eaf2505bad27871ff06339002ec518de653672e958740f493e9567f391261,d1bc8e9f871b322d3e5929d9a83b393431a2b7e17faa523460b1bf30774ee54e
rl_trial1,rl_trial1,2100040,q3-random-2100040,74a276ef40c7a28546042bd1cb73be9fcad99daa77c088464ab57fa1310ae2b7,13,True,True,0,3007.621604,3007.621604,0.46162859999458306,128,143,2195.621604,107.0,640.0,39.0,26.0,8302.60037504571,1725.520075009142,1935.520075009142,1.7430232470544078,1.5539087622151344,5d892eafbbe2ac2f7736b321817c15877d16abf91fc2907a0e5c94c8458b280f,846d7381e9a8fd3813bec8a95f93d1acb9119750a88f58f147be1e35613701a0
rl_trial1,rl_trial1,2100041,q3-random-2100041,c2099c419cca1eee36f58aa6da86ef288a3ceaf6d13e558703072fb12f54cf1a,13,True,True,0,2805.563927,2805.563927,0.4489408999943407,123,138,2016.563927,109.0,615.0,39.0,26.0,7947.991036952197,1654.5982073904393,1864.5982073904393,1.6956164429942264,1.504647980395986,a222630702d523882af9a922cc97b5036fe8b29dd617f05b577a7718ed9353ab,5f13de962a172b9e60eb06943925145b3208576e6a363c734815bce74db59b10
rl_trial1,rl_trial1,2100042,q3-random-2100042,62e19bbdbbe830a634906701ee8acc6a107d86831c80d6f8b03961cc948663c0,14,True,True,0,3045.703893,3045.703893,0.4390644999948563,123,139,2251.703893,109.0,615.0,42.0,28.0,9398.159346110482,1949.6318692220964,2129.6318692220966,1.562194351190636,1.4301551066253166,5dec846d53aa6df65d6df283bfbc0ee2250c5872d3ea2e299a18f018d94cca8f,d7494bc621aaa783dbf12245fb39d5825aaef9527f0af054da40f3394c35804d
rl_trial1,rl_trial1,2100043,q3-random-2100043,0f2176331af257f6225bab17eb0c49d1e2eabdff807e7a6897c9ab5dc8c8978d,14,True,True,0,3276.80745,3276.80745,0.3595241999864811,117,133,2516.80745,105.0,585.0,42.0,28.0,9195.072007902436,1909.0144015804872,2089.014401580487,1.7164917390288448,1.5685901674592875,0f882469bc9883bcc6a6cd0e100fa32d158b3cfdaf91656c4ead64c455468fa3,9b9898edfb252c066962d889b9ea712ac8e6b018c3f03da8aa0e52c34df433e9
rl_trial1,rl_trial1,2100044,q3-random-2100044,e82a0b44f16084ab682a90f76a6cf25a5e060749ddda5d8d70020fb5fa869eca,15,True,True,0,2891.222739,2891.222739,0.33426659999531694,108,125,2179.222739,97.0,540.0,45.0,30.0,6850.594122717049,1445.1188245434098,1595.1188245434098,2.00068166706879,1.812543802075428,a283aca4937721aa14f27cc8ef5d6d25685fd7f154ead15db69b4b5170858178,92954f22b9c0b8c3f449146fe979fa003117d047dad7aafea4c82c09024e1698
rl_trial1,rl_trial1,2100045,q3-random-2100045,c314bf2e26751e7669b3017fbeefe571049c72bafbb84c4d93fc9758d4185ecd,12,True,True,0,3006.584722,3006.584722,0.3512404999928549,127,141,2200.584722,111.0,635.0,36.0,24.0,6753.388234993657,1410.6776469987312,1650.6776469987312,2.1313052832421495,1.821424508574757,8e158bb6410d2a1f38b3ac73ca2949d76d174f5090753718b32d874de0dc17ba,b9d337cd6525cb498965be8d6c09f680c5b4f7e11f5ddeb1362df68ffc8072d3
rl_trial1,rl_trial1,2100046,q3-random-2100046,d11ee21cf3c3caf08521f55f747d1a4922152df80722e91985177c3f00419a0e,13,True,True,0,3319.144907,3319.144907,0.3841607000067597,139,154,2447.144907,112.0,695.0,39.0,26.0,9697.093139352295,2004.418627870459,2214.418627870459,1.6559140195809978,1.498878696749369,bdb8164e605821853f8f23ded343450ee16631a478128bb06f0d12f8d28d6e61,0b7b37a4f43b408a5a08ca2f5122936e4d69d372761c6bc4b51f0deee28d08b9
rl_trial1,rl_trial1,2100047,q3-random-2100047,e0e56ef67cc8c660dfc918b69c9eb84e7dcd5572eb23e392fc9b62b63d1162a4,12,True,True,0,2745.004353,2745.004353,0.3482575999951223,118,132,1991.004353,104.0,590.0,36.0,24.0,7471.534912375875,1554.3069824751751,1794.3069824751751,1.7660631934038435,1.5298409802838617,13db79994b4b68701251af7a92180071aa1165a7e917a72c769238c02d9d39cf,59b6570215de9156554e0a471e773d500fb2f0d099ef3f5a39257471c861541f
rl_trial1,rl_trial1,2100048,q3-random-2100048,f78af146c8074e1522fd894e79c96f00b1fdaaab6d9c6fff89ead8ee534473d7,13,True,True,0,3210.656068,3210.656068,0.3085995000001276,127,142,2401.656068,109.0,635.0,39.0,26.0,8538.541789536801,1772.70835790736,1982.70835790736,1.81115864528901,1.6193284580636313,af97cbfc68a0bcf5adb0e0f2aff28bd9837e2bd44602ba1f5ed0247ca2f016bc,272e01f0210a4479adf772b8586e2fbcc0f5528b4aaaf1d5f0f9b309d9a49896
state_certified_tail,state_search_certified_tail_v2,2100001,q3-random-2100001,4c849ed892a454372ac58d4c4fce6994af5015c79be4063312dd5439dcd699a5,11,True,True,0,3280.801542,3280.801542,1.012852900006692,133,146,2441.801542,119.0,665.0,33.0,22.0,8578.382513171167,1770.6765026342334,2040.6765026342334,1.8528520241383197,1.607702905269373,cd3285b40a7363f17b2b0af60a438ffabcc2b2607ffd1b4c941893967b660048,ca7e0e6b8617937adbbd4a91c574ee7d1e8fda28bd9b26c11e82cf8c953c921d
state_certified_tail,state_search_certified_tail_v2,2100002,q3-random-2100002,281c50fd916a63548bd9aa7bc82b627c4cf5ff1c08a2da71842d0e68ebcdc021,13,True,True,0,3329.06448,3329.06448,1.15649019999546,109,124,2620.06448,99.0,545.0,39.0,26.0,8111.789399100648,1687.3578798201295,1897.3578798201295,1.9729451112972398,1.7545790993924653,659662a05c869bb90d6eed3f45d3edd2cb62ceb075f73e3b67c772c07a43fd0f,a8fb68e1df3b8640c0248c428be95e6872dc2388f66fb6889d34321d9fd6681a
state_certified_tail,state_search_certified_tail_v2,2100003,q3-random-2100003,a46f61c918b3a8af1a0a6bec0531d34f897265a623a7debdb46b8b0556e14743,10,True,True,0,2766.797102,2766.797102,0.8387667000060901,120,132,2003.797102,113.0,600.0,30.0,20.0,6566.503194414941,1363.3006388829883,1663.3006388829883,2.0294841967263784,1.6634377678457932,c28883a67d2dc4a9357d7e676513234da1bb42db8c6890ae223d7188c3c2640d,910e14cde78a9ac015693e076c391bfa692d75d1a06604d38e2c743822689638
state_certified_tail,state_search_certified_tail_v2,2100004,q3-random-2100004,526d65d78a20a9f0ff4fe55d4a90782d828fb23ab21bf522678a7d2e9a76a13c,10,True,True,0,2832.021273,2832.021273,0.830635499994969,119,131,2078.021273,109.0,595.0,30.0,20.0,7407.972527335181,1531.5945054670362,1831.5945054670362,1.8490672713248069,1.5462053770891095,ecf438b9d21ec4c6672ec1d6769ee76375acb8b50642ce45598b766b72705343,217ded5a18a3edda8a26fc07383219e83354dcbc9cad1a4d4b48904d82b63d33
state_certified_tail,state_search_certified_tail_v2,2100005,q3-random-2100005,c0eb7fa80e5944f835ea0321511bce2332d2ba22b9d6bbc40b1763d6e2f6234c,11,True,True,0,3148.197467,3148.197467,0.9036495999898762,115,128,2414.197467,104.0,575.0,33.0,22.0,8408.206214692711,1736.6412429385423,2006.6412429385423,1.8128081892567438,1.5688890468481318,940f39ff67d8836750d753981dc2b3328a27b50569ecac7e493a1abdcb2d6aa3,5da7ae23f6f45ec6581d6207baf7ab966d89d2f021eca2a0778edd68362a9237
state_certified_tail,state_search_certified_tail_v2,2100006,q3-random-2100006,128579fe03383ef716325a52738b9cc76944036cb1526c8d257ae1d1d81781a3,13,True,True,0,3495.908733,3495.908733,1.0967922999989241,118,133,2735.908733,105.0,590.0,39.0,26.0,8420.036707940555,1749.007341588111,1959.007341588111,1.998795916903179,1.7845306951049849,37f262663cc57ea1c4cf11c043af6fd953d9ee87b6f78d1d3515acdf0891018b,a0fa02bd87e55d9c41dcd12dd6b2891048fc06dd46bda8cdebb57268ec9a7a3f
state_certified_tail,state_search_certified_tail_v2,2100007,q3-random-2100007,1f9b0d0041fa7698fc3a8a5b76088cb350fddf68fd0499f88d76586b428595aa,14,True,True,0,3515.850419,3515.850419,1.068712599997525,125,141,2707.850419,113.0,625.0,42.0,28.0,9859.608794360418,2041.9217588720835,2221.9217588720835,1.7218340534958034,1.5823466352770021,372a2c949467d803705512dddf38bbc9e50c30feb97733bbb0cdd96a57a9d894,f18de06e188256eafceb724c1f6d7469ad12d1159da138e0f5586e4b477d31a7
state_certified_tail,state_search_certified_tail_v2,2100008,q3-random-2100008,b1fb9d44f85cf921c4ea1d63e4b0339190724bd6356535f57ef95119cc0d877b,15,True,True,0,3388.266852,3388.266852,1.2584675999969477,116,133,2630.266852,103.0,580.0,45.0,30.0,9853.623390075229,2045.7246780150458,2195.724678015046,1.6562672819138178,1.5431200851023923,2c0972b09fed5c076e5ac0846f3931023af813d6ec46435c43f843675e7d4e72,602c378da0f4e2a8fcd130394c74fa562b66ae1f705de010c2158ff1e56ec51c
state_certified_tail,state_search_certified_tail_v2,2100009,q3-random-2100009,4b1a0912b9fe07de3598373328fbaf804b338d334d3a135cf18d758055fe3f59,11,True,True,0,3449.095751,3449.095751,0.984970899997279,133,146,2609.095751,120.0,665.0,33.0,22.0,8140.5298577864605,1683.1059715572922,1953.1059715572922,2.0492445569596116,1.7659542294317463,eb49c3ec8326de599100941c28841c041d0f3657c61dfe1d8332b377fca42f77,f09e5fd93e3c547ea6df2ee4723ae0b7f54bb51ec11093e3003b724e5fa2bff6
state_certified_tail,state_search_certified_tail_v2,2100010,q3-random-2100010,60f637cd2c1f0a75fc6a8f68568418b02028d65c0cb074dc91cc4ddb9b4dde2f,10,True,True,0,2871.377644,2871.377644,0.8164520999998786,115,127,2141.377644,105.0,575.0,30.0,20.0,6638.44486726275,1377.68897345255,1677.68897345255,2.0841987555465438,1.711507728450366,d3f53a1ae737a00e1890289ea72b5b6794b94ee91c79323bb1fc8ede17cb343f,d157d0bc6c6c72d737e0f70fc0db16a740bd8bc5c0b54dee4e3426a9a1fca469
state_certified_tail,state_search_certified_tail_v2,2100011,q3-random-2100011,6fd5081fbd6d8a5e1f4cff413f85767b25ccb7f2b5eaf22041dc81f8e15a1014,13,True,True,0,3003.941765,3003.941765,1.0726556999870809,109,124,2291.941765,102.0,545.0,39.0,26.0,6600.7854083081,1385.15708166162,1595.15708166162,2.1686650595588066,1.8831636078566618,d316a38400c909087767b19ed67bf32f90137663fd3d336e15adaadb7588fc38,a3ff5f45391453ecbca268e85f1844ebbe30965a938bdebe69c9c620c637d4d5
state_certified_tail,state_search_certified_tail_v2,2100012,q3-random-2100012,591ccec4dc694e5017a0d2ddc3fea3f4b10587d927abe83eb48f7cb2a2185c84,10,True,True,0,2976.119398,2976.119398,0.8515722999873105,115,127,2245.119398,106.0,575.0,30.0,20.0,8160.40293204199,1682.0805864083982,1982.0805864083982,1.7693084517161282,1.5015128135596323,799b4e313311997aa474b55f38d2470a1bb763f0de011b7f345e114ff7034c40,5178bd46341df3b9ee46ebe323d2be71befc8eab1485b8637da4b7fa57d496c3
state_certified_tail,state_search_certified_tail_v2,2100013,q3-random-2100013,c34553bdfb9c656a76472083bc68d71ff6196456cddafe7647570db7806da058,16,True,True,0,2697.195724,2697.195724,1.0826920999970753,101,119,2020.195724,92.0,505.0,48.0,32.0,7492.941168284389,1578.588233656878,1578.588233656878,1.7086125859128016,1.7086125859128016,7cb42f3eb3d52265cd858845cb3eea60e74453937e590828c1a9eda716f05793,00659f0ab17516068c605b5521a1614e37bf255591eaebad5b62d98c986b7fa4
state_certified_tail,state_search_certified_tail_v2,2100014,q3-random-2100014,96b508030f5c3ae7a8f2d97796599228fd6fa20138d74e1d51e91c6b826f4bb5,15,True,True,0,2967.591473,2967.591473,1.242852600000333,108,125,2254.591473,98.0,540.0,45.0,30.0,9002.067687409899,1875.4135374819798,2025.4135374819798,1.5823664560854298,1.4651780577557252,7c7015909148643f0992cb7d523ec2257a678a9e146f6cb60b77f75efeaa97c8,0a08ee27c0d7c06b6aedcdd3d708dffb426469a44f136dab2d2214d648cf8b0a
state_certified_tail,state_search_certified_tail_v2,2100015,q3-random-2100015,41a7fd0bee33a6098aaa1f9828728a4c9cf28654a8df0afb924295289257f6fe,14,True,True,0,3005.541704,3005.541704,1.1467375999927754,105,121,2311.541704,99.0,525.0,42.0,28.0,7959.351248245959,1661.870249649192,1841.870249649192,1.8085296999777492,1.6317879636594623,08e926b10b6634ef1b0a2efac5ec7b8f10fb072d91e1e55cc499b132e3d526d7,a65bb325f134b78361f504cfae03647310716cdfe927d8dfee1ece22ccb92dbe
state_certified_tail,state_search_certified_tail_v2,2100016,q3-random-2100016,a5f8c3ffb2bdfdfda5aadd281ec94aef09cb4e232667af7fac06ed22fad3a08d,10,True,True,0,2773.526096,2773.526096,0.9760918999963906,129,141,1958.526096,120.0,645.0,30.0,20.0,7999.587025349998,1649.9174050699996,1949.9174050699996,1.681009053833413,1.422381321787542,95b42a74e6381014b03bdba96a9ddc999aaa44ba174d27ea5a6a9bf6cbab23b9,dea9128100d0365743b272c1208cfd22452c700ba36a865aa0f1a748357eeb44
state_certified_tail,state_search_certified_tail_v2,2100017,q3-random-2100017,20c46e1b376c4ab48453dd786ff9ea3a1ab779f2c321451710474cfbebf75a3d,14,True,True,0,2839.403189,2839.403189,1.1274454000085825,117,133,2075.403189,109.0,585.0,42.0,28.0,8081.239059754453,1686.2478119508905,1866.2478119508905,1.6838587833154701,1.5214502440765447,c597019a3b2c46cbbde999e56c0491e4177e7c658d480688be8ca5809d1f06bc,08c792b21010f0b721c406f53a0003c44449b8f72acebcb79a8fa3f7bdb9a034
state_certified_tail,state_search_certified_tail_v2,2100018,q3-random-2100018,26af895fbf4a4a84d4cf89a2670229bc3677d7b8030646dc83ae90d05f994c53,15,True,True,0,3048.839117,3048.839117,1.5583346000057645,120,137,2265.839117,108.0,600.0,45.0,30.0,8367.569042666457,1748.5138085332915,1898.5138085332915,1.7436746007499149,1.6059083180202938,5b638ad584d58ba3a797607941311ed198e2fea298cf0378d2dd17a3b33de398,576aecf85f65e79c9150b2b0fae9aebe01367d7abdc9a6adf77c97cd321873f6
state_certified_tail,state_search_certified_tail_v2,2100019,q3-random-2100019,6b6f47d7a2d47991dc2f37263036f9894c2c7ffa5c3d14736fd9b50796c14497,13,True,True,0,3333.292519,3333.292519,1.2240096000023186,112,127,2606.292519,102.0,560.0,39.0,26.0,8654.494757988645,1795.898951597729,2005.898951597729,1.8560579458184563,1.6617449828890842,e9245f87aef6fe1ce3fc67d2fc78ed51ad7be7aca1b01fee5e9d4133c97e97cf,c1432960f38ed415b0bc12cbb06d55c80f4b098ff8d1f910c966bfea0cef7c24
state_certified_tail,state_search_certified_tail_v2,2100020,q3-random-2100020,d89cd8545b5af2b381f14e722caad86304a247986e0b802000def2dececd78b1,15,True,True,0,3376.906485,3376.906485,1.3311168999935035,121,138,2585.906485,111.0,605.0,45.0,30.0,8176.118901361436,1710.223780272287,1860.223780272287,1.9745407144685814,1.8153227159077125,ed5c4399237d748351666dd3bac320a4a8f3cadd2d6dfa8d9f1f55e495057996,e8630100cda1a8279c62de5093d1d2f7e0068b7776ca3b8350695cc8f0c52fb9
state_certified_tail,state_search_certified_tail_v2,2100021,q3-random-2100021,2d87f83c03b493710f2b5bc276cb702f62a5c9c132387038e5388b151ccc5d86,16,True,True,0,2922.1902,2922.1902,1.1582431999995606,118,136,2144.1902,108.0,590.0,48.0,32.0,8640.61985218669,1808.123970437338,1808.123970437338,1.6161448262273734,1.6161448262273734,d421eadb2708290377ef26ef89936d0d0be46cd8b07ce8247fe8cf72e8e333e4,658fb2360ef2988ed9e01b3d01e677dab4d55ab2c1a9381e3da33bc394102a4f
state_certified_tail,state_search_certified_tail_v2,2100022,q3-random-2100022,6bf7da8c91764a8e47aed767d5d762643ced0ce904fce5b9702a5bf490ea7392,13,True,True,0,3383.284388,3383.284388,1.1917572999955155,128,143,2565.284388,113.0,640.0,39.0,26.0,8017.330565048795,1668.4661130097588,1878.4661130097588,2.0277813026102565,1.8010888589196623,8893214733e20f5293a61e01d0a13c2dc0f75d37bb08be54450eda9b1e83ee3e,89bb152742b53f72d8e4a5f94f7be9df51e368f9cdf86b14d71652f6e2389380
state_certified_tail,state_search_certified_tail_v2,2100023,q3-random-2100023,91caccac6e1350d08b82b2f10918c07521e6da82aaf9f4a2264bcd609687235a,11,True,True,0,3130.591307,3130.591307,0.9313648000097601,120,133,2365.591307,110.0,600.0,33.0,22.0,7973.035587104174,1649.6071174208348,1919.6071174208348,1.8977799464727627,1.6308500206053786,32177b6129ad009266449b93c9ac415d13b812b868402798ae8a277c4a78d646,5ea8d58553ce4048c138a0820c1b26560172939f062f4323af15db264927b5ce
state_certified_tail,state_search_certified_tail_v2,2100024,q3-random-2100024,99948950b7e8575f6c71f1e7b00eed9ba21557fa83deb1b2d71f952ba06746b7,16,True,True,0,2924.550947,2924.550947,1.214677899988601,92,110,2303.550947,81.0,460.0,48.0,32.0,8877.387552471131,1855.4775104942262,1855.4775104942262,1.5761715948909643,1.5761715948909643,e9e86b16c2cae5bb1cbdcb8c2771cae61014112d9e2942cef81ba1ca54a02515,42358d30d9960b6742a4fc27da3a6be381fae8df73494a4dab790c93c90146b3
state_certified_tail,state_search_certified_tail_v2,2100025,q3-random-2100025,16137888e4b78f631a930e6d676ed0a4b2a096c08e4c3e2e1cfc11cfa150950b,14,True,True,0,3494.072488,3494.072488,1.2543576000025496,122,138,2705.072488,109.0,610.0,42.0,28.0,10816.78898449535,2233.35779689907,2413.35779689907,1.5644929320556622,1.447805415545736,8390dcefb8537379ef02c069c61aae76f1ec33ed43cc1b1d85773c8c03bbfe98,c51eedb7ad38bd66e26cc981d3ddf44f8c7e26e2efa82b01cf193856a4d4d7b7
state_certified_tail,state_search_certified_tail_v2,2100026,q3-random-2100026,f280bc1f8267e1207979a38dacf298b4af2d9784ddcd113f3c3db73e6a20a49d,13,True,True,0,3005.022111,3005.022111,0.973763299989514,120,135,2229.022111,111.0,600.0,39.0,26.0,8577.541821340903,1780.5083642681807,1990.5083642681807,1.6877326561928934,1.5096757014155076,f3942844d8fa67122957c5448b3910e6bfed228d40bcfac442963ae44d83b497,85f9723893c739a0ecb0b28990fc654da2bd59e797bafaedf50c01b4c21026c7
state_certified_tail,state_search_certified_tail_v2,2100027,q3-random-2100027,89ae0205ed0a8b49d3932ec875262a24bcab8f9d361239874ba347eee438f489,16,True,True,0,3550.173907,3550.173907,1.2961367000098107,121,139,2756.173907,109.0,605.0,48.0,32.0,10347.812360249609,2149.562472049922,2149.562472049922,1.6515797764251021,1.6515797764251021,db7ee8bec8c5feeb1c1201961e6405691c74e238d36a5463f8b5d7609dd85272,c0d4d10d5eb968698a122a388af2897eb0816452abda6e1dd33b902f8ef64ee1
state_certified_tail,state_search_certified_tail_v2,2100028,q3-random-2100028,bf70075297e3f432d8a570b457ce25db858d55988e1678b6064a394afde1c738,12,True,True,0,3277.311453,3277.311453,0.9437601999961771,125,139,2480.311453,112.0,625.0,36.0,24.0,8290.587142163473,1718.1174284326946,1958.1174284326946,1.9075014307896505,1.67370526680987,248638a4cb9e9cd46a0284d8108f8d7e2f033c8ce8b8f6bd54bf3b2302593083,dcc124806af473d387abe33d006bb4407f88df92c8dc57468ccacb8b308fae62
state_certified_tail,state_search_certified_tail_v2,2100029,q3-random-2100029,324403b398260d65734a19112bdd74af39dc86a21b66a2b6da9e4c4c6246849d,12,True,True,0,2857.256341,2857.256341,0.9533988000039244,123,137,2066.256341,116.0,615.0,36.0,24.0,8642.10900888043,1788.421801776086,2028.421801776086,1.597641193012997,1.4086105456459728,b8bdd259022482281866e763b9939be6c0dee923ac39332bd918c783e43cd1a2,b5a5e1880d7c8294c12f9749bfff6c825b7d855d82bcbf599c3b791516997e20
state_certified_tail,state_search_certified_tail_v2,2100030,q3-random-2100030,447046266cafc9979fd2ee227cf5fdfd66dfc8029045bde67a015463f5bef3e6,16,True,True,0,3024.964693,3024.964693,1.2602025999949547,105,123,2323.964693,96.0,525.0,48.0,32.0,8747.679409024202,1829.5358818048403,1829.5358818048403,1.6534055019548821,1.6534055019548821,64bb95543331745b59b8ad36fcd9d48d35b1dfc14ca73ccc05ed3c6e724b7474,175c2d47c8f348635ab389f39983874e56ca8686cd75088571a513e59bc09c3e
state_certified_tail,state_search_certified_tail_v2,2100031,q3-random-2100031,a1d130d0436dcad8446f4a666172a0035b0a06aafc1e2291be12368f25631e99,16,True,True,0,3290.521534,3290.521534,1.0828585999988718,117,135,2516.521534,109.0,585.0,48.0,32.0,8396.61103396181,1759.322206792362,1759.322206792362,1.8703347921693985,1.8703347921693985,eb09d722e53c984d19c3ec77161d0782e8c2b3e050f9205bff76b4b69aa0ddb5,1c61efaea9da8eada04aa3b7e780ab1e72e2976fc0375a34decda4d79df4a18b
state_certified_tail,state_search_certified_tail_v2,2100032,q3-random-2100032,9779224248d34bba248a81d44b3fc21216a898fad7c60d00d77a3ff1aa6f90e8,14,True,True,0,2950.339349,2950.339349,1.10332219999691,124,140,2148.339349,112.0,620.0,42.0,28.0,9361.26667298528,1942.2533345970562,2122.253334597056,1.5190291072982418,1.3901918780870566,e4cd743d441fd88d69ef93e0356fa9fd51b880c423f53d87302becaac5d0d4cd,d6b71148c5dfb5901f48a629b67e3a66d68c73c817e9d8969cc4f9edca20c6e5
state_certified_tail,state_search_certified_tail_v2,2100033,q3-random-2100033,f6d4428a527e419f8d1612f84945c3e9c2b6ec33afca1d3954e207891c652c62,10,True,True,0,3342.723298,3342.723298,0.9288376999902539,128,140,2535.723298,117.0,640.0,30.0,20.0,9591.277525001642,1968.2555050003284,2268.2555050003284,1.6983177689623392,1.4736978663254763,884be7e923dac6ecd108936cc04a79d08926dabdcd9255ac18c8f55138233335,64694bb7df6e6c81bf6ca840d350fdbc74d96adf18001f97f7cceda006c613fe
state_certified_tail,state_search_certified_tail_v2,2100034,q3-random-2100034,9e0ea6001145f3ae09e56b3c6caf586fe3d45ed66d750425741f88c08c8184d4,12,True,True,0,2807.81011,2807.81011,1.0944264999998268,109,123,2101.81011,101.0,545.0,36.0,24.0,7497.705122611395,1559.541024522279,1799.541024522279,1.8004079827653732,1.5602923588504376,edf750a684549c673598e5b10af351458df1e7896d602e7bcc6432a0ef50d8b3,96ed337ffb417e74dfd1a64b6355967fd381e51bf01e3be40a846b1e39a312dd
state_certified_tail,state_search_certified_tail_v2,2100035,q3-random-2100035,bd50ca750804ae13ba9a665538b7723550a3c92917b9dd9ae9100ee84ada62f2,15,True,True,0,3084.665167,3084.665167,1.1693578000122216,109,126,2364.665167,100.0,545.0,45.0,30.0,8307.118792849142,1736.4237585698284,1886.4237585698284,1.7764472248068206,1.6351920680529413,4b0521ad8a75487930ecbc99bdff90e884fdb7a552af5e5527d0ced31c4f837c,d10d679670bf20ad83ede0e947c1575dc9ab8cc24230c47b124a3edaf1f1100f
state_certified_tail,state_search_certified_tail_v2,2100036,q3-random-2100036,961e848d06c77555508e923457331bf59c707cf1f8840f337d12067846ad5ff9,13,True,True,0,2864.855077,2864.855077,0.8807132999936584,119,134,2092.855077,112.0,595.0,39.0,26.0,8388.54121043344,1742.7082420866877,1952.7082420866877,1.6439097536887035,1.4671188533206483,148bbbab5016c520eaebefcb64dba5307e0ad685ce46f48523c152203a5eea7f,5b30192a330e641f493f92deecc16f1dffce89f911d2c5152604c07c5fc84647
state_certified_tail,state_search_certified_tail_v2,2100037,q3-random-2100037,d6ec71c33b50981a54e727adcfa266579cb5add991beddafcf6cb8ea401ba7d1,10,True,True,0,2863.728339,2863.728339,0.9289556000003358,119,131,2106.728339,112.0,595.0,30.0,20.0,7187.334451815578,1487.4668903631157,1787.4668903631157,1.925238375088077,1.6021154598383898,00eeb8b49045d50f77f2604955317264e3b65d48b8428d17c2f3314b3570a273,a3f4298e90667daa33896a609c39fd457ef0aecab845e60b50980be826c23003
state_certified_tail,state_search_certified_tail_v2,2100038,q3-random-2100038,591d30cc2d6c3e6bef8fe509f691b0c4bd901b8cbdf269594214a877efde645c,16,True,True,0,3040.245142,3040.245142,1.2270516999997199,101,119,2364.245142,91.0,505.0,48.0,32.0,9106.111727005384,1901.2223454010768,1901.2223454010768,1.5991002574497084,1.5991002574497084,fcbb2a46e0388afe8ff0d448c6edc0482f8dcf7faa56593c69d56ead2dbd5802,c38d4fd258497e6237118c08efda9a4aa004f63918667d692b7920317e87e849
state_certified_tail,state_search_certified_tail_v2,2100039,q3-random-2100039,b9fb43b76f6bf3be1628bc0b43fe6cf1f09627b027b380ba86794295ce3b5236,11,True,True,0,3486.433016,3486.433016,0.9799984000128461,127,140,2679.433016,117.0,635.0,33.0,22.0,9997.363394864877,2054.4726789729752,2324.4726789729752,1.6969965342848254,1.4998812623344815,9c9e2994e1c04e35a2cd407818a5b446ec52fc2560b6643957a9dcefa6c2445d,d1bc8e9f871b322d3e5929d9a83b393431a2b7e17faa523460b1bf30774ee54e
state_certified_tail,state_search_certified_tail_v2,2100040,q3-random-2100040,74a276ef40c7a28546042bd1cb73be9fcad99daa77c088464ab57fa1310ae2b7,13,True,True,0,3154.881383,3154.881383,1.3308260999911,119,134,2384.881383,110.0,595.0,39.0,26.0,8302.60037504571,1725.520075009142,1935.520075009142,1.828365504807752,1.629991558204375,572579d122b492146f60c32823dcada0a7e09292885cc8652b00d4b8093da838,846d7381e9a8fd3813bec8a95f93d1acb9119750a88f58f147be1e35613701a0
state_certified_tail,state_search_certified_tail_v2,2100041,q3-random-2100041,c2099c419cca1eee36f58aa6da86ef288a3ceaf6d13e558703072fb12f54cf1a,13,True,True,0,2639.65064,2639.65064,0.9077394000050845,111,126,1914.65064,105.0,555.0,39.0,26.0,7947.991036952197,1654.5982073904393,1864.5982073904393,1.5953423787175152,1.4156672625435318,cc955406dfd658bba9a4c14f6cca7efe11608f20191c3e10a99abfe04f776ddd,5f13de962a172b9e60eb06943925145b3208576e6a363c734815bce74db59b10
state_certified_tail,state_search_certified_tail_v2,2100042,q3-random-2100042,62e19bbdbbe830a634906701ee8acc6a107d86831c80d6f8b03961cc948663c0,14,True,True,0,3180.723864,3180.723864,1.1677631000056863,116,132,2424.723864,106.0,580.0,42.0,28.0,9398.159346110482,1949.6318692220964,2129.6318692220966,1.6314484360932762,1.4935557219858107,52d00dc9794e636d6fbde28c50bed498e5cf875890162bcd77aec937fbe22dc4,d7494bc621aaa783dbf12245fb39d5825aaef9527f0af054da40f3394c35804d
state_certified_tail,state_search_certified_tail_v2,2100043,q3-random-2100043,0f2176331af257f6225bab17eb0c49d1e2eabdff807e7a6897c9ab5dc8c8978d,14,True,True,0,3453.443578,3453.443578,1.0820517999964068,112,128,2720.443578,103.0,560.0,42.0,28.0,9195.072007902436,1909.0144015804872,2089.014401580487,1.8090191331929546,1.653144935423722,4648d269fac7bcc8b7a2c0d8136c005f46eec69ef0d64d83028f5acba6b82a2c,9b9898edfb252c066962d889b9ea712ac8e6b018c3f03da8aa0e52c34df433e9
state_certified_tail,state_search_certified_tail_v2,2100044,q3-random-2100044,e82a0b44f16084ab682a90f76a6cf25a5e060749ddda5d8d70020fb5fa869eca,15,True,True,0,2846.532194,2846.532194,1.2160186999972211,121,138,2053.532194,113.0,605.0,45.0,30.0,6850.594122717049,1445.1188245434098,1595.1188245434098,1.9697564972896755,1.7845267388244868,a4db2db9ed9ea7569b56a0d8039d35706c2e072e30f66e28523d76d25080ba3a,92954f22b9c0b8c3f449146fe979fa003117d047dad7aafea4c82c09024e1698
state_certified_tail,state_search_certified_tail_v2,2100045,q3-random-2100045,c314bf2e26751e7669b3017fbeefe571049c72bafbb84c4d93fc9758d4185ecd,12,True,True,0,2882.901233,2882.901233,0.781817900002352,113,127,2154.901233,103.0,565.0,36.0,24.0,6753.388234993657,1410.6776469987312,1650.6776469987312,2.043628634176971,1.746495591214737,dfdcd8837eb22c132191fc026aa3f6d0fb72ae5f5c26112c29d02a4e9e82c8f0,b9d337cd6525cb498965be8d6c09f680c5b4f7e11f5ddeb1362df68ffc8072d3
state_certified_tail,state_search_certified_tail_v2,2100046,q3-random-2100046,d11ee21cf3c3caf08521f55f747d1a4922152df80722e91985177c3f00419a0e,13,True,True,0,3246.649031,3246.649031,1.1845303000009153,125,140,2444.649031,112.0,625.0,39.0,26.0,9697.093139352295,2004.418627870459,2214.418627870459,1.6197459881169212,1.4661405888380763,be628c3abbfd24d3951f2947613231f423fddc3a01b80b62c0facee5718d6b34,0b7b37a4f43b408a5a08ca2f5122936e4d69d372761c6bc4b51f0deee28d08b9
state_certified_tail,state_search_certified_tail_v2,2100047,q3-random-2100047,e0e56ef67cc8c660dfc918b69c9eb84e7dcd5572eb23e392fc9b62b63d1162a4,12,True,True,0,2864.675755,2864.675755,1.005588500003796,120,134,2093.675755,111.0,600.0,36.0,24.0,7471.534912375875,1554.3069824751751,1794.3069824751751,1.8430566080569954,1.5965360347917132,3327d2e4f20b5950501a6117edf3bb94c08beb937eaef732471bb22a99a41589,59b6570215de9156554e0a471e773d500fb2f0d099ef3f5a39257471c861541f
state_certified_tail,state_search_certified_tail_v2,2100048,q3-random-2100048,f78af146c8074e1522fd894e79c96f00b1fdaaab6d9c6fff89ead8ee534473d7,13,True,True,0,3225.187899,3225.187899,1.0202237000048626,124,139,2428.187899,112.0,620.0,39.0,26.0,8538.541789536801,1772.70835790736,1982.70835790736,1.819356175884034,1.626657741234323,20035e576c2b7e210fd52f55ec73ad9481bef8c900ae2f22778e585db060c818,272e01f0210a4479adf772b8586e2fbcc0f5528b4aaaf1d5f0f9b309d9a49896
state_v1,state_search_relocating_cover_v1,2100001,q3-random-2100001,4c849ed892a454372ac58d4c4fce6994af5015c79be4063312dd5439dcd699a5,11,True,True,0,3280.801542,3280.801542,1.0304806999920402,133,146,2441.801542,119.0,665.0,33.0,22.0,8578.382513171167,1770.6765026342334,2040.6765026342334,1.8528520241383197,1.607702905269373,83b9ca79e8fb96d1ba315a5de86bca34c839d5aba1a1921d024abefb8c002b22,ca7e0e6b8617937adbbd4a91c574ee7d1e8fda28bd9b26c11e82cf8c953c921d
state_v1,state_search_relocating_cover_v1,2100002,q3-random-2100002,281c50fd916a63548bd9aa7bc82b627c4cf5ff1c08a2da71842d0e68ebcdc021,13,True,True,0,3329.06448,3329.06448,1.16157490000478,109,124,2620.06448,99.0,545.0,39.0,26.0,8111.789399100648,1687.3578798201295,1897.3578798201295,1.9729451112972398,1.7545790993924653,3e4cbc6d7cfeff53f5fd85f73f131fb3f40936ada1f52b3abba4ab4c77e1dee2,a8fb68e1df3b8640c0248c428be95e6872dc2388f66fb6889d34321d9fd6681a
state_v1,state_search_relocating_cover_v1,2100003,q3-random-2100003,a46f61c918b3a8af1a0a6bec0531d34f897265a623a7debdb46b8b0556e14743,10,True,True,0,2766.797102,2766.797102,0.8523134999995818,120,132,2003.797102,113.0,600.0,30.0,20.0,6566.503194414941,1363.3006388829883,1663.3006388829883,2.0294841967263784,1.6634377678457932,99edcd4f0d2dbfd52b8a179052c90c54c926d2ff652c53adc1511127eecff2e9,910e14cde78a9ac015693e076c391bfa692d75d1a06604d38e2c743822689638
state_v1,state_search_relocating_cover_v1,2100004,q3-random-2100004,526d65d78a20a9f0ff4fe55d4a90782d828fb23ab21bf522678a7d2e9a76a13c,10,True,True,0,2832.021273,2832.021273,0.8356660999997985,119,131,2078.021273,109.0,595.0,30.0,20.0,7407.972527335181,1531.5945054670362,1831.5945054670362,1.8490672713248069,1.5462053770891095,6ee146c0daa80618e36a649e8b7fd190a76ba3182b63e434b736cb5128791f5a,217ded5a18a3edda8a26fc07383219e83354dcbc9cad1a4d4b48904d82b63d33
state_v1,state_search_relocating_cover_v1,2100005,q3-random-2100005,c0eb7fa80e5944f835ea0321511bce2332d2ba22b9d6bbc40b1763d6e2f6234c,11,True,True,0,3148.197467,3148.197467,0.9118835999979638,115,128,2414.197467,104.0,575.0,33.0,22.0,8408.206214692711,1736.6412429385423,2006.6412429385423,1.8128081892567438,1.5688890468481318,a3c728b1bb86d939692daf7ea8f14ac46d936a55483650de36bb53afa477c328,5da7ae23f6f45ec6581d6207baf7ab966d89d2f021eca2a0778edd68362a9237
state_v1,state_search_relocating_cover_v1,2100006,q3-random-2100006,128579fe03383ef716325a52738b9cc76944036cb1526c8d257ae1d1d81781a3,13,True,True,0,3495.908733,3495.908733,1.116456299991114,118,133,2735.908733,105.0,590.0,39.0,26.0,8420.036707940555,1749.007341588111,1959.007341588111,1.998795916903179,1.7845306951049849,270445dde4b3058602269ffc9309ddc664989a1a557bb782766cee0a44c2b2c7,a0fa02bd87e55d9c41dcd12dd6b2891048fc06dd46bda8cdebb57268ec9a7a3f
state_v1,state_search_relocating_cover_v1,2100007,q3-random-2100007,1f9b0d0041fa7698fc3a8a5b76088cb350fddf68fd0499f88d76586b428595aa,14,True,True,0,3516.288043,3516.288043,1.103410099996836,125,141,2708.288043,113.0,625.0,42.0,28.0,9859.608794360418,2041.9217588720835,2221.9217588720835,1.7220483731670144,1.5825435927073224,7ede29a61396ebee22c876278fb92a3edf4f6f47c5495cd65e70bb12c40b0e86,f18de06e188256eafceb724c1f6d7469ad12d1159da138e0f5586e4b477d31a7
state_v1,state_search_relocating_cover_v1,2100008,q3-random-2100008,b1fb9d44f85cf921c4ea1d63e4b0339190724bd6356535f57ef95119cc0d877b,15,True,True,0,3388.266852,3388.266852,1.2811317000014242,116,133,2630.266852,103.0,580.0,45.0,30.0,9853.623390075229,2045.7246780150458,2195.724678015046,1.6562672819138178,1.5431200851023923,0027503c0daf89a7f0eae3ed39702b48089ffaa2ec2bb8031ce9797456b2a694,602c378da0f4e2a8fcd130394c74fa562b66ae1f705de010c2158ff1e56ec51c
state_v1,state_search_relocating_cover_v1,2100009,q3-random-2100009,4b1a0912b9fe07de3598373328fbaf804b338d334d3a135cf18d758055fe3f59,11,True,True,0,3449.095751,3449.095751,0.9964371000096435,133,146,2609.095751,120.0,665.0,33.0,22.0,8140.5298577864605,1683.1059715572922,1953.1059715572922,2.0492445569596116,1.7659542294317463,9b963c226cdfe1d11d24b525d97c7c995a46abc07ac209dbc7441b2f553edff4,f09e5fd93e3c547ea6df2ee4723ae0b7f54bb51ec11093e3003b724e5fa2bff6
state_v1,state_search_relocating_cover_v1,2100010,q3-random-2100010,60f637cd2c1f0a75fc6a8f68568418b02028d65c0cb074dc91cc4ddb9b4dde2f,10,True,True,0,2871.377644,2871.377644,0.8145826000109082,115,127,2141.377644,105.0,575.0,30.0,20.0,6638.44486726275,1377.68897345255,1677.68897345255,2.0841987555465438,1.711507728450366,143991ef669f5c2e59fa84011927b2471de89d78fa97c3ed830dfadfa2c721cf,d157d0bc6c6c72d737e0f70fc0db16a740bd8bc5c0b54dee4e3426a9a1fca469
state_v1,state_search_relocating_cover_v1,2100011,q3-random-2100011,6fd5081fbd6d8a5e1f4cff413f85767b25ccb7f2b5eaf22041dc81f8e15a1014,13,True,True,0,3003.941765,3003.941765,1.0537784000043757,109,124,2291.941765,102.0,545.0,39.0,26.0,6600.7854083081,1385.15708166162,1595.15708166162,2.1686650595588066,1.8831636078566618,37fd21ef5e58717db71713a9e64479ae4faf026e3ffd22729f8ed9c723ea9a55,a3ff5f45391453ecbca268e85f1844ebbe30965a938bdebe69c9c620c637d4d5
state_v1,state_search_relocating_cover_v1,2100012,q3-random-2100012,591ccec4dc694e5017a0d2ddc3fea3f4b10587d927abe83eb48f7cb2a2185c84,10,True,True,0,2976.119398,2976.119398,0.8269329000031576,115,127,2245.119398,106.0,575.0,30.0,20.0,8160.40293204199,1682.0805864083982,1982.0805864083982,1.7693084517161282,1.5015128135596323,70f7217887787468c901c425a8f0ff47d50415aa707e69bfcdb7b9872f58b23d,5178bd46341df3b9ee46ebe323d2be71befc8eab1485b8637da4b7fa57d496c3
state_v1,state_search_relocating_cover_v1,2100013,q3-random-2100013,c34553bdfb9c656a76472083bc68d71ff6196456cddafe7647570db7806da058,16,True,True,0,2697.195724,2697.195724,1.0479579000093509,101,119,2020.195724,92.0,505.0,48.0,32.0,7492.941168284389,1578.588233656878,1578.588233656878,1.7086125859128016,1.7086125859128016,d73eeae2947e55bc21e1756af5140a325f0267a50a89ea877a9cd03e2f339419,00659f0ab17516068c605b5521a1614e37bf255591eaebad5b62d98c986b7fa4
state_v1,state_search_relocating_cover_v1,2100014,q3-random-2100014,96b508030f5c3ae7a8f2d97796599228fd6fa20138d74e1d51e91c6b826f4bb5,15,True,True,0,2967.591473,2967.591473,1.2382290999958059,108,125,2254.591473,98.0,540.0,45.0,30.0,9002.067687409899,1875.4135374819798,2025.4135374819798,1.5823664560854298,1.4651780577557252,fc24cc44ef49d32993bfb69fe8bd8193b7b0f2ccb8a1ba9eb059e3f66c05f275,0a08ee27c0d7c06b6aedcdd3d708dffb426469a44f136dab2d2214d648cf8b0a
state_v1,state_search_relocating_cover_v1,2100015,q3-random-2100015,41a7fd0bee33a6098aaa1f9828728a4c9cf28654a8df0afb924295289257f6fe,14,True,True,0,3005.541704,3005.541704,1.155278599995654,105,121,2311.541704,99.0,525.0,42.0,28.0,7959.351248245959,1661.870249649192,1841.870249649192,1.8085296999777492,1.6317879636594623,d17af4cd3e3a38746f7c6fce37f38f11f29fdfd830df82b44d33a16c87052287,a65bb325f134b78361f504cfae03647310716cdfe927d8dfee1ece22ccb92dbe
state_v1,state_search_relocating_cover_v1,2100016,q3-random-2100016,a5f8c3ffb2bdfdfda5aadd281ec94aef09cb4e232667af7fac06ed22fad3a08d,10,True,True,0,2773.526096,2773.526096,1.004357900004834,129,141,1958.526096,120.0,645.0,30.0,20.0,7999.587025349998,1649.9174050699996,1949.9174050699996,1.681009053833413,1.422381321787542,38713cd47ee6e8dd910c04b2a82ae2474528510261870803a9ed04473a899d16,dea9128100d0365743b272c1208cfd22452c700ba36a865aa0f1a748357eeb44
state_v1,state_search_relocating_cover_v1,2100017,q3-random-2100017,20c46e1b376c4ab48453dd786ff9ea3a1ab779f2c321451710474cfbebf75a3d,14,True,True,0,2839.403189,2839.403189,1.1069062000024132,117,133,2075.403189,109.0,585.0,42.0,28.0,8081.239059754453,1686.2478119508905,1866.2478119508905,1.6838587833154701,1.5214502440765447,73c99bd53e56ecc5f78128f94ecee805856dd540ae0f0acbeabd255d4cf54f85,08c792b21010f0b721c406f53a0003c44449b8f72acebcb79a8fa3f7bdb9a034
state_v1,state_search_relocating_cover_v1,2100018,q3-random-2100018,26af895fbf4a4a84d4cf89a2670229bc3677d7b8030646dc83ae90d05f994c53,15,True,True,0,3049.158661,3049.158661,1.5720022000023164,120,137,2266.158661,108.0,600.0,45.0,30.0,8367.569042666457,1748.5138085332915,1898.5138085332915,1.7438573525237016,1.606076630728141,b4e7e04972d4929ed9c096b0eee617e3b0c5cc75dc59be6b7a26521e2e311833,576aecf85f65e79c9150b2b0fae9aebe01367d7abdc9a6adf77c97cd321873f6
state_v1,state_search_relocating_cover_v1,2100019,q3-random-2100019,6b6f47d7a2d47991dc2f37263036f9894c2c7ffa5c3d14736fd9b50796c14497,13,True,True,0,3333.292519,3333.292519,1.2287232999951812,112,127,2606.292519,102.0,560.0,39.0,26.0,8654.494757988645,1795.898951597729,2005.898951597729,1.8560579458184563,1.6617449828890842,8763d123830a6bcaabe875b4d6f2bc3a76926419437257f11622c20cd07cbd92,c1432960f38ed415b0bc12cbb06d55c80f4b098ff8d1f910c966bfea0cef7c24
state_v1,state_search_relocating_cover_v1,2100020,q3-random-2100020,d89cd8545b5af2b381f14e722caad86304a247986e0b802000def2dececd78b1,15,True,True,0,3376.906485,3376.906485,1.3104917000018759,121,138,2585.906485,111.0,605.0,45.0,30.0,8176.118901361436,1710.223780272287,1860.223780272287,1.9745407144685814,1.8153227159077125,11d39d472b44ae795da3ecba2ba141d4086560d3abc772e0c8012d6636f1bd21,e8630100cda1a8279c62de5093d1d2f7e0068b7776ca3b8350695cc8f0c52fb9
state_v1,state_search_relocating_cover_v1,2100021,q3-random-2100021,2d87f83c03b493710f2b5bc276cb702f62a5c9c132387038e5388b151ccc5d86,16,True,True,0,2922.1902,2922.1902,1.1624728000024334,118,136,2144.1902,108.0,590.0,48.0,32.0,8640.61985218669,1808.123970437338,1808.123970437338,1.6161448262273734,1.6161448262273734,b4b7744cc2af96007086b220253e0f9e23029842a8d14b067b367678139e9d4d,658fb2360ef2988ed9e01b3d01e677dab4d55ab2c1a9381e3da33bc394102a4f
state_v1,state_search_relocating_cover_v1,2100022,q3-random-2100022,6bf7da8c91764a8e47aed767d5d762643ced0ce904fce5b9702a5bf490ea7392,13,True,True,0,3383.284388,3383.284388,1.2113039000105346,128,143,2565.284388,113.0,640.0,39.0,26.0,8017.330565048795,1668.4661130097588,1878.4661130097588,2.0277813026102565,1.8010888589196623,203a01b0fa585b86c503484d85637d10a54b715f76bdc00127a2f3bd613205d2,89bb152742b53f72d8e4a5f94f7be9df51e368f9cdf86b14d71652f6e2389380
state_v1,state_search_relocating_cover_v1,2100023,q3-random-2100023,91caccac6e1350d08b82b2f10918c07521e6da82aaf9f4a2264bcd609687235a,11,True,True,0,3130.591307,3130.591307,0.9080747999978485,120,133,2365.591307,110.0,600.0,33.0,22.0,7973.035587104174,1649.6071174208348,1919.6071174208348,1.8977799464727627,1.6308500206053786,56e325d4689c02569a795fa95fe9a223ed0694a043757cad28e1fcc6116dcc29,5ea8d58553ce4048c138a0820c1b26560172939f062f4323af15db264927b5ce
state_v1,state_search_relocating_cover_v1,2100024,q3-random-2100024,99948950b7e8575f6c71f1e7b00eed9ba21557fa83deb1b2d71f952ba06746b7,16,True,True,0,2924.550947,2924.550947,1.1859547999920323,92,110,2303.550947,81.0,460.0,48.0,32.0,8877.387552471131,1855.4775104942262,1855.4775104942262,1.5761715948909643,1.5761715948909643,004a7180e2073acb20281edbd5d4869dc1f05225df7f738441bdb3ca5f7bca69,42358d30d9960b6742a4fc27da3a6be381fae8df73494a4dab790c93c90146b3
state_v1,state_search_relocating_cover_v1,2100025,q3-random-2100025,16137888e4b78f631a930e6d676ed0a4b2a096c08e4c3e2e1cfc11cfa150950b,14,True,True,0,3494.072488,3494.072488,1.2121139999944717,122,138,2705.072488,109.0,610.0,42.0,28.0,10816.78898449535,2233.35779689907,2413.35779689907,1.5644929320556622,1.447805415545736,a65a7d3eb8c63696d8e46ba7b807cddd1b1de0e61bd8b8b3621fa9f15e9a7d90,c51eedb7ad38bd66e26cc981d3ddf44f8c7e26e2efa82b01cf193856a4d4d7b7
state_v1,state_search_relocating_cover_v1,2100026,q3-random-2100026,f280bc1f8267e1207979a38dacf298b4af2d9784ddcd113f3c3db73e6a20a49d,13,True,True,0,3005.022111,3005.022111,0.98510289999831,120,135,2229.022111,111.0,600.0,39.0,26.0,8577.541821340903,1780.5083642681807,1990.5083642681807,1.6877326561928934,1.5096757014155076,6b412b23430ccc8f59e8518634f5eae287560b1bb13729f310ee8d3c8fc3ffc9,85f9723893c739a0ecb0b28990fc654da2bd59e797bafaedf50c01b4c21026c7
state_v1,state_search_relocating_cover_v1,2100027,q3-random-2100027,89ae0205ed0a8b49d3932ec875262a24bcab8f9d361239874ba347eee438f489,16,True,True,0,3550.173907,3550.173907,1.2996327000000747,121,139,2756.173907,109.0,605.0,48.0,32.0,10347.812360249609,2149.562472049922,2149.562472049922,1.6515797764251021,1.6515797764251021,95e5a83b1f7aff18d5a64e2fad241a81deb9fd45f6204eb5d6864c91cceed99d,c0d4d10d5eb968698a122a388af2897eb0816452abda6e1dd33b902f8ef64ee1
state_v1,state_search_relocating_cover_v1,2100028,q3-random-2100028,bf70075297e3f432d8a570b457ce25db858d55988e1678b6064a394afde1c738,12,True,True,0,3277.311453,3277.311453,0.9207132000010461,125,139,2480.311453,112.0,625.0,36.0,24.0,8290.587142163473,1718.1174284326946,1958.1174284326946,1.9075014307896505,1.67370526680987,731aea1c2cf68f140db60318bcadc45c606958e5b406717948f87d04de87818a,dcc124806af473d387abe33d006bb4407f88df92c8dc57468ccacb8b308fae62
state_v1,state_search_relocating_cover_v1,2100029,q3-random-2100029,324403b398260d65734a19112bdd74af39dc86a21b66a2b6da9e4c4c6246849d,12,True,True,0,2857.256341,2857.256341,0.9510701999970479,123,137,2066.256341,116.0,615.0,36.0,24.0,8642.10900888043,1788.421801776086,2028.421801776086,1.597641193012997,1.4086105456459728,ad905eb11f2f571a3107fe49ae52b06787502a3ead15bc27030e93c300a5ba54,b5a5e1880d7c8294c12f9749bfff6c825b7d855d82bcbf599c3b791516997e20
state_v1,state_search_relocating_cover_v1,2100030,q3-random-2100030,447046266cafc9979fd2ee227cf5fdfd66dfc8029045bde67a015463f5bef3e6,16,True,True,0,3024.964693,3024.964693,1.2245172999973875,105,123,2323.964693,96.0,525.0,48.0,32.0,8747.679409024202,1829.5358818048403,1829.5358818048403,1.6534055019548821,1.6534055019548821,052df99958ed21fa62ffda5d21e83385333e18f10710ca0a121aa5097efa2c04,175c2d47c8f348635ab389f39983874e56ca8686cd75088571a513e59bc09c3e
state_v1,state_search_relocating_cover_v1,2100031,q3-random-2100031,a1d130d0436dcad8446f4a666172a0035b0a06aafc1e2291be12368f25631e99,16,True,True,0,3290.521534,3290.521534,1.093517300003441,117,135,2516.521534,109.0,585.0,48.0,32.0,8396.61103396181,1759.322206792362,1759.322206792362,1.8703347921693985,1.8703347921693985,f40a0225e631ea7e9166d1a70251a4ee2806f8403484b7bdaddaa0aa0503d841,1c61efaea9da8eada04aa3b7e780ab1e72e2976fc0375a34decda4d79df4a18b
state_v1,state_search_relocating_cover_v1,2100032,q3-random-2100032,9779224248d34bba248a81d44b3fc21216a898fad7c60d00d77a3ff1aa6f90e8,14,True,True,0,2950.339349,2950.339349,1.1144573999918066,124,140,2148.339349,112.0,620.0,42.0,28.0,9361.26667298528,1942.2533345970562,2122.253334597056,1.5190291072982418,1.3901918780870566,7677b770f9dedef482ef3ca7a107b2145cf751ac545701a51028e758b38c62fa,d6b71148c5dfb5901f48a629b67e3a66d68c73c817e9d8969cc4f9edca20c6e5
state_v1,state_search_relocating_cover_v1,2100033,q3-random-2100033,f6d4428a527e419f8d1612f84945c3e9c2b6ec33afca1d3954e207891c652c62,10,True,True,0,3342.814765,3342.814765,0.8868593999941368,128,140,2535.814765,117.0,640.0,30.0,20.0,9591.277525001642,1968.2555050003284,2268.2555050003284,1.698364240063153,1.4737381911477014,662c379dd77a60986c585d4c0f1e97bde9b484ef7c12ee1312ac53df1e124b6d,64694bb7df6e6c81bf6ca840d350fdbc74d96adf18001f97f7cceda006c613fe
state_v1,state_search_relocating_cover_v1,2100034,q3-random-2100034,9e0ea6001145f3ae09e56b3c6caf586fe3d45ed66d750425741f88c08c8184d4,12,True,True,0,2807.81011,2807.81011,1.0725608000066131,109,123,2101.81011,101.0,545.0,36.0,24.0,7497.705122611395,1559.541024522279,1799.541024522279,1.8004079827653732,1.5602923588504376,4f7b4ddbe1b58b3786320f2339a88de2998d7bf8564e635205e2574b5387f1a2,96ed337ffb417e74dfd1a64b6355967fd381e51bf01e3be40a846b1e39a312dd
state_v1,state_search_relocating_cover_v1,2100035,q3-random-2100035,bd50ca750804ae13ba9a665538b7723550a3c92917b9dd9ae9100ee84ada62f2,15,True,True,0,3084.665167,3084.665167,1.1639943000045605,109,126,2364.665167,100.0,545.0,45.0,30.0,8307.118792849142,1736.4237585698284,1886.4237585698284,1.7764472248068206,1.6351920680529413,34fa03baa89afe8f961496605d8a61608efe5e1795b6e24285d4f6fc6841c088,d10d679670bf20ad83ede0e947c1575dc9ab8cc24230c47b124a3edaf1f1100f
state_v1,state_search_relocating_cover_v1,2100036,q3-random-2100036,961e848d06c77555508e923457331bf59c707cf1f8840f337d12067846ad5ff9,13,True,True,0,2864.855077,2864.855077,0.852399700001115,119,134,2092.855077,112.0,595.0,39.0,26.0,8388.54121043344,1742.7082420866877,1952.7082420866877,1.6439097536887035,1.4671188533206483,d946cdafab375f4800d4f795c1050e1301e8b3fd6158e6ca6b6b002f8c764515,5b30192a330e641f493f92deecc16f1dffce89f911d2c5152604c07c5fc84647
state_v1,state_search_relocating_cover_v1,2100037,q3-random-2100037,d6ec71c33b50981a54e727adcfa266579cb5add991beddafcf6cb8ea401ba7d1,10,True,True,0,2863.728339,2863.728339,0.885634599995683,119,131,2106.728339,112.0,595.0,30.0,20.0,7187.334451815578,1487.4668903631157,1787.4668903631157,1.925238375088077,1.6021154598383898,c3dd20ca3c19a36974d50848c2e08c70781ca3da52337778aeada5fa56bd99bd,a3f4298e90667daa33896a609c39fd457ef0aecab845e60b50980be826c23003
state_v1,state_search_relocating_cover_v1,2100038,q3-random-2100038,591d30cc2d6c3e6bef8fe509f691b0c4bd901b8cbdf269594214a877efde645c,16,True,True,0,3040.245142,3040.245142,1.2212679000076605,101,119,2364.245142,91.0,505.0,48.0,32.0,9106.111727005384,1901.2223454010768,1901.2223454010768,1.5991002574497084,1.5991002574497084,1c80216c1af0ada777bab37cb8b95aa44de3b79d2d84c99fd4e2b989f01d57a2,c38d4fd258497e6237118c08efda9a4aa004f63918667d692b7920317e87e849
state_v1,state_search_relocating_cover_v1,2100039,q3-random-2100039,b9fb43b76f6bf3be1628bc0b43fe6cf1f09627b027b380ba86794295ce3b5236,11,True,True,0,3486.877379,3486.877379,0.9900653000077,127,140,2679.877379,117.0,635.0,33.0,22.0,9997.363394864877,2054.4726789729752,2324.4726789729752,1.6972128248223186,1.5000724295630834,6d42095ca8880c7f9ce318df83a47cf4b4c09eae0f36e85cd68359560f09e197,d1bc8e9f871b322d3e5929d9a83b393431a2b7e17faa523460b1bf30774ee54e
state_v1,state_search_relocating_cover_v1,2100040,q3-random-2100040,74a276ef40c7a28546042bd1cb73be9fcad99daa77c088464ab57fa1310ae2b7,13,True,True,0,3154.881383,3154.881383,1.307589400006691,119,134,2384.881383,110.0,595.0,39.0,26.0,8302.60037504571,1725.520075009142,1935.520075009142,1.828365504807752,1.629991558204375,8e2fdeeed74ff57bf3f9e7df5df4b6835efb8c3fa7874b7e307175b3344b5039,846d7381e9a8fd3813bec8a95f93d1acb9119750a88f58f147be1e35613701a0
state_v1,state_search_relocating_cover_v1,2100041,q3-random-2100041,c2099c419cca1eee36f58aa6da86ef288a3ceaf6d13e558703072fb12f54cf1a,13,True,True,0,2639.65064,2639.65064,0.9174050000001444,111,126,1914.65064,105.0,555.0,39.0,26.0,7947.991036952197,1654.5982073904393,1864.5982073904393,1.5953423787175152,1.4156672625435318,a5d48934831594b9b0b39a216e2a2c849f5b1af36da8666a4f65793f9cd8531b,5f13de962a172b9e60eb06943925145b3208576e6a363c734815bce74db59b10
state_v1,state_search_relocating_cover_v1,2100042,q3-random-2100042,62e19bbdbbe830a634906701ee8acc6a107d86831c80d6f8b03961cc948663c0,14,True,True,0,3180.723864,3180.723864,1.181766499998048,116,132,2424.723864,106.0,580.0,42.0,28.0,9398.159346110482,1949.6318692220964,2129.6318692220966,1.6314484360932762,1.4935557219858107,43b71b7e57bec6d6e20e01ac07994faf6b08670c475508e3f68930a3e9d6604b,d7494bc621aaa783dbf12245fb39d5825aaef9527f0af054da40f3394c35804d
state_v1,state_search_relocating_cover_v1,2100043,q3-random-2100043,0f2176331af257f6225bab17eb0c49d1e2eabdff807e7a6897c9ab5dc8c8978d,14,True,True,0,3453.443578,3453.443578,1.0621671000117203,112,128,2720.443578,103.0,560.0,42.0,28.0,9195.072007902436,1909.0144015804872,2089.014401580487,1.8090191331929546,1.653144935423722,8dbea3c732ac7045d3be79d8dbdefaae71ec9464d5c2a40eda1385285bfba32b,9b9898edfb252c066962d889b9ea712ac8e6b018c3f03da8aa0e52c34df433e9
state_v1,state_search_relocating_cover_v1,2100044,q3-random-2100044,e82a0b44f16084ab682a90f76a6cf25a5e060749ddda5d8d70020fb5fa869eca,15,True,True,0,2846.532194,2846.532194,1.2236534999974538,121,138,2053.532194,113.0,605.0,45.0,30.0,6850.594122717049,1445.1188245434098,1595.1188245434098,1.9697564972896755,1.7845267388244868,09e23785749b86e03d9e07b6de353cb8923a18d1e94ca72f0f6a4ba66c8e02f5,92954f22b9c0b8c3f449146fe979fa003117d047dad7aafea4c82c09024e1698
state_v1,state_search_relocating_cover_v1,2100045,q3-random-2100045,c314bf2e26751e7669b3017fbeefe571049c72bafbb84c4d93fc9758d4185ecd,12,True,True,0,2882.901233,2882.901233,0.7808660000009695,113,127,2154.901233,103.0,565.0,36.0,24.0,6753.388234993657,1410.6776469987312,1650.6776469987312,2.043628634176971,1.746495591214737,c4f601a29d3f0ca317fa1566575faffc0d171c94f1179cb987a60b79293a85a6,b9d337cd6525cb498965be8d6c09f680c5b4f7e11f5ddeb1362df68ffc8072d3
state_v1,state_search_relocating_cover_v1,2100046,q3-random-2100046,d11ee21cf3c3caf08521f55f747d1a4922152df80722e91985177c3f00419a0e,13,True,True,0,3246.649031,3246.649031,1.1445929000037722,125,140,2444.649031,112.0,625.0,39.0,26.0,9697.093139352295,2004.418627870459,2214.418627870459,1.6197459881169212,1.4661405888380763,4cb87749139734657fada3dca7e3715821b575e2c8faef694df8147bac185834,0b7b37a4f43b408a5a08ca2f5122936e4d69d372761c6bc4b51f0deee28d08b9
state_v1,state_search_relocating_cover_v1,2100047,q3-random-2100047,e0e56ef67cc8c660dfc918b69c9eb84e7dcd5572eb23e392fc9b62b63d1162a4,12,True,True,0,2864.675755,2864.675755,1.0083884000050602,120,134,2093.675755,111.0,600.0,36.0,24.0,7471.534912375875,1554.3069824751751,1794.3069824751751,1.8430566080569954,1.5965360347917132,e23e7537c0d4d7935fd4a68c6fc520fbd8c60a9423e4698df5768309d4e6a516,59b6570215de9156554e0a471e773d500fb2f0d099ef3f5a39257471c861541f
state_v1,state_search_relocating_cover_v1,2100048,q3-random-2100048,f78af146c8074e1522fd894e79c96f00b1fdaaab6d9c6fff89ead8ee534473d7,13,True,True,0,3225.187899,3225.187899,1.0064330000022892,124,139,2428.187899,112.0,620.0,39.0,26.0,8538.541789536801,1772.70835790736,1982.70835790736,1.819356175884034,1.626657741234323,29163c4a49b26701520fe6265674da79ae34851fc19c27656a38583ec96fe55b,272e01f0210a4479adf772b8586e2fbcc0f5528b4aaaf1d5f0f9b309d9a49896
