suite_group,case_id,original_case_group,strategy,batch,deduplication_status,replicate_count,action_count,all_cleared,analysis_success,audit_errors,audit_passed,certified_lower_bound_s,cleared_fraction,cleared_total,completion_certified,confirmation_length_lower_bound_m,confirmation_tail_s,correct_exit,cost_detection_s,cost_movement_s,cost_optical_s,cost_removal_s,cost_switching_s,error,failed_clear_count,guarantee_lower_bound_s,incorrect_exit,kind,mean_time_per_cleared_s,measurement_count,original_suite_group,physical_lower_bound_s,planner_budget_fallbacks,planner_completed_rollouts,planner_continuation_failures,planner_fallbacks,planner_overrides,planner_planning_calls,planner_planning_wall_s,planner_sampling_failures,planner_speculative_choices,policy_cpu_s,policy_wall_s,scenario_sha256,simulator_stop_reason,source_total,source_visit_length_lower_bound_m,success,time_over_certified_lower_bound,time_over_guarantee_lower_bound,time_over_physical_lower_bound,time_per_source_s,trace_file,virtual_time_s,wall_time_s
pressure,q3-r2-cluster-14-970000,q3-r2-cluster-14-970000,B,holdout_pressure,primary,1,114,True,True,,True,421.9084282102923,1.0,14,True,4425.599999999999,969.2562079999998,True,490.0,1456.912324,42.0,28.0,97.0,,0,1135.1199999999997,False,local_research_only,150.99373742857142,98,pressure,241.90842821029227,,,,,,,,,,0.06844293799999998,0.0684434959985083,c962d4aaffd4512799d672170fa4a545cb34c350a8159d7a7e556aa44568395a,exited,14,859.5421410514614,True,5.010358131424576,1.8622809253647197,8.738481497479553,150.99373742857142,holdout_pressure/trace-000-B.json.gz,2113.912324,0.06842228400637396
pressure,q3-r2-cluster-14-970000,q3-r2-cluster-14-970000,CR,holdout_pressure,primary,1,101,True,True,,True,421.9084282102923,1.0,14,True,4425.599999999999,1202.615686,True,425.0,1439.461669,42.0,28.0,84.0,,0,1135.1199999999997,False,local_research_only,144.1758335,85,pressure,241.90842821029227,0,312,0,8,2,10,15.610399117009365,0,0,15.68309946,15.684063555992907,c962d4aaffd4512799d672170fa4a545cb34c350a8159d7a7e556aa44568395a,exited,14,859.5421410514614,True,4.784122653254833,1.7781923223976326,8.343907998299839,144.1758335,holdout_pressure/trace-000-CR.json.gz,2018.461669,15.682016027989448
pressure,q3-r2-cluster-16-970001,q3-r2-cluster-16-970001,B,holdout_pressure,primary,1,74,True,True,,True,251.90842821029227,1.0,16,True,0.0,0.0,True,280.0,192.710518,48.0,32.0,55.0,,0,251.90842821029224,False,local_research_only,37.981907375,56,pressure,251.90842821029227,,,,,,,,,,0.06008990000000125,0.060094335000030696,53bd526f7e1d7070ea55074bdca6159d4c1a1fc07c8b8c3b51cfec244d1257a5,exited,16,859.5421410514614,True,2.412426302357321,2.412426302357321,2.412426302357321,37.981907375,holdout_pressure/trace-001-B.json.gz,607.710518,0.06007490000047255
pressure,q3-r2-cluster-16-970001,q3-r2-cluster-16-970001,CR,holdout_pressure,primary,1,73,True,True,,True,251.90842821029227,1.0,16,True,0.0,0.0,True,275.0,192.355731,48.0,32.0,54.0,,0,251.90842821029224,False,local_research_only,37.5847331875,55,pressure,251.90842821029227,0,216,0,6,1,7,10.526003367020166,0,0,10.582873655,10.583391403008136,53bd526f7e1d7070ea55074bdca6159d4c1a1fc07c8b8c3b51cfec244d1257a5,exited,16,859.5421410514614,True,2.387199726791159,2.387199726791159,2.387199726791159,37.5847331875,holdout_pressure/trace-001-CR.json.gz,601.355731,10.583359001000645
pressure,q3-r2-hiddenfar-14-970002,q3-r2-hiddenfar-14-970002,B,holdout_pressure,primary,1,119,True,True,,True,927.3276240487248,1.0,14,True,4425.599999999999,283.72965699999986,True,515.0,1584.45794,42.0,28.0,100.0,,0,1135.1199999999997,False,local_research_only,162.10413857142856,103,pressure,747.3276240487248,,,,,,,,,,0.0638604239999978,0.06387359200743958,02d434cc49b9d3c2b20b472884a7322f27d6a1fc7c169cece72c1c68cf0fad08,exited,14,3386.638120243624,True,2.4473097545520277,1.9993110331947288,3.036764421613343,162.10413857142856,holdout_pressure/trace-002-B.json.gz,2269.45794,0.0638574690092355
pressure,q3-r2-hiddenfar-14-970002,q3-r2-hiddenfar-14-970002,CR,holdout_pressure,primary,1,119,True,True,,True,927.3276240487248,1.0,14,True,4425.599999999999,268.259094,True,515.0,1536.973086,42.0,28.0,100.0,,0,1135.1199999999997,False,local_research_only,158.71236328571428,103,pressure,747.3276240487248,0,288,0,10,0,10,13.501070827973308,1,0,13.555509758000003,13.556773253003485,02d434cc49b9d3c2b20b472884a7322f27d6a1fc7c169cece72c1c68cf0fad08,exited,14,3386.638120243624,True,2.396103629803279,1.9574785802382133,2.9732248808925736,158.71236328571428,holdout_pressure/trace-002-CR.json.gz,2221.973086,13.556741526001133
pressure,q3-r2-hiddenfar-16-970003,q3-r2-hiddenfar-16-970003,B,holdout_pressure,primary,1,108,True,True,,True,757.3276240487248,1.0,16,True,0.0,0.0,True,450.0,1339.019757,48.0,32.0,86.0,,0,757.3276240487247,False,local_research_only,122.1887348125,90,pressure,757.3276240487248,,,,,,,,,,0.06309999299999447,0.0631009219941916,e185ca63312455ea6b0ff6d2dc3b7df0a8b24502cfba81ae9811323000dc7b14,exited,16,3386.638120243624,True,2.5814716047835833,2.5814716047835837,2.5814716047835833,122.1887348125,holdout_pressure/trace-003-B.json.gz,1955.019757,0.06308108899975196
pressure,q3-r2-hiddenfar-16-970003,q3-r2-hiddenfar-16-970003,CR,holdout_pressure,primary,1,108,True,True,,True,757.3276240487248,1.0,16,True,0.0,0.0,True,450.0,1311.588739,48.0,32.0,86.0,,0,757.3276240487247,False,local_research_only,120.4742961875,90,pressure,757.3276240487248,0,288,0,8,1,9,13.062234943019575,0,0,13.120428959999998,13.1213869159983,e185ca63312455ea6b0ff6d2dc3b7df0a8b24502cfba81ae9811323000dc7b14,exited,16,3386.638120243624,True,2.545250797395954,2.5452507973959544,2.545250797395954,120.4742961875,holdout_pressure/trace-003-CR.json.gz,1927.588739,13.121356263989583
pressure,q3-r2-collinear-14-970004,q3-r2-collinear-14-970004,B,holdout_pressure,primary,1,113,True,True,,True,426.00000237708684,1.0,14,True,4425.599999999999,1358.032736,True,485.0,1687.717396,42.0,28.0,93.0,,0,1135.1199999999997,False,local_research_only,166.83695685714287,97,pressure,246.00000237708684,,,,,,,,,,0.07839100300000013,0.07839956700627226,7608cca70871ae930e99a1cb83d4ef00508ea1e15b8d445078d917cc431e5a8e,exited,14,880.0000118854342,True,5.482904654851313,2.057683237014589,9.494786070853939,166.83695685714287,holdout_pressure/trace-004-B.json.gz,2335.717396,0.07838078399072401
pressure,q3-r2-collinear-14-970004,q3-r2-collinear-14-970004,CR,holdout_pressure,primary,1,111,True,True,,True,426.00000237708684,1.0,14,True,4425.599999999999,1291.3293840000001,True,475.0,1548.263108,42.0,28.0,92.0,,0,1135.1199999999997,False,local_research_only,156.090222,95,pressure,246.00000237708684,0,352,0,9,2,11,13.585288773974753,0,0,13.646463388999997,13.648225680997712,7608cca70871ae930e99a1cb83d4ef00508ea1e15b8d445078d917cc431e5a8e,exited,14,880.0000118854342,True,5.129725577009852,1.9251384065120876,8.883183280015862,156.090222,holdout_pressure/trace-004-CR.json.gz,2185.263108,13.648198734008474
pressure,q3-r2-collinear-16-970005,q3-r2-collinear-16-970005,B,holdout_pressure,primary,1,87,True,True,,True,256.00000237708684,1.0,16,True,0.0,0.0,True,345.0,522.140315,48.0,32.0,65.0,,0,256.0000023770868,False,local_research_only,63.2587696875,69,pressure,256.00000237708684,,,,,,,,,,0.06268077000000005,0.06269176698697265,9c320bc3dfb4d0312c1fc9713ea140683f27930e8f3be6aec9fa9e5eed3e9857,exited,16,880.0000118854342,True,3.9536730687569364,3.9536730687569372,3.9536730687569364,63.2587696875,holdout_pressure/trace-005-B.json.gz,1012.140315,0.062668554004631
pressure,q3-r2-collinear-16-970005,q3-r2-collinear-16-970005,CR,holdout_pressure,primary,1,88,True,True,,True,256.00000237708684,1.0,16,True,0.0,0.0,True,350.0,498.775013,48.0,32.0,65.0,,0,256.0000023770868,False,local_research_only,62.1109383125,70,pressure,256.00000237708684,0,308,0,7,2,9,12.464053128031082,0,0,12.545512615999996,12.546482662000926,9c320bc3dfb4d0312c1fc9713ea140683f27930e8f3be6aec9fa9e5eed3e9857,exited,16,880.0000118854342,True,3.8819336084855727,3.8819336084855736,3.8819336084855727,62.1109383125,holdout_pressure/trace-005-CR.json.gz,993.775013,12.54644979799923
pressure,q3-r2-boundary_min-10-970006,q3-r2-boundary_min-10-970006,B,holdout_pressure,primary,1,172,True,True,,True,1888.763740121221,1.0,10,True,4425.599999999999,0.0,True,800.0,2723.952997,30.0,20.0,151.0,,0,1888.7637401212207,False,local_research_only,372.4952997,160,pressure,1588.763740121221,,,,,,,,,,0.0595418890000019,0.05954956299683545,6240b690ed65a1a828088ff47e7d1160895c89995c5f0546ff70c92d8179eca6,exited,10,7693.818700606105,True,1.9721646058076763,1.9721646058076765,2.344560681323071,372.4952997,holdout_pressure/trace-006-B.json.gz,3724.952997,0.05952424500719644
pressure,q3-r2-boundary_min-10-970006,q3-r2-boundary_min-10-970006,CR,holdout_pressure,primary,1,172,True,True,,True,1888.763740121221,1.0,10,True,4425.599999999999,0.0,True,800.0,2808.714913,30.0,20.0,148.0,,0,1888.7637401212207,False,local_research_only,380.67149129999996,160,pressure,1588.763740121221,0,320,0,11,1,12,18.831922819998,0,0,18.887705259,18.888949202009826,6240b690ed65a1a828088ff47e7d1160895c89995c5f0546ff70c92d8179eca6,exited,10,7693.818700606105,True,2.015453194138344,2.015453194138344,2.3960232833042574,380.67149129999996,holdout_pressure/trace-006-CR.json.gz,3806.714913,18.888919297998655
pressure,q3-r2-boundary_min-16-970007,q3-r2-boundary_min-16-970007,B,holdout_pressure,primary,1,178,True,True,,True,2407.421845357942,1.0,16,True,0.0,0.0,True,800.0,3532.669936,48.0,32.0,146.0,,0,2407.4218453579415,False,local_research_only,284.916871,160,pressure,2407.421845357942,,,,,,,,,,0.08600168700000665,0.0860026880109217,b9681e5d269aad64d6f7ba7341f52f547b2fc055107539f196692b29a02caa08,exited,16,11637.10922678971,True,1.8935900015986624,1.8935900015986629,1.8935900015986624,284.916871,holdout_pressure/trace-007-B.json.gz,4558.669936,0.08598021299985703
pressure,q3-r2-boundary_min-16-970007,q3-r2-boundary_min-16-970007,CR,holdout_pressure,primary,1,178,True,True,,True,2407.421845357942,1.0,16,True,0.0,0.0,True,800.0,3622.869723,48.0,32.0,147.0,,0,2407.4218453579415,False,local_research_only,290.6168576875,160,pressure,2407.421845357942,0,384,0,9,3,12,15.271138321026228,0,0,15.363304014999997,15.365564348991029,b9681e5d269aad64d6f7ba7341f52f547b2fc055107539f196692b29a02caa08,exited,16,11637.10922678971,True,1.9314727628504362,1.9314727628504367,1.9314727628504362,290.6168576875,holdout_pressure/trace-007-CR.json.gz,4649.869723,15.365540015001898
pressure,q3-r2-minimum_radius-10-970008,q3-r2-minimum_radius-10-970008,B,holdout_pressure,primary,1,154,True,True,,True,2060.9772333956344,1.0,10,True,4425.599999999999,0.0,True,710.0,2549.212807,30.0,20.0,124.0,,0,2060.977233395634,False,local_research_only,343.3212807,142,pressure,1760.9772333956341,,,,,,,,,,0.08658551700000316,0.0865867899992736,89d58495e6a7a72f10680bf5049ac7aafa62f5d328aeae61ef1b918a4cd1c15c,exited,10,8554.88616697817,True,1.665817919465074,1.6658179194650744,1.949606583146932,343.3212807,holdout_pressure/trace-008-B.json.gz,3433.212807,0.08656829000392463
pressure,q3-r2-minimum_radius-10-970008,q3-r2-minimum_radius-10-970008,CR,holdout_pressure,primary,1,145,True,True,,True,2060.9772333956344,1.0,10,True,4425.599999999999,0.0,True,665.0,2616.061852,30.0,20.0,116.0,,0,2060.977233395634,False,local_research_only,344.7061852,133,pressure,1760.9772333956341,0,356,0,10,2,12,12.815756440002588,0,0,12.86330812700001,12.863989022007445,89d58495e6a7a72f10680bf5049ac7aafa62f5d328aeae61ef1b918a4cd1c15c,exited,10,8554.88616697817,True,1.6725375691417386,1.672537569141739,1.9574709920315918,344.7061852,holdout_pressure/trace-008-CR.json.gz,3447.061852,12.863963779003825
pressure,q3-r2-minimum_radius-16-970009,q3-r2-minimum_radius-16-970009,B,holdout_pressure,primary,1,139,True,True,,True,2243.8549001720085,1.0,16,True,0.0,0.0,True,605.0,3268.999178,48.0,32.0,100.0,,0,2243.854900172008,False,local_research_only,253.374948625,121,pressure,2243.8549001720085,,,,,,,,,,0.09902131599997688,0.09902320300170686,c01e68bdbc0af0ddc413c92534c33a0831557f478d992ebf00f7c34792f5a904,exited,16,10819.274500860043,True,1.8067118233399273,1.8067118233399277,1.8067118233399273,253.374948625,holdout_pressure/trace-009-B.json.gz,4053.999178,0.09900286300398875
pressure,q3-r2-minimum_radius-16-970009,q3-r2-minimum_radius-16-970009,CR,holdout_pressure,primary,1,147,True,True,,True,2243.8549001720085,1.0,16,True,0.0,0.0,True,645.0,3176.81724,48.0,32.0,108.0,,0,2243.854900172008,False,local_research_only,250.6135775,129,pressure,2243.8549001720085,0,380,0,10,2,12,17.312477706043865,0,0,17.40289478400001,17.40596344100777,c01e68bdbc0af0ddc413c92534c33a0831557f478d992ebf00f7c34792f5a904,exited,16,10819.274500860043,True,1.7870216294701662,1.7870216294701666,1.7870216294701662,250.6135775,holdout_pressure/trace-009-CR.json.gz,4009.81724,17.40593942500709
pressure,q3-r2-correlated-12-970010,q3-r2-correlated-12-970010,B,holdout_pressure,primary,1,172,True,True,,True,1996.2550734133802,1.0,12,True,4425.599999999999,277.48709599999984,True,790.0,2264.696489,36.0,24.0,154.0,,0,1996.25507341338,False,local_research_only,272.39137408333335,158,pressure,1756.2550734133802,,,,,,,,,,0.10797090799999864,0.10797687699960079,a2dab35c39db08297a385a47e94431743728e5d544e0125ee4d9b991130bb1d7,exited,12,8481.2753670669,True,1.6374142425651461,1.6374142425651463,1.8611741190003255,272.39137408333335,holdout_pressure/trace-010-B.json.gz,3268.696489,0.1079535129974829
pressure,q3-r2-correlated-12-970010,q3-r2-correlated-12-970010,CR,holdout_pressure,primary,1,141,True,True,,True,1996.2550734133802,1.0,12,True,4425.599999999999,0.0,True,635.0,2398.832146,36.0,24.0,121.0,,0,1996.25507341338,False,local_research_only,267.90267883333337,127,pressure,1756.2550734133802,0,424,0,5,7,12,18.519628645997727,0,0,18.57258145999998,18.573716047001653,a2dab35c39db08297a385a47e94431743728e5d544e0125ee4d9b991130bb1d7,exited,12,8481.2753670669,True,1.6104315469580675,1.6104315469580677,1.8305041190581695,267.90267883333337,holdout_pressure/trace-010-CR.json.gz,3214.832146,18.5736901939963
pressure,q3-r2-correlated_boundary-14-970011,q3-r2-correlated_boundary-14-970011,B,holdout_pressure,primary,1,167,True,True,,True,2314.6992307818095,1.0,14,True,4425.599999999999,0.0,True,755.0,3607.721634,42.0,28.0,135.0,,0,2314.699230781809,False,local_research_only,326.26583100000005,151,pressure,2134.6992307818095,,,,,,,,,,0.10177121300000636,0.10177246099920012,d2a78d4a8b0aea1962ab5db444499f342b3027f7977214fb59890454730b4c37,exited,14,10323.496153909047,True,1.9733542800103723,1.9733542800103727,2.1397495104390534,326.26583100000005,holdout_pressure/trace-011-B.json.gz,4567.721634,0.10174992500105873
pressure,q3-r2-correlated_boundary-14-970011,q3-r2-correlated_boundary-14-970011,CR,holdout_pressure,primary,1,176,True,True,,True,2314.6992307818095,1.0,14,True,4425.599999999999,0.0,True,800.0,3615.992087,42.0,28.0,141.0,,0,2314.699230781809,False,local_research_only,330.49943478571424,160,pressure,2134.6992307818095,0,368,0,10,2,12,15.002430701002595,0,0,15.09580763599999,15.097707267996157,d2a78d4a8b0aea1962ab5db444499f342b3027f7977214fb59890454730b4c37,exited,14,10323.496153909047,True,1.9989603942786094,1.9989603942786096,2.1675147581823113,330.49943478571424,holdout_pressure/trace-011-CR.json.gz,4626.992087,15.097681661005481
pressure,q3-r2-cluster-14-970012,q3-r2-cluster-14-970012,B,holdout_pressure,primary,1,105,True,True,,True,422.57086047810196,1.0,14,True,4425.599999999999,1492.5146959999997,True,445.0,1461.17415,42.0,28.0,88.0,,0,1135.1199999999997,False,local_research_only,147.4410107142857,89,pressure,242.57086047810193,,,,,,,,,,0.06711608099999467,0.0671294640051201,c02ed90c6538a1e3f782db1cb2a132851e7d826bbf2f21ece2407cbd4bccfb86,exited,14,862.8543023905097,True,4.884800025407732,1.8184633783212352,8.509571784226502,147.4410107142857,holdout_pressure/trace-012-B.json.gz,2064.17415,0.06710845499765128
pressure,q3-r2-cluster-14-970012,q3-r2-cluster-14-970012,CR,holdout_pressure,primary,1,119,True,True,,True,422.57086047810196,1.0,14,True,4425.599999999999,1244.410344,True,515.0,1467.814457,42.0,28.0,101.0,,0,1135.1199999999997,False,local_research_only,153.84388978571428,103,pressure,242.57086047810193,0,392,0,7,5,12,24.318806130992016,0,0,24.402815250000003,24.404074430000037,c02ed90c6538a1e3f782db1cb2a132851e7d826bbf2f21ece2407cbd4bccfb86,exited,14,862.8543023905097,True,5.096930854539159,1.8974332731341186,8.879114551331014,153.84388978571428,holdout_pressure/trace-012-CR.json.gz,2153.814457,24.40403862799576
pressure,q3-r2-cluster-16-970013,q3-r2-cluster-16-970013,B,holdout_pressure,primary,1,76,True,True,,True,252.57086047810193,1.0,16,True,0.0,0.0,True,290.0,184.736769,48.0,32.0,57.0,,0,252.5708604781019,False,local_research_only,38.2335480625,58,pressure,252.57086047810193,,,,,,,,,,0.05679361500000368,0.056800619000568986,41fd60fee2dd924c7738ff2404288fc26fb2621b63bce44e5cc6e88a62db1f9d,exited,16,862.8543023905097,True,2.4220401666368714,2.4220401666368714,2.4220401666368714,38.2335480625,holdout_pressure/trace-013-B.json.gz,611.736769,0.0567804989987053
pressure,q3-r2-cluster-16-970013,q3-r2-cluster-16-970013,CR,holdout_pressure,primary,1,76,True,True,,True,252.57086047810193,1.0,16,True,0.0,0.0,True,290.0,184.736769,48.0,32.0,57.0,,0,252.5708604781019,False,local_research_only,38.2335480625,58,pressure,252.57086047810193,0,220,0,7,0,7,11.492042982004932,0,0,11.547801428000014,11.548373413999798,41fd60fee2dd924c7738ff2404288fc26fb2621b63bce44e5cc6e88a62db1f9d,exited,16,862.8543023905097,True,2.4220401666368714,2.4220401666368714,2.4220401666368714,38.2335480625,holdout_pressure/trace-013-CR.json.gz,611.736769,11.548342061010771
pressure,q3-r2-hiddenfar-14-970014,q3-r2-hiddenfar-14-970014,B,holdout_pressure,primary,1,106,True,True,,True,927.922300101216,1.0,14,True,4425.599999999999,601.3199279999999,True,450.0,1623.474436,42.0,28.0,87.0,,0,1135.1199999999997,False,local_research_only,159.31960257142856,90,pressure,747.922300101216,,,,,,,,,,0.06966477599999621,0.06966592000389937,96d0c661c3ea695cd462e1fa4f31efee9276cda4d9ca276777e19ffc1e63b60b,exited,14,3389.61150050608,True,2.4037297473686148,1.9649679646204812,2.9822274796434747,159.31960257142856,holdout_pressure/trace-014-B.json.gz,2230.474436,0.06964647199492902
pressure,q3-r2-hiddenfar-14-970014,q3-r2-hiddenfar-14-970014,CR,holdout_pressure,primary,1,106,True,True,,True,927.922300101216,1.0,14,True,4425.599999999999,582.8387649999997,True,450.0,1560.760446,42.0,28.0,87.0,,0,1135.1199999999997,False,local_research_only,154.84003185714283,90,pressure,747.922300101216,0,296,0,10,1,11,14.168595637966064,1,0,14.213996288999994,14.214838195999619,96d0c661c3ea695cd462e1fa4f31efee9276cda4d9ca276777e19ffc1e63b60b,exited,14,3389.61150050608,True,2.336144357952756,1.9097191891606178,2.898376536849667,154.84003185714283,holdout_pressure/trace-014-CR.json.gz,2167.760446,14.21481111299363
pressure,q3-r2-hiddenfar-16-970015,q3-r2-hiddenfar-16-970015,B,holdout_pressure,primary,1,90,True,True,,True,757.922300101216,1.0,16,True,0.0,0.0,True,360.0,1093.776376,48.0,32.0,68.0,,0,757.9223001012159,False,local_research_only,100.1110235,72,pressure,757.922300101216,,,,,,,,,,0.06388965299998972,0.06389965199923608,3432b6fae9e4d2181e53d8e2532044829a517ea7172eb423dc7f3473488b0aad,exited,16,3389.61150050608,True,2.113378080821863,2.1133780808218634,2.113378080821863,100.1110235,holdout_pressure/trace-015-B.json.gz,1601.776376,0.06387626900686882
pressure,q3-r2-hiddenfar-16-970015,q3-r2-hiddenfar-16-970015,CR,holdout_pressure,primary,1,92,True,True,,True,757.922300101216,1.0,16,True,0.0,0.0,True,370.0,1061.401273,48.0,32.0,69.0,,0,757.9223001012159,False,local_research_only,98.7750795625,74,pressure,757.922300101216,0,284,0,8,1,9,14.602746942982776,0,0,14.664433959999997,14.665595562997623,3432b6fae9e4d2181e53d8e2532044829a517ea7172eb423dc7f3473488b0aad,exited,16,3389.61150050608,True,2.0851758455833096,2.0851758455833096,2.0851758455833096,98.7750795625,holdout_pressure/trace-015-CR.json.gz,1580.401273,14.66556970300735
pressure,q3-r2-collinear-14-970016,q3-r2-collinear-14-970016,B,holdout_pressure,primary,1,101,True,True,,True,426.00000383663325,1.0,14,True,4425.599999999999,1366.3406939999998,True,425.0,1556.557446,42.0,28.0,84.0,,0,1135.1199999999997,False,local_research_only,152.53981757142856,85,pressure,246.00000383663323,,,,,,,,,,0.04873047299997779,0.04873123099969234,d67089355168fd8ca6f9998fc6586136d03fe93e383da9ce9399a62c521f0183,exited,14,880.0000191831662,True,5.013045602738925,1.8813495013743045,8.681127693876816,152.53981757142856,holdout_pressure/trace-016-B.json.gz,2135.557446,0.04870591299550142
pressure,q3-r2-collinear-14-970016,q3-r2-collinear-14-970016,CR,holdout_pressure,primary,1,101,True,True,,True,426.00000383663325,1.0,14,True,4425.599999999999,1300.2668259999998,True,425.0,1490.483578,42.0,28.0,84.0,,0,1135.1199999999997,False,local_research_only,147.82025557142856,85,pressure,246.00000383663323,0,280,0,10,0,10,10.882630266001797,1,0,10.92056048400002,10.921214100002544,d67089355168fd8ca6f9998fc6586136d03fe93e383da9ce9399a62c521f0183,exited,14,880.0000191831662,True,4.857942627609989,1.8231407939248718,8.412534738716218,147.82025557142856,holdout_pressure/trace-016-CR.json.gz,2069.483578,10.921190284003387
pressure,q3-r2-collinear-16-970017,q3-r2-collinear-16-970017,B,holdout_pressure,primary,1,75,True,True,,True,256.00000383663325,1.0,16,True,0.0,0.0,True,285.0,384.524994,48.0,32.0,56.0,,0,256.0000038366332,False,local_research_only,50.345312125,57,pressure,256.00000383663325,,,,,,,,,,0.03896888999997827,0.03897043100732844,505c493b4ea05c4ec36bc33ef2b43e1a2a225dd4eb088483efe61d29a7159054,exited,16,880.0000191831663,True,3.146581960655152,3.146581960655153,3.146581960655152,50.345312125,holdout_pressure/trace-017-B.json.gz,805.524994,0.038948925997829065
pressure,q3-r2-collinear-16-970017,q3-r2-collinear-16-970017,CR,holdout_pressure,primary,1,75,True,True,,True,256.00000383663325,1.0,16,True,0.0,0.0,True,285.0,384.524994,48.0,32.0,56.0,,0,256.0000038366332,False,local_research_only,50.345312125,57,pressure,256.00000383663325,0,228,0,7,0,7,9.718770189007046,0,0,9.757237757999974,9.757777991995681,505c493b4ea05c4ec36bc33ef2b43e1a2a225dd4eb088483efe61d29a7159054,exited,16,880.0000191831663,True,3.146581960655152,3.146581960655153,3.146581960655152,50.345312125,holdout_pressure/trace-017-CR.json.gz,805.524994,9.757750194010441
pressure,q3-r2-boundary_min-10-970018,q3-r2-boundary_min-10-970018,B,holdout_pressure,primary,1,160,True,True,,True,1889.0595804037844,1.0,10,True,4425.599999999999,430.6624590000001,True,740.0,2903.422868,30.0,20.0,135.0,,0,1889.0595804037841,False,local_research_only,382.8422868,148,pressure,1589.0595804037844,,,,,,,,,,0.07831448100000671,0.07832051499281079,cef0fd4d13cae15906a7c10d0fedd74765283625960133c2ecb73eb94eb34dc8,exited,10,7695.297902018921,True,2.0266289680401077,2.0266289680401077,2.409238089755695,382.8422868,holdout_pressure/trace-018-B.json.gz,3828.422868,0.07830130000365898
pressure,q3-r2-boundary_min-10-970018,q3-r2-boundary_min-10-970018,CR,holdout_pressure,primary,1,156,True,True,,True,1889.0595804037844,1.0,10,True,4425.599999999999,424.4590229999999,True,720.0,2971.23945,30.0,20.0,129.0,,0,1889.0595804037841,False,local_research_only,387.023945,144,pressure,1589.0595804037844,0,364,0,9,3,12,13.717871550048585,0,0,13.781239193999966,13.782075713999802,cef0fd4d13cae15906a7c10d0fedd74765283625960133c2ecb73eb94eb34dc8,exited,10,7695.297902018921,True,2.0487651581496125,2.048765158149613,2.435553391281,387.023945,holdout_pressure/trace-018-CR.json.gz,3870.23945,13.78204991700477
pressure,q3-r2-boundary_min-16-970019,q3-r2-boundary_min-16-970019,B,holdout_pressure,primary,1,174,True,True,,True,2410.142835380032,1.0,16,True,0.0,0.0,True,780.0,3531.515364,48.0,32.0,142.0,,0,2410.1428353800316,False,local_research_only,283.34471025,156,pressure,2410.142835380032,,,,,,,,,,0.08199580299998388,0.08199756599788088,4b3a6d8dc18a5e83f9d84cf6244ebfec57fc3e89e677887135990085a00c8241,exited,16,11650.714176900161,True,1.8810152234339066,1.8810152234339068,1.8810152234339066,283.34471025,holdout_pressure/trace-019-B.json.gz,4533.515364,0.08197485200071242
pressure,q3-r2-boundary_min-16-970019,q3-r2-boundary_min-16-970019,CR,holdout_pressure,primary,1,182,True,True,,True,2410.142835380032,1.0,16,True,0.0,0.0,True,820.0,3502.131474,48.0,32.0,149.0,,0,2410.1428353800316,False,local_research_only,284.445717125,164,pressure,2410.142835380032,0,376,0,10,2,12,16.042810954037122,0,0,16.143913054999985,16.144800345995463,4b3a6d8dc18a5e83f9d84cf6244ebfec57fc3e89e677887135990085a00c8241,exited,16,11650.714176900161,True,1.8883243794479825,1.8883243794479827,1.8883243794479825,284.445717125,holdout_pressure/trace-019-CR.json.gz,4551.131474,16.14476779900724
pressure,q3-r2-minimum_radius-10-970020,q3-r2-minimum_radius-10-970020,B,holdout_pressure,primary,1,144,True,True,,True,1719.416555350639,1.0,10,True,4425.599999999999,0.0,True,660.0,2650.500188,30.0,20.0,118.0,,0,1719.4165553506389,False,local_research_only,347.8500188,132,pressure,1419.416555350639,,,,,,,,,,0.10219112900000482,0.10219988100288901,0aded08f1bff9e7f1eedd0553f2fcb751081acc9b1e5022cb4b33ada202c96c0,exited,10,6847.0827767531955,True,2.0230700798915087,2.0230700798915087,2.4506549362746473,347.8500188,holdout_pressure/trace-020-B.json.gz,3478.500188,0.10217643299256451
pressure,q3-r2-minimum_radius-10-970020,q3-r2-minimum_radius-10-970020,CR,holdout_pressure,primary,1,163,True,True,,True,1719.416555350639,1.0,10,True,4425.599999999999,0.0,True,755.0,2558.525956,30.0,20.0,146.0,,0,1719.4165553506389,False,local_research_only,350.9525956,151,pressure,1419.416555350639,0,336,0,5,5,10,14.254330935043981,0,0,14.305615895000017,14.306347132005612,0aded08f1bff9e7f1eedd0553f2fcb751081acc9b1e5022cb4b33ada202c96c0,exited,10,6847.0827767531955,True,2.0411144379636994,2.0411144379637,2.4725130496544336,350.9525956,holdout_pressure/trace-020-CR.json.gz,3509.525956,14.306322089003515
pressure,q3-r2-minimum_radius-16-970021,q3-r2-minimum_radius-16-970021,B,holdout_pressure,primary,1,128,True,True,,True,1816.2556734496873,1.0,16,True,0.0,0.0,True,550.0,2787.638011,48.0,32.0,100.0,,0,1816.255673449687,False,local_research_only,219.8523756875,110,pressure,1816.2556734496873,,,,,,,,,,0.09385198699999364,0.09386141800496262,5986fb7f19a559e6311af5264f06326d05f7e77b6e6e236fd04f272712b66121,exited,16,8681.278367248437,True,1.9367526623158782,1.9367526623158784,1.9367526623158782,219.8523756875,holdout_pressure/trace-021-B.json.gz,3517.638011,0.09383014500781428
pressure,q3-r2-minimum_radius-16-970021,q3-r2-minimum_radius-16-970021,CR,holdout_pressure,primary,1,178,True,True,,True,1816.2556734496873,1.0,16,True,0.0,0.0,True,800.0,2903.603809,48.0,32.0,153.0,,0,1816.255673449687,False,local_research_only,246.0377380625,160,pressure,1816.2556734496873,0,424,0,5,7,12,23.84304535292904,0,0,23.923100410000018,23.924621319005382,5986fb7f19a559e6311af5264f06326d05f7e77b6e6e236fd04f272712b66121,exited,16,8681.278367248437,True,2.1674282242009744,2.1674282242009744,2.1674282242009744,246.0377380625,holdout_pressure/trace-021-CR.json.gz,3936.603809,23.924592434006627
pressure,q3-r2-correlated-12-970022,q3-r2-correlated-12-970022,B,holdout_pressure,primary,1,171,True,True,,True,1964.1857351774338,1.0,12,True,4425.599999999999,212.6719009999997,True,785.0,2413.768851,36.0,24.0,153.0,,0,1964.1857351774336,False,local_research_only,284.31407091666665,157,pressure,1724.1857351774338,,,,,,,,,,0.11631223400002,0.11631415899319109,be1eeddb871e539b705290c10a438d21b935e35ec84b1ceaa1d72c2481b77aa6,exited,12,8320.92867588717,True,1.7369889160160301,1.7369889160160303,1.9787710693760605,284.31407091666665,holdout_pressure/trace-022-B.json.gz,3411.768851,0.11629069999617059
pressure,q3-r2-correlated-12-970022,q3-r2-correlated-12-970022,CR,holdout_pressure,primary,1,159,True,True,,True,1964.1857351774338,1.0,12,True,4425.599999999999,212.33730400000013,True,725.0,2377.009461,36.0,24.0,140.0,,0,1964.1857351774336,False,local_research_only,275.1674550833333,145,pressure,1724.1857351774338,0,424,0,5,7,12,23.58460917098273,0,0,23.665904582000053,23.667338553990703,be1eeddb871e539b705290c10a438d21b935e35ec84b1ceaa1d72c2481b77aa6,exited,12,8320.92867588717,True,1.681108564156085,1.6811085641560852,1.9151123882023038,275.1674550833333,holdout_pressure/trace-022-CR.json.gz,3302.009461,23.66731224299292
pressure,q3-r2-correlated_boundary-14-970023,q3-r2-correlated_boundary-14-970023,B,holdout_pressure,primary,1,177,True,True,,True,2314.6288869411655,1.0,14,True,4425.599999999999,0.0,True,805.0,3407.528815,42.0,28.0,146.0,,0,2314.628886941165,False,local_research_only,316.32348678571424,161,pressure,2134.6288869411655,,,,,,,,,,0.11329011800000899,0.11329183500492945,accd9c47dc7835e22a6fcb846384a068d6b5dd0b5c32b9b00ae844387eb090e9,exited,14,10323.144434705828,True,1.9132781241887984,1.9132781241887988,2.074612988745738,316.32348678571424,holdout_pressure/trace-023-B.json.gz,4428.528815,0.11327117199834902
pressure,q3-r2-correlated_boundary-14-970023,q3-r2-correlated_boundary-14-970023,CR,holdout_pressure,primary,1,170,True,True,,True,2314.6288869411655,1.0,14,True,4425.599999999999,0.0,True,770.0,3371.949863,42.0,28.0,138.0,,0,2314.628886941165,False,local_research_only,310.71070449999996,154,pressure,2134.6288869411655,0,372,0,9,3,12,13.952695651969407,0,0,14.052878720000024,14.053732813001261,accd9c47dc7835e22a6fcb846384a068d6b5dd0b5c32b9b00ae844387eb090e9,exited,14,10323.144434705828,True,1.8793292901258816,1.8793292901258818,2.0378014602965937,310.71070449999996,holdout_pressure/trace-023-CR.json.gz,4349.949863,14.053706941995188
pressure,q3-r2-cluster-14-970024,q3-r2-cluster-14-970024,B,holdout_pressure,primary,1,114,True,True,,True,423.43580044886767,1.0,14,True,4425.599999999999,957.2749230000002,True,490.0,1450.236421,42.0,28.0,97.0,,0,1135.1199999999997,False,local_research_only,150.51688721428573,98,pressure,243.43580044886764,,,,,,,,,,0.08754253299997572,0.08754396499716677,b926dcdd06a23486e08f8b9757363590a9e794b251528409c74c6862b98d83d3,exited,14,867.1790022443382,True,4.97651927108242,1.8563996943054484,8.656230583646687,150.51688721428573,holdout_pressure/trace-024-B.json.gz,2107.236421,0.08752309599367436
pressure,q3-r2-cluster-14-970024,q3-r2-cluster-14-970024,CR,holdout_pressure,primary,1,108,True,True,,True,423.43580044886767,1.0,14,True,4425.599999999999,1428.550863,True,460.0,1399.29159,42.0,28.0,90.0,,0,1135.1199999999997,False,local_research_only,144.23511357142857,92,pressure,243.43580044886764,0,312,0,10,1,11,18.860528310004156,1,0,18.92692108800003,18.928743821001262,b926dcdd06a23486e08f8b9757363590a9e794b251528409c74c6862b98d83d3,exited,14,867.1790022443382,True,4.768825847647809,1.7789234530269933,8.294965597815352,144.23511357142857,holdout_pressure/trace-024-CR.json.gz,2019.29159,18.928717172995675
pressure,q3-r2-cluster-16-970025,q3-r2-cluster-16-970025,B,holdout_pressure,primary,1,75,True,True,,True,253.43580044886764,1.0,16,True,0.0,0.0,True,285.0,184.635244,48.0,32.0,56.0,,0,253.4358004488676,False,local_research_only,37.85220275,57,pressure,253.43580044886764,,,,,,,,,,0.05414033800002471,0.054166770991287194,e1fc0599d74748b9ee4d4c79943f8658322605ebf22f928268eef5ec91655b05,exited,16,867.1790022443382,True,2.3896988623049364,2.389698862304937,2.3896988623049364,37.85220275,holdout_pressure/trace-025-B.json.gz,605.635244,0.05414777700207196
pressure,q3-r2-cluster-16-970025,q3-r2-cluster-16-970025,CR,holdout_pressure,primary,1,77,True,True,,True,253.43580044886764,1.0,16,True,0.0,0.0,True,295.0,235.581492,48.0,32.0,56.0,,0,253.4358004488676,False,local_research_only,41.66134325,59,pressure,253.43580044886764,0,236,0,6,1,7,11.895850294968113,0,0,11.965411833000019,11.965779784004553,e1fc0599d74748b9ee4d4c79943f8658322605ebf22f928268eef5ec91655b05,exited,16,867.1790022443382,True,2.6301788887734006,2.630178888773401,2.6301788887734006,41.66134325,holdout_pressure/trace-025-CR.json.gz,666.581492,11.965748697999516
pressure,q3-r2-hiddenfar-14-970026,q3-r2-hiddenfar-14-970026,B,holdout_pressure,primary,1,111,True,True,,True,926.9830062050198,1.0,14,True,4425.599999999999,784.937467,True,475.0,1583.212681,42.0,28.0,92.0,,0,1135.1199999999997,False,local_research_only,158.58662007142857,95,pressure,746.9830062050198,,,,,,,,,,0.0791582599999856,0.07915980700636283,f15ea9da07b8c1dbf1009c24218d2f81a3060028523d26a71bb140439dc4c582,exited,14,3384.915031025099,True,2.395095342782323,1.955927726583974,2.972239880368352,158.58662007142857,holdout_pressure/trace-026-B.json.gz,2220.212681,0.07914030899701174
pressure,q3-r2-hiddenfar-14-970026,q3-r2-hiddenfar-14-970026,CR,holdout_pressure,primary,1,113,True,True,,True,926.9830062050198,1.0,14,True,4425.599999999999,757.718392,True,485.0,1538.62961,42.0,28.0,94.0,,0,1135.1199999999997,False,local_research_only,156.25925785714284,97,pressure,746.9830062050198,0,336,0,8,3,11,17.481991395980003,0,0,17.54073577700001,17.541462335007964,f15ea9da07b8c1dbf1009c24218d2f81a3060028523d26a71bb140439dc4c582,exited,14,3384.915031025099,True,2.359945754513826,1.9272232098808941,2.9286203191074667,156.25925785714284,holdout_pressure/trace-026-CR.json.gz,2187.62961,17.541434243990807
pressure,q3-r2-hiddenfar-16-970027,q3-r2-hiddenfar-16-970027,B,holdout_pressure,primary,1,86,True,True,,True,756.9830062050198,1.0,16,True,0.0,0.0,True,340.0,903.758066,48.0,32.0,64.0,,0,756.9830062050197,False,local_research_only,86.734879125,68,pressure,756.9830062050198,,,,,,,,,,0.09467231100001072,0.09467782700085081,789dcff162cdd66a985faaefea9acc9025bb067f91fa5fcf631f58d51e5657f4,exited,16,3384.915031025099,True,1.8332750598421523,1.8332750598421526,1.8332750598421523,86.734879125,holdout_pressure/trace-027-B.json.gz,1387.758066,0.0946577259892365
pressure,q3-r2-hiddenfar-16-970027,q3-r2-hiddenfar-16-970027,CR,holdout_pressure,primary,1,100,True,True,,True,756.9830062050198,1.0,16,True,0.0,0.0,True,410.0,1346.684563,48.0,32.0,78.0,,0,756.9830062050197,False,local_research_only,119.6677851875,82,pressure,756.9830062050198,0,328,0,7,3,10,17.253441434979322,0,0,17.31230819000001,17.313251696003135,789dcff162cdd66a985faaefea9acc9025bb067f91fa5fcf631f58d51e5657f4,exited,16,3384.915031025099,True,2.529362676975909,2.5293626769759094,2.529362676975909,119.6677851875,holdout_pressure/trace-027-CR.json.gz,1914.684563,17.313224965997506
pressure,q3-r2-collinear-14-970028,q3-r2-collinear-14-970028,B,holdout_pressure,primary,1,107,True,True,,True,425.9999998659062,1.0,14,True,4425.599999999999,1318.421448,True,455.0,1654.419737,42.0,28.0,90.0,,0,1135.1199999999997,False,local_research_only,162.1014097857143,91,pressure,245.9999998659062,,,,,,,,,,0.05686951199999157,0.056877084003644995,a01808d3a3c883708630239f3fc2bd199e4653d87194fe165e22be2fd274c8a3,exited,14,879.999999329531,True,5.3272763796111615,1.99927737772218,9.22528348876851,162.1014097857143,holdout_pressure/trace-028-B.json.gz,2269.419737,0.05685572698712349
pressure,q3-r2-collinear-14-970028,q3-r2-collinear-14-970028,CR,holdout_pressure,primary,1,106,True,True,,True,425.9999998659062,1.0,14,True,4425.599999999999,1252.733941,True,450.0,1551.903348,42.0,28.0,89.0,,0,1135.1199999999997,False,local_research_only,154.35023914285713,90,pressure,245.9999998659062,0,304,0,11,0,11,13.238292322988855,1,0,13.280727051000042,13.281359244996565,a01808d3a3c883708630239f3fc2bd199e4653d87194fe165e22be2fd274c8a3,exited,14,879.999999329531,True,5.07254307201924,1.9036783318063293,8.784159956007729,154.35023914285713,holdout_pressure/trace-028-CR.json.gz,2160.903348,13.281334881990915
pressure,q3-r2-collinear-16-970029,q3-r2-collinear-16-970029,B,holdout_pressure,primary,1,77,True,True,,True,255.9999998659062,1.0,16,True,0.0,0.0,True,295.0,494.523567,48.0,32.0,58.0,,0,255.99999986590618,False,local_research_only,57.9702229375,59,pressure,255.9999998659062,,,,,,,,,,0.036809623999999985,0.036811243000556715,ea0242219c91f351b538dca786bdda55937e6bc91f20f4c48bdf9c804649438d,exited,16,879.999999329531,True,3.623138935491564,3.6231389354915646,3.623138935491564,57.9702229375,holdout_pressure/trace-029-B.json.gz,927.523567,0.03679033099615481
pressure,q3-r2-collinear-16-970029,q3-r2-collinear-16-970029,CR,holdout_pressure,primary,1,77,True,True,,True,255.9999998659062,1.0,16,True,0.0,0.0,True,295.0,463.870154,48.0,32.0,57.0,,0,255.99999986590618,False,local_research_only,55.991884625,59,pressure,255.9999998659062,0,228,0,6,1,7,10.67629092898278,0,0,10.713857598000004,10.714211322992924,ea0242219c91f351b538dca786bdda55937e6bc91f20f4c48bdf9c804649438d,exited,16,879.999999329531,True,3.4994927908955478,3.499492790895548,3.4994927908955478,55.991884625,holdout_pressure/trace-029-CR.json.gz,895.870154,10.714182811003411
pressure,q3-r2-boundary_min-10-970030,q3-r2-boundary_min-10-970030,B,holdout_pressure,primary,1,170,True,True,,True,1889.3789683217606,1.0,10,True,4425.599999999999,0.0,True,790.0,2858.245788,30.0,20.0,141.0,,0,1889.3789683217603,False,local_research_only,383.9245788,158,pressure,1589.3789683217606,,,,,,,,,,0.06548909800000047,0.0655001139966771,cf239034099ba4791decc9edb82258db3ca33c73f9336d197fc2bcf451ec8920,exited,10,7696.894841608802,True,2.03201467380057,2.0320146738005707,2.415563477635478,383.9245788,holdout_pressure/trace-030-B.json.gz,3839.245788,0.06547851800860371
pressure,q3-r2-boundary_min-10-970030,q3-r2-boundary_min-10-970030,CR,holdout_pressure,primary,1,168,True,True,,True,1889.3789683217606,1.0,10,True,4425.599999999999,0.0,True,780.0,2806.324873,30.0,20.0,141.0,,0,1889.3789683217603,False,local_research_only,377.7324873,156,pressure,1589.3789683217606,0,344,0,10,2,12,16.94688068004325,0,0,17.005365083000015,17.006693453004118,cf239034099ba4791decc9edb82258db3ca33c73f9336d197fc2bcf451ec8920,exited,10,7696.894841608802,True,1.9992415160391068,1.999241516039107,2.3766042890252357,377.7324873,holdout_pressure/trace-030-CR.json.gz,3777.324873,17.006666114000836
pressure,q3-r2-boundary_min-16-970031,q3-r2-boundary_min-16-970031,B,holdout_pressure,primary,1,179,True,True,,True,2409.0189401414927,1.0,16,True,0.0,0.0,True,805.0,3723.581304,48.0,32.0,147.0,,0,2409.0189401414923,False,local_research_only,297.2238315,161,pressure,2409.0189401414927,,,,,,,,,,0.09035643900000423,0.09035703499102965,7fad4392351266700af53f85fedd1f720f161ae6966580c1e4d539ca2a185c99,exited,16,11645.094700707465,True,1.9740738541975444,1.9740738541975449,1.9740738541975444,297.2238315,holdout_pressure/trace-031-B.json.gz,4755.581304,0.0903334260074189
pressure,q3-r2-boundary_min-16-970031,q3-r2-boundary_min-16-970031,CR,holdout_pressure,primary,1,174,True,True,,True,2409.0189401414927,1.0,16,True,0.0,0.0,True,780.0,3711.466297,48.0,32.0,141.0,,0,2409.0189401414923,False,local_research_only,294.5291435625,156,pressure,2409.0189401414927,0,376,0,10,2,12,15.384712065017084,0,0,15.47153093899999,15.472211354004685,7fad4392351266700af53f85fedd1f720f161ae6966580c1e4d539ca2a185c99,exited,16,11645.094700707465,True,1.9561765241759432,1.9561765241759437,1.9561765241759432,294.5291435625,holdout_pressure/trace-031-CR.json.gz,4712.466297,15.472184860002017
