problem,case_id,case_kind,seed,strategy,source_total,cleared_total,successful,all_cleared,completion_certified,virtual_time_s,common_lower_bound_s,time_over_lower_bound,nonnegative_gap_s,movement_lower_bound_s,successful_clear_action_lower_s,empty_channel_action_lower_s,scenario_sha256
3,q3-random-4000,random,4000,baseline_efficient,11,11,True,True,True,3065.189456,1776.77727856552,1.725139944650057,1288.41217743448,1451.77727956552,55.0,270.0,04cebc008375541d1b399af23881edacd3aacc21fe1b020586a6f741a44e6ea4
3,q3-random-4000,random,4000,rollout_p2_c3,11,11,True,True,True,3186.486545,1776.77727856552,1.793407977150973,1409.7092664344802,1451.77727956552,55.0,270.0,04cebc008375541d1b399af23881edacd3aacc21fe1b020586a6f741a44e6ea4
3,q3-random-4000,random,4000,rollout_p4_c5,11,11,True,True,True,3229.852787,1776.77727856552,1.8178152242061647,1453.0755084344798,1451.77727956552,55.0,270.0,04cebc008375541d1b399af23881edacd3aacc21fe1b020586a6f741a44e6ea4
3,q3-random-4000,random,4000,rollout_p4_c5_cautious,11,11,True,True,True,3065.189456,1776.77727856552,1.725139944650057,1288.41217743448,1451.77727956552,55.0,270.0,04cebc008375541d1b399af23881edacd3aacc21fe1b020586a6f741a44e6ea4
3,q3-random-4001,random,4001,baseline_efficient,16,16,True,True,True,3743.640193,2040.4569003068352,1.8347068210247652,1703.183292693165,1960.4569013068353,80.0,0.0,7e55261ef0297ae5f0ef67be432d596b4eafdf7fa217fd8eb7ae60443a4d3a11
3,q3-random-4001,random,4001,rollout_p2_c3,16,16,True,True,True,3697.413176,2040.4569003068352,1.8120515926820109,1656.9562756931648,1960.4569013068353,80.0,0.0,7e55261ef0297ae5f0ef67be432d596b4eafdf7fa217fd8eb7ae60443a4d3a11
3,q3-random-4001,random,4001,rollout_p4_c5,16,16,True,True,True,3572.379309,2040.4569003068352,1.7507742057491147,1531.9224086931647,1960.4569013068353,80.0,0.0,7e55261ef0297ae5f0ef67be432d596b4eafdf7fa217fd8eb7ae60443a4d3a11
3,q3-random-4001,random,4001,rollout_p4_c5_cautious,16,16,True,True,True,3710.91441,2040.4569003068352,1.8186683626799314,1670.4575096931646,1960.4569013068353,80.0,0.0,7e55261ef0297ae5f0ef67be432d596b4eafdf7fa217fd8eb7ae60443a4d3a11
3,q3-random-4002,random,4002,baseline_efficient,13,13,True,True,True,3580.963751,2009.3095347651738,1.7821862132448916,1571.654216234826,1734.309535765174,65.0,210.0,e3129ef6aade2a1e9629649ddd92c6eb3957d2b6bd83d500b04ca3f7dfd4145e
3,q3-random-4002,random,4002,rollout_p2_c3,13,13,True,True,True,3580.963751,2009.3095347651738,1.7821862132448916,1571.654216234826,1734.309535765174,65.0,210.0,e3129ef6aade2a1e9629649ddd92c6eb3957d2b6bd83d500b04ca3f7dfd4145e
3,q3-random-4002,random,4002,rollout_p4_c5,13,13,True,True,True,3459.831212,2009.3095347651738,1.7219005594398613,1450.5216772348263,1734.309535765174,65.0,210.0,e3129ef6aade2a1e9629649ddd92c6eb3957d2b6bd83d500b04ca3f7dfd4145e
3,q3-random-4002,random,4002,rollout_p4_c5_cautious,13,13,True,True,True,3549.728961,2009.3095347651738,1.7666411767736192,1540.419426234826,1734.309535765174,65.0,210.0,e3129ef6aade2a1e9629649ddd92c6eb3957d2b6bd83d500b04ca3f7dfd4145e
3,q3-random-4003,random,4003,baseline_efficient,16,16,True,True,True,3682.575402,1925.728305645241,1.9123026811230797,1756.8470963547588,1845.7283066452412,80.0,0.0,c0a151ea9316077cd7c3666ea0b84db238b6fc77c7abb59f17f890b3efb85938
3,q3-random-4003,random,4003,rollout_p2_c3,16,16,True,True,True,3539.202074,1925.728305645241,1.837851198232319,1613.4737683547587,1845.7283066452412,80.0,0.0,c0a151ea9316077cd7c3666ea0b84db238b6fc77c7abb59f17f890b3efb85938
3,q3-random-4003,random,4003,rollout_p4_c5,16,16,True,True,True,3355.204997,1925.728305645241,1.7423044503029173,1429.4766913547587,1845.7283066452412,80.0,0.0,c0a151ea9316077cd7c3666ea0b84db238b6fc77c7abb59f17f890b3efb85938
3,q3-random-4003,random,4003,rollout_p4_c5_cautious,16,16,True,True,True,3539.202074,1925.728305645241,1.837851198232319,1613.4737683547587,1845.7283066452412,80.0,0.0,c0a151ea9316077cd7c3666ea0b84db238b6fc77c7abb59f17f890b3efb85938
3,q3-random-4004,random,4004,baseline_efficient,15,15,True,True,True,3655.499266,2202.0344478740785,1.660055440789833,1453.4648181259213,1977.0344488740782,75.0,150.0,1b2b902f7a70b64d0a9088de4cec88c5e821c063e29a073ba0a939baeb6b48aa
3,q3-random-4004,random,4004,rollout_p2_c3,15,15,True,True,True,3590.409813,2202.0344478740785,1.6304966602435798,1388.3753651259217,1977.0344488740782,75.0,150.0,1b2b902f7a70b64d0a9088de4cec88c5e821c063e29a073ba0a939baeb6b48aa
3,q3-random-4004,random,4004,rollout_p4_c5,15,15,True,True,True,3858.284347,2202.0344478740785,1.752145317583439,1656.2498991259213,1977.0344488740782,75.0,150.0,1b2b902f7a70b64d0a9088de4cec88c5e821c063e29a073ba0a939baeb6b48aa
3,q3-random-4004,random,4004,rollout_p4_c5_cautious,15,15,True,True,True,3655.499266,2202.0344478740785,1.660055440789833,1453.4648181259213,1977.0344488740782,75.0,150.0,1b2b902f7a70b64d0a9088de4cec88c5e821c063e29a073ba0a939baeb6b48aa
3,q3-random-4005,random,4005,baseline_efficient,10,10,True,True,True,3300.967111,1385.9276583290325,2.381774467925597,1915.0394526709674,1035.9276593290326,50.0,300.0,d7c3cce9b46d7264dfcb39e66026187c160b4722f75ecfd159a26e30200ddc70
3,q3-random-4005,random,4005,rollout_p2_c3,10,10,True,True,True,3300.370182,1385.9276583290325,2.381343760740837,1914.4425236709676,1035.9276593290326,50.0,300.0,d7c3cce9b46d7264dfcb39e66026187c160b4722f75ecfd159a26e30200ddc70
3,q3-random-4005,random,4005,rollout_p4_c5,10,10,True,True,True,3159.877231,1385.9276583290325,2.2799727042100884,1773.9495726709674,1035.9276593290326,50.0,300.0,d7c3cce9b46d7264dfcb39e66026187c160b4722f75ecfd159a26e30200ddc70
3,q3-random-4005,random,4005,rollout_p4_c5_cautious,10,10,True,True,True,3159.877231,1385.9276583290325,2.2799727042100884,1773.9495726709674,1035.9276593290326,50.0,300.0,d7c3cce9b46d7264dfcb39e66026187c160b4722f75ecfd159a26e30200ddc70
3,q3-random-4006,random,4006,baseline_efficient,10,10,True,True,True,3376.395058,1820.1657171079103,1.8549932164225171,1556.2293408920898,1470.1657181079104,50.0,300.0,e295aef1bf18d7f5ed84c083af6c133edb43f44b6b5413c924a547cde2acfbdb
3,q3-random-4006,random,4006,rollout_p2_c3,10,10,True,True,True,3450.216012,1820.1657171079103,1.895550487283159,1630.0502948920896,1470.1657181079104,50.0,300.0,e295aef1bf18d7f5ed84c083af6c133edb43f44b6b5413c924a547cde2acfbdb
3,q3-random-4006,random,4006,rollout_p4_c5,10,10,True,True,True,3450.216012,1820.1657171079103,1.895550487283159,1630.0502948920896,1470.1657181079104,50.0,300.0,e295aef1bf18d7f5ed84c083af6c133edb43f44b6b5413c924a547cde2acfbdb
3,q3-random-4006,random,4006,rollout_p4_c5_cautious,10,10,True,True,True,3450.216012,1820.1657171079103,1.895550487283159,1630.0502948920896,1470.1657181079104,50.0,300.0,e295aef1bf18d7f5ed84c083af6c133edb43f44b6b5413c924a547cde2acfbdb
3,q3-random-4007,random,4007,baseline_efficient,14,14,True,True,True,3343.300938,2215.324173653877,1.5091700698980222,1127.9767643461228,1965.324174653877,70.0,180.0,01f9499a65761ac28345234e7abd28841056938031b6ae58d766aa655a9a7638
3,q3-random-4007,random,4007,rollout_p2_c3,14,14,True,True,True,3242.339121,2215.324173653877,1.4635957841114517,1027.0149473461229,1965.324174653877,70.0,180.0,01f9499a65761ac28345234e7abd28841056938031b6ae58d766aa655a9a7638
3,q3-random-4007,random,4007,rollout_p4_c5,14,14,True,True,True,3265.721038,2215.324173653877,1.4741504096051259,1050.396864346123,1965.324174653877,70.0,180.0,01f9499a65761ac28345234e7abd28841056938031b6ae58d766aa655a9a7638
3,q3-random-4007,random,4007,rollout_p4_c5_cautious,14,14,True,True,True,3265.721038,2215.324173653877,1.4741504096051259,1050.396864346123,1965.324174653877,70.0,180.0,01f9499a65761ac28345234e7abd28841056938031b6ae58d766aa655a9a7638
3,q3-random-4008,random,4008,baseline_efficient,14,14,True,True,True,3529.902305,1989.7848471468662,1.7740120546507798,1540.1174578531338,1739.7848481468664,70.0,180.0,879c7374d791d4824dd5f3299d9a9077deb5f70babc55511a52019640b1f67c7
3,q3-random-4008,random,4008,rollout_p2_c3,14,14,True,True,True,3314.316776,1989.7848471468662,1.6656659039053232,1324.5319288531339,1739.7848481468664,70.0,180.0,879c7374d791d4824dd5f3299d9a9077deb5f70babc55511a52019640b1f67c7
3,q3-random-4008,random,4008,rollout_p4_c5,14,14,True,True,True,3403.369427,1989.7848471468662,1.7104208185523473,1413.5845798531338,1739.7848481468664,70.0,180.0,879c7374d791d4824dd5f3299d9a9077deb5f70babc55511a52019640b1f67c7
3,q3-random-4008,random,4008,rollout_p4_c5_cautious,14,14,True,True,True,3450.831519,1989.7848471468662,1.734273694941498,1461.0466718531336,1739.7848481468664,70.0,180.0,879c7374d791d4824dd5f3299d9a9077deb5f70babc55511a52019640b1f67c7
3,q3-random-4009,random,4009,baseline_efficient,12,12,True,True,True,2854.415552,1656.4562100535968,1.7232061642653635,1197.9593419464031,1356.456211053597,60.0,240.0,7e5b667394df285802640d158db21ef4c544fde913b782321376a575c7521d4b
3,q3-random-4009,random,4009,rollout_p2_c3,12,12,True,True,True,3185.274354,1656.4562100535968,1.9229451009133145,1528.8181439464033,1356.456211053597,60.0,240.0,7e5b667394df285802640d158db21ef4c544fde913b782321376a575c7521d4b
3,q3-random-4009,random,4009,rollout_p4_c5,12,12,True,True,True,2935.057663,1656.4562100535968,1.7718896794168995,1278.6014529464032,1356.456211053597,60.0,240.0,7e5b667394df285802640d158db21ef4c544fde913b782321376a575c7521d4b
3,q3-random-4009,random,4009,rollout_p4_c5_cautious,12,12,True,True,True,3225.360297,1656.4562100535968,1.9471449214438572,1568.9040869464034,1356.456211053597,60.0,240.0,7e5b667394df285802640d158db21ef4c544fde913b782321376a575c7521d4b
3,q3-random-4010,random,4010,baseline_efficient,11,11,True,True,True,3449.802536,1856.444640231116,1.8582846270980216,1593.3578957688842,1531.444641231116,55.0,270.0,ae456ee1d02376e54fe186678bb71a4e6fc1a473a8dd8ddfb3f3341c4071045b
3,q3-random-4010,random,4010,rollout_p2_c3,11,11,True,True,True,3405.320139,1856.444640231116,1.8343235587009254,1548.875498768884,1531.444641231116,55.0,270.0,ae456ee1d02376e54fe186678bb71a4e6fc1a473a8dd8ddfb3f3341c4071045b
3,q3-random-4010,random,4010,rollout_p4_c5,11,11,True,True,True,3412.901062,1856.444640231116,1.8384071294337734,1556.456421768884,1531.444641231116,55.0,270.0,ae456ee1d02376e54fe186678bb71a4e6fc1a473a8dd8ddfb3f3341c4071045b
3,q3-random-4010,random,4010,rollout_p4_c5_cautious,11,11,True,True,True,3405.320139,1856.444640231116,1.8343235587009254,1548.875498768884,1531.444641231116,55.0,270.0,ae456ee1d02376e54fe186678bb71a4e6fc1a473a8dd8ddfb3f3341c4071045b
3,q3-random-4011,random,4011,baseline_efficient,12,12,True,True,True,3100.909134,1740.856321985422,1.7812550609940383,1360.052812014578,1440.8563229854221,60.0,240.0,503ac9cdcfb34ce2bc7b5bb248a59236b66e421310293c35874bab28ce5b064e
3,q3-random-4011,random,4011,rollout_p2_c3,12,12,True,True,True,3053.164238,1740.856321985422,1.7538289630461341,1312.3079160145778,1440.8563229854221,60.0,240.0,503ac9cdcfb34ce2bc7b5bb248a59236b66e421310293c35874bab28ce5b064e
3,q3-random-4011,random,4011,rollout_p4_c5,12,12,True,True,True,3100.943695,1740.856321985422,1.7812749138673418,1360.087373014578,1440.8563229854221,60.0,240.0,503ac9cdcfb34ce2bc7b5bb248a59236b66e421310293c35874bab28ce5b064e
3,q3-random-4011,random,4011,rollout_p4_c5_cautious,12,12,True,True,True,3100.943695,1740.856321985422,1.7812749138673418,1360.087373014578,1440.8563229854221,60.0,240.0,503ac9cdcfb34ce2bc7b5bb248a59236b66e421310293c35874bab28ce5b064e
3,q3-random-4012,random,4012,baseline_efficient,14,14,True,True,True,3091.686274,1842.7172149480077,1.6777866125743184,1248.9690590519924,1592.7172159480078,70.0,180.0,d3eb65c71fcf621aa7f5a7da5fbef3b86c6d6595f12bfa18114f0c492f3fafbf
3,q3-random-4012,random,4012,rollout_p2_c3,14,14,True,True,True,3501.147,1842.7172149480077,1.8999914754140856,1658.4297850519922,1592.7172159480078,70.0,180.0,d3eb65c71fcf621aa7f5a7da5fbef3b86c6d6595f12bfa18114f0c492f3fafbf
3,q3-random-4012,random,4012,rollout_p4_c5,14,14,True,True,True,3175.594048,1842.7172149480077,1.723321420259049,1332.8768330519922,1592.7172159480078,70.0,180.0,d3eb65c71fcf621aa7f5a7da5fbef3b86c6d6595f12bfa18114f0c492f3fafbf
3,q3-random-4012,random,4012,rollout_p4_c5_cautious,14,14,True,True,True,3175.594048,1842.7172149480077,1.723321420259049,1332.8768330519922,1592.7172159480078,70.0,180.0,d3eb65c71fcf621aa7f5a7da5fbef3b86c6d6595f12bfa18114f0c492f3fafbf
3,q3-random-4013,random,4013,baseline_efficient,16,16,True,True,True,3671.879833,2163.627125774254,1.6970945636882868,1508.2527072257458,2083.627126774254,80.0,0.0,6bcc5dbba411ef080e5ba1128fa61c4dbbd415e0c835fb3d5d9a96c126496b6f
3,q3-random-4013,random,4013,rollout_p2_c3,16,16,True,True,True,3704.793588,2163.627125774254,1.7123068683446272,1541.1664622257458,2083.627126774254,80.0,0.0,6bcc5dbba411ef080e5ba1128fa61c4dbbd415e0c835fb3d5d9a96c126496b6f
3,q3-random-4013,random,4013,rollout_p4_c5,16,16,True,True,True,3718.85159,2163.627125774254,1.718804291968381,1555.224464225746,2083.627126774254,80.0,0.0,6bcc5dbba411ef080e5ba1128fa61c4dbbd415e0c835fb3d5d9a96c126496b6f
3,q3-random-4013,random,4013,rollout_p4_c5_cautious,16,16,True,True,True,3683.804693,2163.627125774254,1.7026060771362117,1520.1775672257459,2083.627126774254,80.0,0.0,6bcc5dbba411ef080e5ba1128fa61c4dbbd415e0c835fb3d5d9a96c126496b6f
3,q3-random-4014,random,4014,baseline_efficient,12,12,True,True,True,3292.89222,2119.718352732994,1.553457427848568,1173.1738672670062,1819.718353732994,60.0,240.0,c852e6350bcd52584ff22e18408ddec1a067e6d7431b0feff7462f6f931d2205
3,q3-random-4014,random,4014,rollout_p2_c3,12,12,True,True,True,3265.355403,2119.718352732994,1.540466637367136,1145.637050267006,1819.718353732994,60.0,240.0,c852e6350bcd52584ff22e18408ddec1a067e6d7431b0feff7462f6f931d2205
3,q3-random-4014,random,4014,rollout_p4_c5,12,12,True,True,True,3265.355403,2119.718352732994,1.540466637367136,1145.637050267006,1819.718353732994,60.0,240.0,c852e6350bcd52584ff22e18408ddec1a067e6d7431b0feff7462f6f931d2205
3,q3-random-4014,random,4014,rollout_p4_c5_cautious,12,12,True,True,True,3292.89222,2119.718352732994,1.553457427848568,1173.1738672670062,1819.718353732994,60.0,240.0,c852e6350bcd52584ff22e18408ddec1a067e6d7431b0feff7462f6f931d2205
3,q3-random-4015,random,4015,baseline_efficient,16,16,True,True,True,3767.693721,2077.8505032885637,1.8132650616764596,1689.8432177114364,1997.8505042885633,80.0,0.0,fe38fed61ff67e9f66d90b4ec3dfeee743eac5279cbdc67bbcd0b95c0bc29397
3,q3-random-4015,random,4015,rollout_p2_c3,16,16,True,True,True,3678.995856,2077.8505032885637,1.7705777437680634,1601.1453527114363,1997.8505042885633,80.0,0.0,fe38fed61ff67e9f66d90b4ec3dfeee743eac5279cbdc67bbcd0b95c0bc29397
3,q3-random-4015,random,4015,rollout_p4_c5,16,16,True,True,True,3678.995856,2077.8505032885637,1.7705777437680634,1601.1453527114363,1997.8505042885633,80.0,0.0,fe38fed61ff67e9f66d90b4ec3dfeee743eac5279cbdc67bbcd0b95c0bc29397
3,q3-random-4015,random,4015,rollout_p4_c5_cautious,16,16,True,True,True,3678.995856,2077.8505032885637,1.7705777437680634,1601.1453527114363,1997.8505042885633,80.0,0.0,fe38fed61ff67e9f66d90b4ec3dfeee743eac5279cbdc67bbcd0b95c0bc29397
3,q3-random-4016,random,4016,baseline_efficient,16,16,True,True,True,4410.812489,1830.5300516518937,2.4095821235054986,2580.282437348106,1750.5300526518938,80.0,0.0,ed7185aa1d2297e9eca9689c42f5a4bc4d42bad0072d507b90c99f99687fb705
3,q3-random-4016,random,4016,rollout_p2_c3,16,16,True,True,True,4127.847393,1830.5300516518937,2.255001161699027,2297.3173413481063,1750.5300526518938,80.0,0.0,ed7185aa1d2297e9eca9689c42f5a4bc4d42bad0072d507b90c99f99687fb705
3,q3-random-4016,random,4016,rollout_p4_c5,16,16,True,True,True,4186.850192,1830.5300516518937,2.287233792322466,2356.320140348106,1750.5300526518938,80.0,0.0,ed7185aa1d2297e9eca9689c42f5a4bc4d42bad0072d507b90c99f99687fb705
3,q3-random-4016,random,4016,rollout_p4_c5_cautious,16,16,True,True,True,4029.00272,1830.5300516518937,2.2010033194288052,2198.4726683481063,1750.5300526518938,80.0,0.0,ed7185aa1d2297e9eca9689c42f5a4bc4d42bad0072d507b90c99f99687fb705
3,q3-random-4017,random,4017,baseline_efficient,14,14,True,True,True,3402.856104,1867.1316597588761,1.8225046349647616,1535.7244442411238,1617.1316607588763,70.0,180.0,edbb699428b2863dbbacc420ccd81e58b33c7340f610b09413562a73ffa5a106
3,q3-random-4017,random,4017,rollout_p2_c3,14,14,True,True,True,3317.412834,1867.1316597588761,1.7767428540247747,1450.281174241124,1617.1316607588763,70.0,180.0,edbb699428b2863dbbacc420ccd81e58b33c7340f610b09413562a73ffa5a106
3,q3-random-4017,random,4017,rollout_p4_c5,14,14,True,True,True,3493.483432,1867.1316597588761,1.8710428982020224,1626.3517722411239,1617.1316607588763,70.0,180.0,edbb699428b2863dbbacc420ccd81e58b33c7340f610b09413562a73ffa5a106
3,q3-random-4017,random,4017,rollout_p4_c5_cautious,14,14,True,True,True,3493.483432,1867.1316597588761,1.8710428982020224,1626.3517722411239,1617.1316607588763,70.0,180.0,edbb699428b2863dbbacc420ccd81e58b33c7340f610b09413562a73ffa5a106
3,q3-random-4018,random,4018,baseline_efficient,12,12,True,True,True,3483.908941,2299.58939615132,1.5150134832030457,1184.31954484868,1999.58939715132,60.0,240.0,d7f6e547796a9980be8029a8ed7e74811898e6e04628f40de09aa79366316df9
3,q3-random-4018,random,4018,rollout_p2_c3,12,12,True,True,True,3434.726129,2299.58939615132,1.4936258337025243,1135.13673284868,1999.58939715132,60.0,240.0,d7f6e547796a9980be8029a8ed7e74811898e6e04628f40de09aa79366316df9
3,q3-random-4018,random,4018,rollout_p4_c5,12,12,True,True,True,3617.222551,2299.58939615132,1.572986271833537,1317.6331548486796,1999.58939715132,60.0,240.0,d7f6e547796a9980be8029a8ed7e74811898e6e04628f40de09aa79366316df9
3,q3-random-4018,random,4018,rollout_p4_c5_cautious,12,12,True,True,True,3560.366471,2299.58939615132,1.5482618231579792,1260.7770748486796,1999.58939715132,60.0,240.0,d7f6e547796a9980be8029a8ed7e74811898e6e04628f40de09aa79366316df9
3,q3-random-4019,random,4019,baseline_efficient,12,12,True,True,True,3614.876932,2106.9904617818183,1.7156588971660591,1507.8864702181818,1806.9904627818182,60.0,240.0,d1a9363cb6f11c3da1ae09bdbe3ed98cb60c4b462c9c7a86b477a8029c6e2804
3,q3-random-4019,random,4019,rollout_p2_c3,12,12,True,True,True,3357.880591,2106.9904617818183,1.5936857104518365,1250.8901292181818,1806.9904627818182,60.0,240.0,d1a9363cb6f11c3da1ae09bdbe3ed98cb60c4b462c9c7a86b477a8029c6e2804
3,q3-random-4019,random,4019,rollout_p4_c5,12,12,True,True,True,3320.302787,2106.9904617818183,1.5758508864782046,1213.3123252181817,1806.9904627818182,60.0,240.0,d1a9363cb6f11c3da1ae09bdbe3ed98cb60c4b462c9c7a86b477a8029c6e2804
3,q3-random-4019,random,4019,rollout_p4_c5_cautious,12,12,True,True,True,3677.830464,2106.9904617818183,1.7455373105437648,1570.8400022181818,1806.9904627818182,60.0,240.0,d1a9363cb6f11c3da1ae09bdbe3ed98cb60c4b462c9c7a86b477a8029c6e2804
3,q3-hard-boundary_outward,hard,200000,baseline_efficient,12,12,True,True,True,4371.749963,2617.846833811964,1.6699792770664506,1753.903129188036,2317.846834811964,60.0,240.0,1ddef6cf0ed999e1d95c0267b919c38bc727711e0da8a949fe9f13ead673ab00
3,q3-hard-boundary_outward,hard,200000,rollout_p2_c3,12,12,True,True,True,4430.823017,2617.846833811964,1.6925447890119987,1812.9761831880355,2317.846834811964,60.0,240.0,1ddef6cf0ed999e1d95c0267b919c38bc727711e0da8a949fe9f13ead673ab00
3,q3-hard-boundary_outward,hard,200000,rollout_p4_c5,12,12,True,True,True,4373.08631,2617.846833811964,1.670489752691968,1755.2394761880355,2317.846834811964,60.0,240.0,1ddef6cf0ed999e1d95c0267b919c38bc727711e0da8a949fe9f13ead673ab00
3,q3-hard-boundary_outward,hard,200000,rollout_p4_c5_cautious,12,12,True,True,True,4371.919769,2617.846833811964,1.6700441418239322,1754.072935188036,2317.846834811964,60.0,240.0,1ddef6cf0ed999e1d95c0267b919c38bc727711e0da8a949fe9f13ead673ab00
3,q3-hard-minimum_radius,hard,200001,baseline_efficient,14,14,True,True,True,3830.163931,1978.2795705633055,1.9361085197424241,1851.8843604366946,1728.2795715633056,70.0,180.0,f4db40ec59f1d40eb75ac981b5a6735156277c65d7a41a3d0a3cdf2d9d2b8884
3,q3-hard-minimum_radius,hard,200001,rollout_p2_c3,14,14,True,True,True,3804.569862,1978.2795705633055,1.92317098079149,1826.2902914366944,1728.2795715633056,70.0,180.0,f4db40ec59f1d40eb75ac981b5a6735156277c65d7a41a3d0a3cdf2d9d2b8884
3,q3-hard-minimum_radius,hard,200001,rollout_p4_c5,14,14,True,True,True,3804.569862,1978.2795705633055,1.92317098079149,1826.2902914366944,1728.2795715633056,70.0,180.0,f4db40ec59f1d40eb75ac981b5a6735156277c65d7a41a3d0a3cdf2d9d2b8884
3,q3-hard-minimum_radius,hard,200001,rollout_p4_c5_cautious,14,14,True,True,True,3830.163931,1978.2795705633055,1.9361085197424241,1851.8843604366946,1728.2795715633056,70.0,180.0,f4db40ec59f1d40eb75ac981b5a6735156277c65d7a41a3d0a3cdf2d9d2b8884
3,q3-hard-positive_error,hard,200002,baseline_efficient,14,14,True,True,True,3815.753673,1978.2795705633055,1.928824282360396,1837.4741024366947,1728.2795715633056,70.0,180.0,de1667bff766c0c75e39ecc02e52cc21b5aa791a3fbb7ec8ff6aa3f45ecef0a8
3,q3-hard-positive_error,hard,200002,rollout_p2_c3,14,14,True,True,True,3795.245337,1978.2795705633055,1.9184575291950885,1816.9657664366944,1728.2795715633056,70.0,180.0,de1667bff766c0c75e39ecc02e52cc21b5aa791a3fbb7ec8ff6aa3f45ecef0a8
3,q3-hard-positive_error,hard,200002,rollout_p4_c5,14,14,True,True,True,3795.245337,1978.2795705633055,1.9184575291950885,1816.9657664366944,1728.2795715633056,70.0,180.0,de1667bff766c0c75e39ecc02e52cc21b5aa791a3fbb7ec8ff6aa3f45ecef0a8
3,q3-hard-positive_error,hard,200002,rollout_p4_c5_cautious,14,14,True,True,True,3402.091869,1978.2795705633055,1.7197224899973418,1423.8122984366944,1728.2795715633056,70.0,180.0,de1667bff766c0c75e39ecc02e52cc21b5aa791a3fbb7ec8ff6aa3f45ecef0a8
3,q3-hard-negative_error,hard,200003,baseline_efficient,14,14,True,True,True,3761.398494,1978.2795705633055,1.901348297768126,1783.1189234366946,1728.2795715633056,70.0,180.0,06bf6cf9e6d52406e720cc504c11c0e958f77aa226f894b6be81ec77115b78b6
3,q3-hard-negative_error,hard,200003,rollout_p2_c3,14,14,True,True,True,3761.398494,1978.2795705633055,1.901348297768126,1783.1189234366946,1728.2795715633056,70.0,180.0,06bf6cf9e6d52406e720cc504c11c0e958f77aa226f894b6be81ec77115b78b6
3,q3-hard-negative_error,hard,200003,rollout_p4_c5,14,14,True,True,True,3761.398494,1978.2795705633055,1.901348297768126,1783.1189234366946,1728.2795715633056,70.0,180.0,06bf6cf9e6d52406e720cc504c11c0e958f77aa226f894b6be81ec77115b78b6
3,q3-hard-negative_error,hard,200003,rollout_p4_c5_cautious,14,14,True,True,True,3761.398494,1978.2795705633055,1.901348297768126,1783.1189234366946,1728.2795715633056,70.0,180.0,06bf6cf9e6d52406e720cc504c11c0e958f77aa226f894b6be81ec77115b78b6
3,q3-hard-alternating_error,hard,200004,baseline_efficient,14,14,True,True,True,3478.69812,1978.2795705633055,1.7584461628997452,1500.4185494366945,1728.2795715633056,70.0,180.0,089c00b8bcce125f97ded73da8e89b3161dff20c1881cc8c9162a77fa070570e
3,q3-hard-alternating_error,hard,200004,rollout_p2_c3,14,14,True,True,True,3478.69812,1978.2795705633055,1.7584461628997452,1500.4185494366945,1728.2795715633056,70.0,180.0,089c00b8bcce125f97ded73da8e89b3161dff20c1881cc8c9162a77fa070570e
3,q3-hard-alternating_error,hard,200004,rollout_p4_c5,14,14,True,True,True,3478.69812,1978.2795705633055,1.7584461628997452,1500.4185494366945,1728.2795715633056,70.0,180.0,089c00b8bcce125f97ded73da8e89b3161dff20c1881cc8c9162a77fa070570e
3,q3-hard-alternating_error,hard,200004,rollout_p4_c5_cautious,14,14,True,True,True,3478.69812,1978.2795705633055,1.7584461628997452,1500.4185494366945,1728.2795715633056,70.0,180.0,089c00b8bcce125f97ded73da8e89b3161dff20c1881cc8c9162a77fa070570e
3,q3-hard-close_targets,hard,200005,baseline_efficient,14,14,True,True,True,2295.170388,429.79784656506996,5.340116071643739,1865.37254143493,179.79784756506996,70.0,180.0,c512b6f68567f325c72a0445fd900a89c19e388cccd858c02b4c2f4779deb1e8
3,q3-hard-close_targets,hard,200005,rollout_p2_c3,14,14,True,True,True,2045.78713,429.79784656506996,4.759882224515228,1615.98928343493,179.79784756506996,70.0,180.0,c512b6f68567f325c72a0445fd900a89c19e388cccd858c02b4c2f4779deb1e8
3,q3-hard-close_targets,hard,200005,rollout_p4_c5,14,14,True,True,True,2045.78713,429.79784656506996,4.759882224515228,1615.98928343493,179.79784756506996,70.0,180.0,c512b6f68567f325c72a0445fd900a89c19e388cccd858c02b4c2f4779deb1e8
3,q3-hard-close_targets,hard,200005,rollout_p4_c5_cautious,14,14,True,True,True,2045.78713,429.79784656506996,4.759882224515228,1615.98928343493,179.79784756506996,70.0,180.0,c512b6f68567f325c72a0445fd900a89c19e388cccd858c02b4c2f4779deb1e8
3,q3-hard-near_parallel,hard,200006,baseline_efficient,14,14,True,True,True,3489.378101,446.00000279999995,7.823717666129127,3043.3780982,196.00000379999997,70.0,180.0,a590b42740983fe9210079e89c590e6da56965d424cb8b9d6a6209065d31afdd
3,q3-hard-near_parallel,hard,200006,rollout_p2_c3,14,14,True,True,True,3489.378101,446.00000279999995,7.823717666129127,3043.3780982,196.00000379999997,70.0,180.0,a590b42740983fe9210079e89c590e6da56965d424cb8b9d6a6209065d31afdd
3,q3-hard-near_parallel,hard,200006,rollout_p4_c5,14,14,True,True,True,3406.378101,446.00000279999995,7.63761901258894,2960.3780982,196.00000379999997,70.0,180.0,a590b42740983fe9210079e89c590e6da56965d424cb8b9d6a6209065d31afdd
3,q3-hard-near_parallel,hard,200006,rollout_p4_c5_cautious,14,14,True,True,True,3489.378101,446.00000279999995,7.823717666129127,3043.3780982,196.00000379999997,70.0,180.0,a590b42740983fe9210079e89c590e6da56965d424cb8b9d6a6209065d31afdd
