problem,case_id,case_kind,seed,strategy,source_total,cleared_total,cleared_fraction,all_cleared,completion_certified,successful,accepted_exit,interrupted,completion_reason,error,virtual_time_s,time_per_source_s,mean_time_per_cleared_s,program_runtime_s,measurement_count,failed_clear_count,action_count,movement_m,movement_s,switching_s,detection_s,optical_s,removal_s,case_sha256,planning_searches,planning_candidate_evaluations,planning_changed_decisions,planning_wall_time_s,planning_fallback_counts,config_sha256,trace,paired_baseline_time_s,paired_seconds_saved,paired_win,pair_successful
3,q3-random-4000,random,4000,baseline_efficient,11,11,1.0,True,True,True,True,False,coverage_exhausted_and_all_detected_cleared,,3065.189456,278.6535869090909,278.6535869090909,0.04938709999987623,125,0,138,11390.94728,2278.189456,107.0,625.0,33.0,22.0,04cebc008375541d1b399af23881edacd3aacc21fe1b020586a6f741a44e6ea4,0,0,0,0.0,{},74234e98afe7498fb5daf1f36ac2d78acc339464f950703b8c019892f982b90b,traces/c786cb7886f34e271439a96f1155cbc69ee0801d10e7890532803e02868dd4d5.json.gz,3065.189456,0.0,False,True
3,q3-random-4000,random,4000,rollout_p2_c3,11,11,1.0,True,True,True,True,False,coverage_exhausted_and_all_detected_cleared,,3186.486545,289.68059500000004,289.68059500000004,2.5409291999967536,139,0,152,11572.432725,2314.486545,122.0,695.0,33.0,22.0,04cebc008375541d1b399af23881edacd3aacc21fe1b020586a6f741a44e6ea4,16,94,1,2.490178799984278,{},a992364574222dde1e104801aa8c1e9c8f7a6b335929593413153586f65affa3,traces/97bc5da9fe8d5d8536a67915f5ca70e9aee2438931df59e23c00bd9c492c46af.json.gz,3065.189456,-121.29708900000014,False,True
3,q3-random-4000,random,4000,rollout_p4_c5,11,11,1.0,True,True,True,True,False,coverage_exhausted_and_all_detected_cleared,,3229.852787,293.6229806363636,293.6229806363636,14.031769000001077,127,0,140,12164.263934999999,2432.852787,107.0,635.0,33.0,22.0,04cebc008375541d1b399af23881edacd3aacc21fe1b020586a6f741a44e6ea4,16,284,1,13.942054500002996,{},3988a223c591958b26fbad41ea18e70c9312a74e5f3eff9836ddb3ddcc57446e,traces/7fed4b39961677c55dd923da7483c781f239a40c7dc50a77d4194fca232a0579.json.gz,3065.189456,-164.66333099999974,False,True
3,q3-random-4000,random,4000,rollout_p4_c5_cautious,11,11,1.0,True,True,True,True,False,coverage_exhausted_and_all_detected_cleared,,3065.189456,278.6535869090909,278.6535869090909,13.43210380000528,125,0,138,11390.94728,2278.189456,107.0,625.0,33.0,22.0,04cebc008375541d1b399af23881edacd3aacc21fe1b020586a6f741a44e6ea4,15,276,0,13.3438989000133,{},f36a710933a1254038136f3a5e05ae423656e13a4ce0aaef5bd06a54a9644309,traces/3664bc94e7bc99e13d381293f49fb7c13824ea76789296d4b34f060393c90c59.json.gz,3065.189456,0.0,False,True
3,q3-random-4001,random,4001,baseline_efficient,16,16,1.0,True,True,True,True,False,source_count_upper_bound_reached,,3743.640193,233.9775120625,233.9775120625,0.1414876999988337,129,0,147,14553.200965,2910.640193,108.0,645.0,48.0,32.0,7e55261ef0297ae5f0ef67be432d596b4eafdf7fa217fd8eb7ae60443a4d3a11,0,0,0,0.0,{},74234e98afe7498fb5daf1f36ac2d78acc339464f950703b8c019892f982b90b,traces/480801f49683efd1fd79abbc0d1d20d5ce9a6182b94c5f020a192aeb3152e05f.json.gz,3743.640193,0.0,False,True
3,q3-random-4001,random,4001,rollout_p2_c3,16,16,1.0,True,True,True,True,False,source_count_upper_bound_reached,,3697.413176,231.0883235,231.0883235,5.980392199999187,128,0,146,14337.06588,2867.413176,110.0,640.0,48.0,32.0,7e55261ef0297ae5f0ef67be432d596b4eafdf7fa217fd8eb7ae60443a4d3a11,21,122,4,5.839232700011053,{},a992364574222dde1e104801aa8c1e9c8f7a6b335929593413153586f65affa3,traces/59c8d8a8305d6e1b6f3915696a70ff5dee05401c9324513dd27488d4ec8ac039.json.gz,3743.640193,46.22701700000016,True,True
3,q3-random-4001,random,4001,rollout_p4_c5,16,16,1.0,True,True,True,True,False,source_count_upper_bound_reached,,3572.379309,223.2737068125,223.2737068125,14.935827100001916,123,0,141,13881.896545,2776.379309,101.0,615.0,48.0,32.0,7e55261ef0297ae5f0ef67be432d596b4eafdf7fa217fd8eb7ae60443a4d3a11,21,384,4,14.813277799985372,{},3988a223c591958b26fbad41ea18e70c9312a74e5f3eff9836ddb3ddcc57446e,traces/af578a54a2ae5f2b63a6231a86bdfd8c15d0392a25494bab39cbb36186307b59.json.gz,3743.640193,171.26088400000026,True,True
3,q3-random-4001,random,4001,rollout_p4_c5_cautious,16,16,1.0,True,True,True,True,False,source_count_upper_bound_reached,,3710.91441,231.932150625,231.932150625,15.366377199999988,135,0,153,14199.572049999999,2839.91441,116.0,675.0,48.0,32.0,7e55261ef0297ae5f0ef67be432d596b4eafdf7fa217fd8eb7ae60443a4d3a11,21,392,2,15.228584800002864,{},f36a710933a1254038136f3a5e05ae423656e13a4ce0aaef5bd06a54a9644309,traces/c36f25352b1423ff7af5ee3ce7c2f77283cf205cefad8cbb2ae96bb1868af0d6.json.gz,3743.640193,32.72578300000032,True,True
3,q3-random-4002,random,4002,baseline_efficient,13,13,1.0,True,True,True,True,False,coverage_exhausted_and_all_detected_cleared,,3580.963751,275.4587500769231,275.4587500769231,0.11347430000023451,136,0,151,13624.818754999998,2724.963751,111.0,680.0,39.0,26.0,e3129ef6aade2a1e9629649ddd92c6eb3957d2b6bd83d500b04ca3f7dfd4145e,0,0,0,0.0,{},74234e98afe7498fb5daf1f36ac2d78acc339464f950703b8c019892f982b90b,traces/574244cb5597be7f2da2df89afe908151b40cd8292ce9dff559d7558bfc36184.json.gz,3580.963751,0.0,False,True
3,q3-random-4002,random,4002,rollout_p2_c3,13,13,1.0,True,True,True,True,False,coverage_exhausted_and_all_detected_cleared,,3580.963751,275.4587500769231,275.4587500769231,4.320914500000072,136,0,151,13624.818754999998,2724.963751,111.0,680.0,39.0,26.0,e3129ef6aade2a1e9629649ddd92c6eb3957d2b6bd83d500b04ca3f7dfd4145e,18,104,0,4.20801309998933,{},a992364574222dde1e104801aa8c1e9c8f7a6b335929593413153586f65affa3,traces/40eb6a4594253c5bc36022ede91c52675c1975aa7d3c910a226846c90484300e.json.gz,3580.963751,0.0,False,True
3,q3-random-4002,random,4002,rollout_p4_c5,13,13,1.0,True,True,True,True,False,coverage_exhausted_and_all_detected_cleared,,3459.831212,266.14086246153846,266.14086246153846,15.307544800001779,131,0,146,13154.156060000001,2630.831212,109.0,655.0,39.0,26.0,e3129ef6aade2a1e9629649ddd92c6eb3957d2b6bd83d500b04ca3f7dfd4145e,18,336,1,15.199559500004398,{},3988a223c591958b26fbad41ea18e70c9312a74e5f3eff9836ddb3ddcc57446e,traces/cf57ee1186017cdcfa4a9d4280ca733495bec6cd770e7bf9d47991ba0a44533e.json.gz,3580.963751,121.13253899999972,True,True
3,q3-random-4002,random,4002,rollout_p4_c5_cautious,13,13,1.0,True,True,True,True,False,coverage_exhausted_and_all_detected_cleared,,3549.728961,273.0560739230769,273.0560739230769,13.240032900001097,133,0,148,13553.644805,2710.728961,109.0,665.0,39.0,26.0,e3129ef6aade2a1e9629649ddd92c6eb3957d2b6bd83d500b04ca3f7dfd4145e,18,320,1,13.129758800008858,{},f36a710933a1254038136f3a5e05ae423656e13a4ce0aaef5bd06a54a9644309,traces/c5f0cf4ca14ab7616e64ef0c716a31484ccb5dc83bf87d5abda4916d5474cb6b.json.gz,3580.963751,31.234789999999975,True,True
3,q3-random-4003,random,4003,baseline_efficient,16,16,1.0,True,True,True,True,False,source_count_upper_bound_reached,,3682.575402,230.160962625,230.160962625,0.1107239999982994,138,0,156,13972.87701,2794.575402,118.0,690.0,48.0,32.0,c0a151ea9316077cd7c3666ea0b84db238b6fc77c7abb59f17f890b3efb85938,0,0,0,0.0,{},74234e98afe7498fb5daf1f36ac2d78acc339464f950703b8c019892f982b90b,traces/30e9d4f58b2b25a6d4a69fe38b8cff015a0d86e58c6e4e78d156493e6562b4ac.json.gz,3682.575402,0.0,False,True
3,q3-random-4003,random,4003,rollout_p2_c3,16,16,1.0,True,True,True,True,False,source_count_upper_bound_reached,,3539.202074,221.200129625,221.200129625,5.12496590000228,132,0,150,13416.01037,2683.202074,116.0,660.0,48.0,32.0,c0a151ea9316077cd7c3666ea0b84db238b6fc77c7abb59f17f890b3efb85938,21,124,1,5.006893999998283,{},a992364574222dde1e104801aa8c1e9c8f7a6b335929593413153586f65affa3,traces/e7f97c86d76cc6c111b72fac90e3a7075fe9baf30b21359272d92628c0de730f.json.gz,3682.575402,143.37332800000013,True,True
3,q3-random-4003,random,4003,rollout_p4_c5,16,16,1.0,True,True,True,True,False,source_count_upper_bound_reached,,3355.204997,209.7003123125,209.7003123125,15.230745599998045,132,0,150,12516.024985,2503.204997,112.0,660.0,48.0,32.0,c0a151ea9316077cd7c3666ea0b84db238b6fc77c7abb59f17f890b3efb85938,20,344,2,15.117216399979952,{},3988a223c591958b26fbad41ea18e70c9312a74e5f3eff9836ddb3ddcc57446e,traces/f74aa85a248e83962924284815b01899d1f8cdbbcf0693435187e3e5ba695682.json.gz,3682.575402,327.3704050000001,True,True
3,q3-random-4003,random,4003,rollout_p4_c5_cautious,16,16,1.0,True,True,True,True,False,source_count_upper_bound_reached,,3539.202074,221.200129625,221.200129625,14.997445200002403,132,0,150,13416.01037,2683.202074,116.0,660.0,48.0,32.0,c0a151ea9316077cd7c3666ea0b84db238b6fc77c7abb59f17f890b3efb85938,21,384,1,14.876505199994426,{},f36a710933a1254038136f3a5e05ae423656e13a4ce0aaef5bd06a54a9644309,traces/13bef8f15db50db0ef92a0580e8f44c406b9f5cdba761d4d541d7d0a4dc2b598.json.gz,3682.575402,143.37332800000013,True,True
3,q3-random-4004,random,4004,baseline_efficient,15,15,1.0,True,True,True,True,False,coverage_exhausted_and_all_detected_cleared,,3655.499266,243.69995106666664,243.69995106666664,0.12890519999928074,132,0,149,14052.496329999998,2810.499266,110.0,660.0,45.0,30.0,1b2b902f7a70b64d0a9088de4cec88c5e821c063e29a073ba0a939baeb6b48aa,0,0,0,0.0,{},74234e98afe7498fb5daf1f36ac2d78acc339464f950703b8c019892f982b90b,traces/c345d4a3d9f91dcba26777843e61cf041a8102438c1f81973ed448701cf8c641.json.gz,3655.499266,0.0,False,True
3,q3-random-4004,random,4004,rollout_p2_c3,15,15,1.0,True,True,True,True,False,coverage_exhausted_and_all_detected_cleared,,3590.409813,239.36065420000003,239.36065420000003,6.2113937000031,125,0,142,13942.049065000001,2788.409813,102.0,625.0,45.0,30.0,1b2b902f7a70b64d0a9088de4cec88c5e821c063e29a073ba0a939baeb6b48aa,20,118,3,6.081275299999106,{},a992364574222dde1e104801aa8c1e9c8f7a6b335929593413153586f65affa3,traces/4f2672b5e44596a95276be5c4551a700e4333c0ab716ede861665ef5853f44b5.json.gz,3655.499266,65.0894529999996,True,True
3,q3-random-4004,random,4004,rollout_p4_c5,15,15,1.0,True,True,True,True,False,coverage_exhausted_and_all_detected_cleared,,3858.284347,257.21895646666667,257.21895646666667,17.59396299999935,136,0,153,14941.421735,2988.284347,115.0,680.0,45.0,30.0,1b2b902f7a70b64d0a9088de4cec88c5e821c063e29a073ba0a939baeb6b48aa,20,376,1,17.463163699998404,{},3988a223c591958b26fbad41ea18e70c9312a74e5f3eff9836ddb3ddcc57446e,traces/1b4879f143b83f9f3322f7f589e87271aefb7c021906b9538b7acf4bec286779.json.gz,3655.499266,-202.785081,False,True
3,q3-random-4004,random,4004,rollout_p4_c5_cautious,15,15,1.0,True,True,True,True,False,coverage_exhausted_and_all_detected_cleared,,3655.499266,243.69995106666664,243.69995106666664,9.931182100001024,132,0,149,14052.496329999998,2810.499266,110.0,660.0,45.0,30.0,1b2b902f7a70b64d0a9088de4cec88c5e821c063e29a073ba0a939baeb6b48aa,20,376,0,9.856867399990733,{},f36a710933a1254038136f3a5e05ae423656e13a4ce0aaef5bd06a54a9644309,traces/7264e32689f0a1603b949bf5d274e433f400e084d2bd3900830d70ea1b3986a0.json.gz,3655.499266,0.0,False,True
3,q3-random-4005,random,4005,baseline_efficient,10,10,1.0,True,True,True,True,False,coverage_exhausted_and_all_detected_cleared,,3300.967111,330.0967111,330.0967111,0.047744600000442006,126,0,138,12569.835555,2513.967111,107.0,630.0,30.0,20.0,d7c3cce9b46d7264dfcb39e66026187c160b4722f75ecfd159a26e30200ddc70,0,0,0,0.0,{},74234e98afe7498fb5daf1f36ac2d78acc339464f950703b8c019892f982b90b,traces/ff5fbb2b289110690947ba553e5ad0a38a810c7cbd36866274c9dcf0fa2f7f25.json.gz,3300.967111,0.0,False,True
3,q3-random-4005,random,4005,rollout_p2_c3,10,10,1.0,True,True,True,True,False,coverage_exhausted_and_all_detected_cleared,,3300.370182,330.03701820000003,330.03701820000003,2.9244723999945563,127,0,139,12511.850910000001,2502.370182,113.0,635.0,30.0,20.0,d7c3cce9b46d7264dfcb39e66026187c160b4722f75ecfd159a26e30200ddc70,15,88,2,2.8626742999913404,{},a992364574222dde1e104801aa8c1e9c8f7a6b335929593413153586f65affa3,traces/03c4b4b4b26ac498948a69fb4a6b080c161064243d482fb58ddb71bbb4fe7dbc.json.gz,3300.967111,0.5969289999998182,True,True
3,q3-random-4005,random,4005,rollout_p4_c5,10,10,1.0,True,True,True,True,False,coverage_exhausted_and_all_detected_cleared,,3159.877231,315.9877231,315.9877231,13.075526299995545,124,0,136,11904.386155,2380.877231,109.0,620.0,30.0,20.0,d7c3cce9b46d7264dfcb39e66026187c160b4722f75ecfd159a26e30200ddc70,15,272,1,12.98421400001098,{},3988a223c591958b26fbad41ea18e70c9312a74e5f3eff9836ddb3ddcc57446e,traces/4aa0441c3083aec19dc91e4598a8b1c93c5c0d3137180b48644cdf83c936a5df.json.gz,3300.967111,141.08988,True,True
3,q3-random-4005,random,4005,rollout_p4_c5_cautious,10,10,1.0,True,True,True,True,False,coverage_exhausted_and_all_detected_cleared,,3159.877231,315.9877231,315.9877231,12.950275799994415,124,0,136,11904.386155,2380.877231,109.0,620.0,30.0,20.0,d7c3cce9b46d7264dfcb39e66026187c160b4722f75ecfd159a26e30200ddc70,15,272,1,12.859230399983062,{},f36a710933a1254038136f3a5e05ae423656e13a4ce0aaef5bd06a54a9644309,traces/4abf0e7638c84bfacf0bf7d38fce74c69e97b81e46a914cdab4c8f5323627f07.json.gz,3300.967111,141.08988,True,True
3,q3-random-4006,random,4006,baseline_efficient,10,10,1.0,True,True,True,True,False,coverage_exhausted_and_all_detected_cleared,,3376.395058,337.6395058,337.6395058,0.08021909999661148,142,0,154,12481.97529,2496.395058,120.0,710.0,30.0,20.0,e295aef1bf18d7f5ed84c083af6c133edb43f44b6b5413c924a547cde2acfbdb,0,0,0,0.0,{},74234e98afe7498fb5daf1f36ac2d78acc339464f950703b8c019892f982b90b,traces/9233f31c92da0f7e8250c2e1cf9cd7a0606bbf779e5c79d3ef70e8cb6a1584e4.json.gz,3376.395058,0.0,False,True
3,q3-random-4006,random,4006,rollout_p2_c3,10,10,1.0,True,True,True,True,False,coverage_exhausted_and_all_detected_cleared,,3450.216012,345.02160119999996,345.02160119999996,4.36962499999936,144,0,156,12796.08006,2559.216012,121.0,720.0,30.0,20.0,e295aef1bf18d7f5ed84c083af6c133edb43f44b6b5413c924a547cde2acfbdb,15,86,1,4.276505799985898,{},a992364574222dde1e104801aa8c1e9c8f7a6b335929593413153586f65affa3,traces/95d9d7568fd5d8019c0a3251a4621a431f148962fb5b0d0c49959068ffaecee2.json.gz,3376.395058,-73.8209539999998,False,True
3,q3-random-4006,random,4006,rollout_p4_c5,10,10,1.0,True,True,True,True,False,coverage_exhausted_and_all_detected_cleared,,3450.216012,345.02160119999996,345.02160119999996,12.528379600000335,144,0,156,12796.08006,2559.216012,121.0,720.0,30.0,20.0,e295aef1bf18d7f5ed84c083af6c133edb43f44b6b5413c924a547cde2acfbdb,15,248,1,12.434671300012269,{},3988a223c591958b26fbad41ea18e70c9312a74e5f3eff9836ddb3ddcc57446e,traces/91a335a6bad7ab6f68d0508d0f9e47c92955ce784a47f77e1bc94504148b646a.json.gz,3376.395058,-73.8209539999998,False,True
3,q3-random-4006,random,4006,rollout_p4_c5_cautious,10,10,1.0,True,True,True,True,False,coverage_exhausted_and_all_detected_cleared,,3450.216012,345.02160119999996,345.02160119999996,12.303777000000991,144,0,156,12796.08006,2559.216012,121.0,720.0,30.0,20.0,e295aef1bf18d7f5ed84c083af6c133edb43f44b6b5413c924a547cde2acfbdb,15,248,1,12.213176099998236,{},f36a710933a1254038136f3a5e05ae423656e13a4ce0aaef5bd06a54a9644309,traces/d0f836b9515d3987c359650d030ab56075987b47fce786afd2e68a8bb761f4f9.json.gz,3376.395058,-73.8209539999998,False,True
3,q3-random-4007,random,4007,baseline_efficient,14,14,1.0,True,True,True,True,False,coverage_exhausted_and_all_detected_cleared,,3343.300938,238.80720985714285,238.80720985714285,0.1007196999998996,129,0,145,12571.50469,2514.300938,114.0,645.0,42.0,28.0,01f9499a65761ac28345234e7abd28841056938031b6ae58d766aa655a9a7638,0,0,0,0.0,{},74234e98afe7498fb5daf1f36ac2d78acc339464f950703b8c019892f982b90b,traces/da58a9e0baffb794c27ea3b4186ab42e9e29d0b63f534db938edf9506912b0a0.json.gz,3343.300938,0.0,False,True
3,q3-random-4007,random,4007,rollout_p2_c3,14,14,1.0,True,True,True,True,False,coverage_exhausted_and_all_detected_cleared,,3242.339121,231.5956515,231.5956515,5.8920701000024565,128,0,144,12096.695605,2419.339121,113.0,640.0,42.0,28.0,01f9499a65761ac28345234e7abd28841056938031b6ae58d766aa655a9a7638,19,112,1,5.777107299974887,{},a992364574222dde1e104801aa8c1e9c8f7a6b335929593413153586f65affa3,traces/e399483e7f4c56df9fb82636450c2ac812e2acf6424ed919a1fd558a5e0cc370.json.gz,3343.300938,100.96181699999988,True,True
3,q3-random-4007,random,4007,rollout_p4_c5,14,14,1.0,True,True,True,True,False,coverage_exhausted_and_all_detected_cleared,,3265.721038,233.26578842857143,233.26578842857143,18.031022600000142,128,0,144,12213.60519,2442.721038,113.0,640.0,42.0,28.0,01f9499a65761ac28345234e7abd28841056938031b6ae58d766aa655a9a7638,19,356,1,17.916649799997685,{},3988a223c591958b26fbad41ea18e70c9312a74e5f3eff9836ddb3ddcc57446e,traces/30ae64cb77810e855934e07301b0a7571f2f23a4f4ec854e2f80d70c5175f1f9.json.gz,3343.300938,77.57989999999972,True,True
3,q3-random-4007,random,4007,rollout_p4_c5_cautious,14,14,1.0,True,True,True,True,False,coverage_exhausted_and_all_detected_cleared,,3265.721038,233.26578842857143,233.26578842857143,18.710567300004186,128,0,144,12213.60519,2442.721038,113.0,640.0,42.0,28.0,01f9499a65761ac28345234e7abd28841056938031b6ae58d766aa655a9a7638,19,356,1,18.585043300008692,{},f36a710933a1254038136f3a5e05ae423656e13a4ce0aaef5bd06a54a9644309,traces/4860e3e00f2d8e3577b204a8ffc6f403d3d0c3271a3b22f334fd9e6bc0b7703b.json.gz,3343.300938,77.57989999999972,True,True
3,q3-random-4008,random,4008,baseline_efficient,14,14,1.0,True,True,True,True,False,coverage_exhausted_and_all_detected_cleared,,3529.902305,252.13587892857143,252.13587892857143,0.1179656000022078,126,0,142,13629.511525,2725.902305,104.0,630.0,42.0,28.0,879c7374d791d4824dd5f3299d9a9077deb5f70babc55511a52019640b1f67c7,0,0,0,0.0,{},74234e98afe7498fb5daf1f36ac2d78acc339464f950703b8c019892f982b90b,traces/9d6f3d81e0cc503670d8e073f224dc1907744ca3f0034742ed88b0643c2a83a4.json.gz,3529.902305,0.0,False,True
3,q3-random-4008,random,4008,rollout_p2_c3,14,14,1.0,True,True,True,True,False,coverage_exhausted_and_all_detected_cleared,,3314.316776,236.73691257142858,236.73691257142858,4.831833099997311,122,0,138,12616.58388,2523.316776,111.0,610.0,42.0,28.0,879c7374d791d4824dd5f3299d9a9077deb5f70babc55511a52019640b1f67c7,18,106,1,4.725669699982973,{},a992364574222dde1e104801aa8c1e9c8f7a6b335929593413153586f65affa3,traces/9aca56a7f2d71fe7c4a60738bd3b47687ab284b17155cfa8b15f85864c3914c8.json.gz,3529.902305,215.58552899999995,True,True
3,q3-random-4008,random,4008,rollout_p4_c5,14,14,1.0,True,True,True,True,False,coverage_exhausted_and_all_detected_cleared,,3403.369427,243.09781621428573,243.09781621428573,15.894646700005978,107,0,123,13516.847135,2703.369427,95.0,535.0,42.0,28.0,879c7374d791d4824dd5f3299d9a9077deb5f70babc55511a52019640b1f67c7,19,344,4,15.799160900009156,{},3988a223c591958b26fbad41ea18e70c9312a74e5f3eff9836ddb3ddcc57446e,traces/0040ab7cbcc20406b9884df0c139669445133a7352eb3b77dbae07153914b4ae.json.gz,3529.902305,126.53287799999998,True,True
3,q3-random-4008,random,4008,rollout_p4_c5_cautious,14,14,1.0,True,True,True,True,False,coverage_exhausted_and_all_detected_cleared,,3450.831519,246.48796564285712,246.48796564285712,14.4402762000027,120,0,136,13369.157594999999,2673.831519,107.0,600.0,42.0,28.0,879c7374d791d4824dd5f3299d9a9077deb5f70babc55511a52019640b1f67c7,18,332,2,14.351709300019138,{},f36a710933a1254038136f3a5e05ae423656e13a4ce0aaef5bd06a54a9644309,traces/85d8eff7e454f599190685efcf93fdef7437d2c301afdf4a66a22543f74beb3e.json.gz,3529.902305,79.07078600000023,True,True
3,q3-random-4009,random,4009,baseline_efficient,12,12,1.0,True,True,True,True,False,coverage_exhausted_and_all_detected_cleared,,2854.415552,237.86796266666667,237.86796266666667,0.11823870000080206,117,0,131,10532.07776,2106.415552,103.0,585.0,36.0,24.0,7e5b667394df285802640d158db21ef4c544fde913b782321376a575c7521d4b,0,0,0,0.0,{},74234e98afe7498fb5daf1f36ac2d78acc339464f950703b8c019892f982b90b,traces/4762d847bd31bb210b4fc3ed2f6f50daca8a2d1f297fd42c791c584cda253e36.json.gz,2854.415552,0.0,False,True
3,q3-random-4009,random,4009,rollout_p2_c3,12,12,1.0,True,True,True,True,False,coverage_exhausted_and_all_detected_cleared,,3185.274354,265.4395295,265.4395295,6.176757100001851,126,0,140,11926.371770000002,2385.274354,110.0,630.0,36.0,24.0,7e5b667394df285802640d158db21ef4c544fde913b782321376a575c7521d4b,17,98,2,6.043604999984382,{},a992364574222dde1e104801aa8c1e9c8f7a6b335929593413153586f65affa3,traces/c7e6c79bfac0a6fe704dbcb00ea14ba16ee99bd5b9e9ad6831e443e12e1ef0ce.json.gz,2854.415552,-330.8588020000002,False,True
3,q3-random-4009,random,4009,rollout_p4_c5,12,12,1.0,True,True,True,True,False,coverage_exhausted_and_all_detected_cleared,,2935.057663,244.58813858333335,244.58813858333335,14.71527149999747,122,0,136,10770.288315,2154.057663,111.0,610.0,36.0,24.0,7e5b667394df285802640d158db21ef4c544fde913b782321376a575c7521d4b,17,304,3,14.614346800008207,{},3988a223c591958b26fbad41ea18e70c9312a74e5f3eff9836ddb3ddcc57446e,traces/a535d715e2c43ba935b2f0e4e1113bd7d99ba9883509a3c194662d14636d9e25.json.gz,2854.415552,-80.64211100000011,False,True
3,q3-random-4009,random,4009,rollout_p4_c5_cautious,12,12,1.0,True,True,True,True,False,coverage_exhausted_and_all_detected_cleared,,3225.360297,268.78002475,268.78002475,14.37398260000191,139,0,153,11746.801485,2349.360297,121.0,695.0,36.0,24.0,7e5b667394df285802640d158db21ef4c544fde913b782321376a575c7521d4b,17,316,1,14.263155100023141,{},f36a710933a1254038136f3a5e05ae423656e13a4ce0aaef5bd06a54a9644309,traces/cb64b47b11e98fca9ab063fffeb1c37152de63ac3f7b8e1cbe576c73297e160f.json.gz,2854.415552,-370.94474500000024,False,True
3,q3-random-4010,random,4010,baseline_efficient,11,11,1.0,True,True,True,True,False,coverage_exhausted_and_all_detected_cleared,,3449.802536,313.61841236363637,313.61841236363637,0.09978409999894211,129,0,142,13209.01268,2641.802536,108.0,645.0,33.0,22.0,ae456ee1d02376e54fe186678bb71a4e6fc1a473a8dd8ddfb3f3341c4071045b,0,0,0,0.0,{},74234e98afe7498fb5daf1f36ac2d78acc339464f950703b8c019892f982b90b,traces/fbe7aecc27bc4c9930200eae1fc993976a3470b76e67c246924a840d23abd3a2.json.gz,3449.802536,0.0,False,True
3,q3-random-4010,random,4010,rollout_p2_c3,11,11,1.0,True,True,True,True,False,coverage_exhausted_and_all_detected_cleared,,3405.320139,309.5745580909091,309.5745580909091,4.741033999998763,130,0,143,12911.600695,2582.320139,118.0,650.0,33.0,22.0,ae456ee1d02376e54fe186678bb71a4e6fc1a473a8dd8ddfb3f3341c4071045b,16,92,2,4.6412405999872135,{},a992364574222dde1e104801aa8c1e9c8f7a6b335929593413153586f65affa3,traces/fb963f7f30a8c4e1396bb4f8c111213911fcbf3a439a3735a30ed50af652e6fa.json.gz,3449.802536,44.48239700000022,True,True
3,q3-random-4010,random,4010,rollout_p4_c5,11,11,1.0,True,True,True,True,False,coverage_exhausted_and_all_detected_cleared,,3412.901062,310.2637329090909,310.2637329090909,13.15497950000281,127,0,140,13024.50531,2604.901062,118.0,635.0,33.0,22.0,ae456ee1d02376e54fe186678bb71a4e6fc1a473a8dd8ddfb3f3341c4071045b,16,296,3,13.061561100003019,{},3988a223c591958b26fbad41ea18e70c9312a74e5f3eff9836ddb3ddcc57446e,traces/305f57fa684858426367718c38a757588984a2a1721dff69447834bf4fc5f4a2.json.gz,3449.802536,36.901474000000235,True,True
3,q3-random-4010,random,4010,rollout_p4_c5_cautious,11,11,1.0,True,True,True,True,False,coverage_exhausted_and_all_detected_cleared,,3405.320139,309.5745580909091,309.5745580909091,12.612887299997965,130,0,143,12911.600695,2582.320139,118.0,650.0,33.0,22.0,ae456ee1d02376e54fe186678bb71a4e6fc1a473a8dd8ddfb3f3341c4071045b,16,284,2,12.520701100009319,{},f36a710933a1254038136f3a5e05ae423656e13a4ce0aaef5bd06a54a9644309,traces/8f169f1581d61861126f2bb7b0d3b4fb9f5a3f5a1b4decbc9de75d3b9df2503b.json.gz,3449.802536,44.48239700000022,True,True
3,q3-random-4011,random,4011,baseline_efficient,12,12,1.0,True,True,True,True,False,coverage_exhausted_and_all_detected_cleared,,3100.909134,258.4090945,258.4090945,0.11592599999858066,123,0,137,11634.54567,2326.909134,99.0,615.0,36.0,24.0,503ac9cdcfb34ce2bc7b5bb248a59236b66e421310293c35874bab28ce5b064e,0,0,0,0.0,{},74234e98afe7498fb5daf1f36ac2d78acc339464f950703b8c019892f982b90b,traces/c5f425fe3989d62737b80691b439f818f7d2923bf7aff7eebda3fd78f18d1e8b.json.gz,3100.909134,0.0,False,True
3,q3-random-4011,random,4011,rollout_p2_c3,12,12,1.0,True,True,True,True,False,coverage_exhausted_and_all_detected_cleared,,3053.164238,254.43035316666666,254.43035316666666,5.225379600000451,128,0,142,11225.821189999999,2245.164238,108.0,640.0,36.0,24.0,503ac9cdcfb34ce2bc7b5bb248a59236b66e421310293c35874bab28ce5b064e,17,100,1,5.116306699972483,{},a992364574222dde1e104801aa8c1e9c8f7a6b335929593413153586f65affa3,traces/5bca95a6a41567951f0868fcc9a00c365bb8780d8131c42b28defbb0143940f7.json.gz,3100.909134,47.74489600000015,True,True
3,q3-random-4011,random,4011,rollout_p4_c5,12,12,1.0,True,True,True,True,False,coverage_exhausted_and_all_detected_cleared,,3100.943695,258.41197458333335,258.41197458333335,15.939043200000015,123,0,137,11634.718475,2326.943695,99.0,615.0,36.0,24.0,503ac9cdcfb34ce2bc7b5bb248a59236b66e421310293c35874bab28ce5b064e,17,316,1,15.83226170000853,{},3988a223c591958b26fbad41ea18e70c9312a74e5f3eff9836ddb3ddcc57446e,traces/bb66dce18b9015d3ee3b56fb414de03bf2509fc4fca14bef3e2a2b63e6397bae.json.gz,3100.909134,-0.03456099999993967,False,True
3,q3-random-4011,random,4011,rollout_p4_c5_cautious,12,12,1.0,True,True,True,True,False,coverage_exhausted_and_all_detected_cleared,,3100.943695,258.41197458333335,258.41197458333335,16.148474699999497,123,0,137,11634.718475,2326.943695,99.0,615.0,36.0,24.0,503ac9cdcfb34ce2bc7b5bb248a59236b66e421310293c35874bab28ce5b064e,17,316,1,16.044693799995002,{},f36a710933a1254038136f3a5e05ae423656e13a4ce0aaef5bd06a54a9644309,traces/4859698c97fe39205b2ce0db8e1048a442a997a2c757b61c338d614e82d51ace.json.gz,3100.909134,-0.03456099999993967,False,True
3,q3-random-4012,random,4012,baseline_efficient,14,14,1.0,True,True,True,True,False,coverage_exhausted_and_all_detected_cleared,,3091.686274,220.83473385714288,220.83473385714288,0.11790660000406206,121,0,137,11593.43137,2318.686274,98.0,605.0,42.0,28.0,d3eb65c71fcf621aa7f5a7da5fbef3b86c6d6595f12bfa18114f0c492f3fafbf,0,0,0,0.0,{},74234e98afe7498fb5daf1f36ac2d78acc339464f950703b8c019892f982b90b,traces/81ab321f10238888140b4ef0c7ae2c353f36916b2537dcc957091f86694fc7da.json.gz,3091.686274,0.0,False,True
3,q3-random-4012,random,4012,rollout_p2_c3,14,14,1.0,True,True,True,True,False,coverage_exhausted_and_all_detected_cleared,,3501.147,250.08192857142856,250.08192857142856,5.508608399999503,120,0,136,13635.735,2727.147,104.0,600.0,42.0,28.0,d3eb65c71fcf621aa7f5a7da5fbef3b86c6d6595f12bfa18114f0c492f3fafbf,19,112,4,5.398303899994062,{},a992364574222dde1e104801aa8c1e9c8f7a6b335929593413153586f65affa3,traces/eeeecd45072e21db3fee77f18a4a31e7c3a8a827c3da72a4473800f14aa03bd9.json.gz,3091.686274,-409.4607259999998,False,True
3,q3-random-4012,random,4012,rollout_p4_c5,14,14,1.0,True,True,True,True,False,coverage_exhausted_and_all_detected_cleared,,3175.594048,226.82814628571427,226.82814628571427,16.734293699999398,123,0,139,11947.970239999999,2389.594048,101.0,615.0,42.0,28.0,d3eb65c71fcf621aa7f5a7da5fbef3b86c6d6595f12bfa18114f0c492f3fafbf,19,356,1,16.621224800030177,{},3988a223c591958b26fbad41ea18e70c9312a74e5f3eff9836ddb3ddcc57446e,traces/6f77c9c97a5ddd341caf89c1b912b14428a3fbe5026991fd4bf97f3224f75e98.json.gz,3091.686274,-83.90777399999979,False,True
3,q3-random-4012,random,4012,rollout_p4_c5_cautious,14,14,1.0,True,True,True,True,False,coverage_exhausted_and_all_detected_cleared,,3175.594048,226.82814628571427,226.82814628571427,16.57242170000245,123,0,139,11947.970239999999,2389.594048,101.0,615.0,42.0,28.0,d3eb65c71fcf621aa7f5a7da5fbef3b86c6d6595f12bfa18114f0c492f3fafbf,19,356,1,16.460936099996616,{},f36a710933a1254038136f3a5e05ae423656e13a4ce0aaef5bd06a54a9644309,traces/ab491ea7249abec40ff783c80e6bf7540ccb9ebefe36adc9636d9c45cf9a5f54.json.gz,3091.686274,-83.90777399999979,False,True
3,q3-random-4013,random,4013,baseline_efficient,16,16,1.0,True,True,True,True,False,source_count_upper_bound_reached,,3671.879833,229.4924895625,229.4924895625,0.1199371999973664,127,0,145,14229.399164999999,2845.879833,111.0,635.0,48.0,32.0,6bcc5dbba411ef080e5ba1128fa61c4dbbd415e0c835fb3d5d9a96c126496b6f,0,0,0,0.0,{},74234e98afe7498fb5daf1f36ac2d78acc339464f950703b8c019892f982b90b,traces/f6a15f521ce6bbcefd37b5abed9e0df37c6a7f694b6e138882aa23f822f3adc9.json.gz,3671.879833,0.0,False,True
3,q3-random-4013,random,4013,rollout_p2_c3,16,16,1.0,True,True,True,True,False,source_count_upper_bound_reached,,3704.793588,231.54959925,231.54959925,6.006120099998952,134,0,152,14193.96794,2838.793588,116.0,670.0,48.0,32.0,6bcc5dbba411ef080e5ba1128fa61c4dbbd415e0c835fb3d5d9a96c126496b6f,21,124,2,5.866152400019928,{},a992364574222dde1e104801aa8c1e9c8f7a6b335929593413153586f65affa3,traces/1bd711f6a9317416094ee5c5090f20cd4f1986268d50dcb803f904c6ada97d2a.json.gz,3671.879833,-32.91375500000004,False,True
3,q3-random-4013,random,4013,rollout_p4_c5,16,16,1.0,True,True,True,True,False,source_count_upper_bound_reached,,3718.85159,232.428224375,232.428224375,15.960383999998157,128,0,146,14444.257950000001,2888.85159,110.0,640.0,48.0,32.0,6bcc5dbba411ef080e5ba1128fa61c4dbbd415e0c835fb3d5d9a96c126496b6f,21,396,2,15.83202529999835,{},3988a223c591958b26fbad41ea18e70c9312a74e5f3eff9836ddb3ddcc57446e,traces/05985937bbb1ccb8dc5badabe88dc2f80c7f0ebbff0577d0bb104293f586c6a9.json.gz,3671.879833,-46.97175700000025,False,True
3,q3-random-4013,random,4013,rollout_p4_c5_cautious,16,16,1.0,True,True,True,True,False,source_count_upper_bound_reached,,3683.804693,230.2377933125,230.2377933125,17.97433710000041,134,0,152,14069.023465,2813.804693,120.0,670.0,48.0,32.0,6bcc5dbba411ef080e5ba1128fa61c4dbbd415e0c835fb3d5d9a96c126496b6f,21,396,2,17.83831839999766,{},f36a710933a1254038136f3a5e05ae423656e13a4ce0aaef5bd06a54a9644309,traces/74affb2105da566875d595db503aec96fdab3a5cd3ad4397d52f3b030a51857f.json.gz,3671.879833,-11.92486000000008,False,True
3,q3-random-4014,random,4014,baseline_efficient,12,12,1.0,True,True,True,True,False,coverage_exhausted_and_all_detected_cleared,,3292.89222,274.407685,274.407685,0.09375739999813959,134,0,148,12254.4611,2450.89222,112.0,670.0,36.0,24.0,c852e6350bcd52584ff22e18408ddec1a067e6d7431b0feff7462f6f931d2205,0,0,0,0.0,{},74234e98afe7498fb5daf1f36ac2d78acc339464f950703b8c019892f982b90b,traces/4274b9478f31cf7a3f60c54eda04dac234655d9481af157f35e3ea3032f44267.json.gz,3292.89222,0.0,False,True
3,q3-random-4014,random,4014,rollout_p2_c3,12,12,1.0,True,True,True,True,False,coverage_exhausted_and_all_detected_cleared,,3265.355403,272.11295025,272.11295025,4.589516300002288,133,0,147,12101.777015,2420.355403,120.0,665.0,36.0,24.0,c852e6350bcd52584ff22e18408ddec1a067e6d7431b0feff7462f6f931d2205,17,100,5,4.49827180000284,{},a992364574222dde1e104801aa8c1e9c8f7a6b335929593413153586f65affa3,traces/038d6e3cdb6868ccc215b11e5aa672161799a5a6483c23316dac01f09a6bda12.json.gz,3292.89222,27.536817000000156,True,True
3,q3-random-4014,random,4014,rollout_p4_c5,12,12,1.0,True,True,True,True,False,coverage_exhausted_and_all_detected_cleared,,3265.355403,272.11295025,272.11295025,13.204959799993958,133,0,147,12101.777015,2420.355403,120.0,665.0,36.0,24.0,c852e6350bcd52584ff22e18408ddec1a067e6d7431b0feff7462f6f931d2205,17,304,5,13.110331700001552,{},3988a223c591958b26fbad41ea18e70c9312a74e5f3eff9836ddb3ddcc57446e,traces/ac1324dccd00d4eb093dd243de1c66fc35edea5fca2845e4f786a0a002613623.json.gz,3292.89222,27.536817000000156,True,True
3,q3-random-4014,random,4014,rollout_p4_c5_cautious,12,12,1.0,True,True,True,True,False,coverage_exhausted_and_all_detected_cleared,,3292.89222,274.407685,274.407685,15.07129129999521,134,0,148,12254.4611,2450.89222,112.0,670.0,36.0,24.0,c852e6350bcd52584ff22e18408ddec1a067e6d7431b0feff7462f6f931d2205,17,304,0,14.958021199985524,{},f36a710933a1254038136f3a5e05ae423656e13a4ce0aaef5bd06a54a9644309,traces/528f9d46a9b6246298c1c135a17cc7d56a6d8e09d08652807ba7f9a5c21e80d2.json.gz,3292.89222,0.0,False,True
3,q3-random-4015,random,4015,baseline_efficient,16,16,1.0,True,True,True,True,False,source_count_upper_bound_reached,,3767.693721,235.4808575625,235.4808575625,0.13036190000275383,137,0,155,14438.468605,2887.693721,115.0,685.0,48.0,32.0,fe38fed61ff67e9f66d90b4ec3dfeee743eac5279cbdc67bbcd0b95c0bc29397,0,0,0,0.0,{},74234e98afe7498fb5daf1f36ac2d78acc339464f950703b8c019892f982b90b,traces/61b00ac91892f0d1c8bb4d3e22c0efb7f069f78dc712834296346e29793c1aa8.json.gz,3767.693721,0.0,False,True
3,q3-random-4015,random,4015,rollout_p2_c3,16,16,1.0,True,True,True,True,False,source_count_upper_bound_reached,,3678.995856,229.937241,229.937241,5.658006400000886,118,0,136,14524.97928,2904.995856,104.0,590.0,48.0,32.0,fe38fed61ff67e9f66d90b4ec3dfeee743eac5279cbdc67bbcd0b95c0bc29397,21,124,2,5.540127100015525,{},a992364574222dde1e104801aa8c1e9c8f7a6b335929593413153586f65affa3,traces/03ec0c14d1e74b74bdfcfbae10e92d714a33460b4499c8c4843a11e4dc93a7a8.json.gz,3767.693721,88.69786500000009,True,True
3,q3-random-4015,random,4015,rollout_p4_c5,16,16,1.0,True,True,True,True,False,source_count_upper_bound_reached,,3678.995856,229.937241,229.937241,17.603329999998095,118,0,136,14524.97928,2904.995856,104.0,590.0,48.0,32.0,fe38fed61ff67e9f66d90b4ec3dfeee743eac5279cbdc67bbcd0b95c0bc29397,21,392,2,17.47813469999528,{},3988a223c591958b26fbad41ea18e70c9312a74e5f3eff9836ddb3ddcc57446e,traces/41a605e754a18b7bdf837548f71d6525a2e77f3f0cfe50f026a86e5d143fa8d7.json.gz,3767.693721,88.69786500000009,True,True
3,q3-random-4015,random,4015,rollout_p4_c5_cautious,16,16,1.0,True,True,True,True,False,source_count_upper_bound_reached,,3678.995856,229.937241,229.937241,17.462524000002304,118,0,136,14524.97928,2904.995856,104.0,590.0,48.0,32.0,fe38fed61ff67e9f66d90b4ec3dfeee743eac5279cbdc67bbcd0b95c0bc29397,21,392,2,17.342794800017145,{},f36a710933a1254038136f3a5e05ae423656e13a4ce0aaef5bd06a54a9644309,traces/234bed4a652477b889f6ed526f8c36652471a3ae2456d8fc8a688341456d7c1a.json.gz,3767.693721,88.69786500000009,True,True
3,q3-random-4016,random,4016,baseline_efficient,16,16,1.0,True,True,True,True,False,source_count_upper_bound_reached,,4410.812489,275.6757805625,275.6757805625,0.13263249999727122,143,0,161,17539.062445,3507.812489,108.0,715.0,48.0,32.0,ed7185aa1d2297e9eca9689c42f5a4bc4d42bad0072d507b90c99f99687fb705,0,0,0,0.0,{},74234e98afe7498fb5daf1f36ac2d78acc339464f950703b8c019892f982b90b,traces/aaac3e6547700f6fff2280b0109ca9f4bff6d0e461230914350f0bdb6d854dc2.json.gz,4410.812489,0.0,False,True
3,q3-random-4016,random,4016,rollout_p2_c3,16,16,1.0,True,True,True,True,False,source_count_upper_bound_reached,,4127.847393,257.9904620625,257.9904620625,5.237497699999949,151,0,169,15844.236965,3168.847393,124.0,755.0,48.0,32.0,ed7185aa1d2297e9eca9689c42f5a4bc4d42bad0072d507b90c99f99687fb705,21,124,3,5.10751199999504,{},a992364574222dde1e104801aa8c1e9c8f7a6b335929593413153586f65affa3,traces/dd0345823e1d0a0c6001802a352fcccab0d866df5dcdc353b0bc4604a3c2c706.json.gz,4410.812489,282.9650959999999,True,True
3,q3-random-4016,random,4016,rollout_p4_c5,16,16,1.0,True,True,True,True,False,source_count_upper_bound_reached,,4186.850192,261.678137,261.678137,14.490357399998175,149,0,167,16214.25096,3242.850192,119.0,745.0,48.0,32.0,ed7185aa1d2297e9eca9689c42f5a4bc4d42bad0072d507b90c99f99687fb705,21,372,2,14.358297800012224,{},3988a223c591958b26fbad41ea18e70c9312a74e5f3eff9836ddb3ddcc57446e,traces/df86b1b6667160aba3f1b44c35dbcc7eade0a3cebe0e990788766b9507b3b9b9.json.gz,4410.812489,223.96229700000004,True,True
3,q3-random-4016,random,4016,rollout_p4_c5_cautious,16,16,1.0,True,True,True,True,False,source_count_upper_bound_reached,,4029.00272,251.81267,251.81267,15.184887400006119,150,0,168,15375.0136,3075.00272,124.0,750.0,48.0,32.0,ed7185aa1d2297e9eca9689c42f5a4bc4d42bad0072d507b90c99f99687fb705,21,396,2,15.048729900008766,{},f36a710933a1254038136f3a5e05ae423656e13a4ce0aaef5bd06a54a9644309,traces/d535820647be84e243c52d1d7f8396017811f40237ea4b15feb590cfdf718d2d.json.gz,4410.812489,381.80976899999996,True,True
3,q3-random-4017,random,4017,baseline_efficient,14,14,1.0,True,True,True,True,False,coverage_exhausted_and_all_detected_cleared,,3402.856104,243.0611502857143,243.0611502857143,0.11183539999910863,132,0,148,12804.28052,2560.856104,112.0,660.0,42.0,28.0,edbb699428b2863dbbacc420ccd81e58b33c7340f610b09413562a73ffa5a106,0,0,0,0.0,{},74234e98afe7498fb5daf1f36ac2d78acc339464f950703b8c019892f982b90b,traces/7ca99a4d4a0d6ed151dccc9956e9acaac00de458b89b2731e99bf897d35e2844.json.gz,3402.856104,0.0,False,True
3,q3-random-4017,random,4017,rollout_p2_c3,14,14,1.0,True,True,True,True,False,coverage_exhausted_and_all_detected_cleared,,3317.412834,236.95805957142858,236.95805957142858,5.4463995000041905,124,0,140,12587.064170000001,2517.412834,110.0,620.0,42.0,28.0,edbb699428b2863dbbacc420ccd81e58b33c7340f610b09413562a73ffa5a106,19,110,2,5.343910900010087,{},a992364574222dde1e104801aa8c1e9c8f7a6b335929593413153586f65affa3,traces/0032eabe0b1a16e0c2f09f959b60cee541d85ce7331b01719bd750afeea9c467.json.gz,3402.856104,85.44326999999976,True,True
3,q3-random-4017,random,4017,rollout_p4_c5,14,14,1.0,True,True,True,True,False,coverage_exhausted_and_all_detected_cleared,,3493.483432,249.53453085714287,249.53453085714287,17.816693799999484,132,0,148,13257.41716,2651.483432,112.0,660.0,42.0,28.0,edbb699428b2863dbbacc420ccd81e58b33c7340f610b09413562a73ffa5a106,18,324,1,17.695788299992273,{},3988a223c591958b26fbad41ea18e70c9312a74e5f3eff9836ddb3ddcc57446e,traces/a9f0fd0c57e8e26b18881985f4a992dce870c80f358fa52995eebe267b80ed62.json.gz,3402.856104,-90.62732800000003,False,True
3,q3-random-4017,random,4017,rollout_p4_c5_cautious,14,14,1.0,True,True,True,True,False,coverage_exhausted_and_all_detected_cleared,,3493.483432,249.53453085714287,249.53453085714287,17.495554999994056,132,0,148,13257.41716,2651.483432,112.0,660.0,42.0,28.0,edbb699428b2863dbbacc420ccd81e58b33c7340f610b09413562a73ffa5a106,18,324,1,17.379045399982715,{},f36a710933a1254038136f3a5e05ae423656e13a4ce0aaef5bd06a54a9644309,traces/606e2d29195057607d732e3ad64c5cf73f3b041f1819f2177acdc7d040cc175a.json.gz,3402.856104,-90.62732800000003,False,True
3,q3-random-4018,random,4018,baseline_efficient,12,12,1.0,True,True,True,True,False,coverage_exhausted_and_all_detected_cleared,,3483.908941,290.32574508333335,290.32574508333335,0.09797049999906449,131,0,145,13309.544705,2661.908941,107.0,655.0,36.0,24.0,d7f6e547796a9980be8029a8ed7e74811898e6e04628f40de09aa79366316df9,0,0,0,0.0,{},74234e98afe7498fb5daf1f36ac2d78acc339464f950703b8c019892f982b90b,traces/aba9b814a1c26a6067b26d56a81222eb20a108a07843323f1ba377ea3e5c637d.json.gz,3483.908941,0.0,False,True
3,q3-random-4018,random,4018,rollout_p2_c3,12,12,1.0,True,True,True,True,False,coverage_exhausted_and_all_detected_cleared,,3434.726129,286.2271774166667,286.2271774166667,4.732566200000292,137,0,151,12868.630645000001,2573.726129,116.0,685.0,36.0,24.0,d7f6e547796a9980be8029a8ed7e74811898e6e04628f40de09aa79366316df9,17,100,2,4.628835699993942,{},a992364574222dde1e104801aa8c1e9c8f7a6b335929593413153586f65affa3,traces/01a69e7d6ca2d430dc940567df339b8a8060e92b52db3860029060fa2eb0f244.json.gz,3483.908941,49.18281200000001,True,True
3,q3-random-4018,random,4018,rollout_p4_c5,12,12,1.0,True,True,True,True,False,coverage_exhausted_and_all_detected_cleared,,3617.222551,301.43521258333334,301.43521258333334,12.938537200003339,133,0,147,13926.112754999998,2785.222551,107.0,665.0,36.0,24.0,d7f6e547796a9980be8029a8ed7e74811898e6e04628f40de09aa79366316df9,17,292,1,12.832605699986743,{},3988a223c591958b26fbad41ea18e70c9312a74e5f3eff9836ddb3ddcc57446e,traces/347d6ded2aab491edafac7655ba80b77fc23f7bff18250b5e208645afa9ec053.json.gz,3483.908941,-133.3136099999997,False,True
3,q3-random-4018,random,4018,rollout_p4_c5_cautious,12,12,1.0,True,True,True,True,False,coverage_exhausted_and_all_detected_cleared,,3560.366471,296.69720591666663,296.69720591666663,12.633920499996748,136,0,150,13491.832354999999,2698.366471,122.0,680.0,36.0,24.0,d7f6e547796a9980be8029a8ed7e74811898e6e04628f40de09aa79366316df9,17,312,1,12.53849060000357,{},f36a710933a1254038136f3a5e05ae423656e13a4ce0aaef5bd06a54a9644309,traces/6f4a2b320e45fda4d75501f3f6e4582792ec4986c8fb5f82153ba270c16b88e0.json.gz,3483.908941,-76.45752999999968,False,True
3,q3-random-4019,random,4019,baseline_efficient,12,12,1.0,True,True,True,True,False,coverage_exhausted_and_all_detected_cleared,,3614.876932,301.23974433333336,301.23974433333336,0.09847469999658642,146,0,160,13519.38466,2703.876932,121.0,730.0,36.0,24.0,d1a9363cb6f11c3da1ae09bdbe3ed98cb60c4b462c9c7a86b477a8029c6e2804,0,0,0,0.0,{},74234e98afe7498fb5daf1f36ac2d78acc339464f950703b8c019892f982b90b,traces/7a080a7fc90e8d9cb714c08056e374c1ffb3d325dd9d19e453b5a45b22095560.json.gz,3614.876932,0.0,False,True
3,q3-random-4019,random,4019,rollout_p2_c3,12,12,1.0,True,True,True,True,False,coverage_exhausted_and_all_detected_cleared,,3357.880591,279.82338258333334,279.82338258333334,4.626627099998586,132,0,146,12649.402955000001,2529.880591,108.0,660.0,36.0,24.0,d1a9363cb6f11c3da1ae09bdbe3ed98cb60c4b462c9c7a86b477a8029c6e2804,17,98,2,4.516974199977994,{},a992364574222dde1e104801aa8c1e9c8f7a6b335929593413153586f65affa3,traces/99664c881af9432ba1e112003fd758330dfb862ebffb543754f3668ea29595a8.json.gz,3614.876932,256.99634100000003,True,True
3,q3-random-4019,random,4019,rollout_p4_c5,12,12,1.0,True,True,True,True,False,coverage_exhausted_and_all_detected_cleared,,3320.302787,276.6918989166667,276.6918989166667,13.38700450000033,143,0,157,12106.513935,2421.302787,124.0,715.0,36.0,24.0,d1a9363cb6f11c3da1ae09bdbe3ed98cb60c4b462c9c7a86b477a8029c6e2804,17,304,2,13.283624499992584,{},3988a223c591958b26fbad41ea18e70c9312a74e5f3eff9836ddb3ddcc57446e,traces/97f6d825e13db9c532488085cddcd02373f6a4b6e3d5f524e80491e6420f6bcd.json.gz,3614.876932,294.57414500000004,True,True
3,q3-random-4019,random,4019,rollout_p4_c5_cautious,12,12,1.0,True,True,True,True,False,coverage_exhausted_and_all_detected_cleared,,3677.830464,306.48587200000003,306.48587200000003,14.766582900003414,143,0,157,13929.152320000001,2785.830464,117.0,715.0,36.0,24.0,d1a9363cb6f11c3da1ae09bdbe3ed98cb60c4b462c9c7a86b477a8029c6e2804,17,316,1,14.637426699984644,{},f36a710933a1254038136f3a5e05ae423656e13a4ce0aaef5bd06a54a9644309,traces/beaee5a7808a9381dc460071aa68dcdc5ae54885ecbf813e7e42dbc0b1a4fe59.json.gz,3614.876932,-62.953531999999996,False,True
3,q3-hard-boundary_outward,hard,200000,baseline_efficient,12,12,1.0,True,True,True,True,False,coverage_exhausted_and_all_detected_cleared,,4371.749963,364.3124969166667,364.3124969166667,0.1479057999968063,165,0,179,16858.749815000003,3371.749963,115.0,825.0,36.0,24.0,1ddef6cf0ed999e1d95c0267b919c38bc727711e0da8a949fe9f13ead673ab00,0,0,0,0.0,{},74234e98afe7498fb5daf1f36ac2d78acc339464f950703b8c019892f982b90b,traces/02c6a9a50e73324af7ffee20f44462ef3a57c4176032d4805300730d76c6cc6d.json.gz,4371.749963,0.0,False,True
3,q3-hard-boundary_outward,hard,200000,rollout_p2_c3,12,12,1.0,True,True,True,True,False,coverage_exhausted_and_all_detected_cleared,,4430.823017,369.23525141666664,369.23525141666664,5.045170799996413,165,0,179,17154.115085,3430.823017,115.0,825.0,36.0,24.0,1ddef6cf0ed999e1d95c0267b919c38bc727711e0da8a949fe9f13ead673ab00,16,92,3,4.892157200010843,{},a992364574222dde1e104801aa8c1e9c8f7a6b335929593413153586f65affa3,traces/27f9d18956d49f80d272a20e2f19992b9d8d2d12dd140210a9766a36f8e53fde.json.gz,4371.749963,-59.0730539999995,False,True
3,q3-hard-boundary_outward,hard,200000,rollout_p4_c5,12,12,1.0,True,True,True,True,False,coverage_exhausted_and_all_detected_cleared,,4373.08631,364.42385916666666,364.42385916666666,12.692544199999247,165,0,179,16865.43155,3373.08631,115.0,825.0,36.0,24.0,1ddef6cf0ed999e1d95c0267b919c38bc727711e0da8a949fe9f13ead673ab00,16,260,2,12.554959200017038,{},3988a223c591958b26fbad41ea18e70c9312a74e5f3eff9836ddb3ddcc57446e,traces/cbdea396d996bb24184eea67a116bd55b4fc3192517d14b3e4be1ec0485cf50e.json.gz,4371.749963,-1.3363469999994777,False,True
3,q3-hard-boundary_outward,hard,200000,rollout_p4_c5_cautious,12,12,1.0,True,True,True,True,False,coverage_exhausted_and_all_detected_cleared,,4371.919769,364.3266474166667,364.3266474166667,13.834738400000788,165,0,179,16859.598845,3371.919769,115.0,825.0,36.0,24.0,1ddef6cf0ed999e1d95c0267b919c38bc727711e0da8a949fe9f13ead673ab00,16,260,1,13.685798799982877,{},f36a710933a1254038136f3a5e05ae423656e13a4ce0aaef5bd06a54a9644309,traces/3bfb9f719b54f25f5e110f417b856cb60712e95c35f9dd75c6727a2f9d56f9cb.json.gz,4371.749963,-0.16980599999988044,False,True
3,q3-hard-minimum_radius,hard,200001,baseline_efficient,14,14,1.0,True,True,True,True,False,coverage_exhausted_and_all_detected_cleared,,3830.163931,273.58313792857143,273.58313792857143,0.10179069999867352,145,0,161,14590.819655,2918.163931,117.0,725.0,42.0,28.0,f4db40ec59f1d40eb75ac981b5a6735156277c65d7a41a3d0a3cdf2d9d2b8884,0,0,0,0.0,{},74234e98afe7498fb5daf1f36ac2d78acc339464f950703b8c019892f982b90b,traces/1b412107446bf014b34e94ef823219b3688ca8468a73c7c5f1a802db0c487afc.json.gz,3830.163931,0.0,False,True
3,q3-hard-minimum_radius,hard,200001,rollout_p2_c3,14,14,1.0,True,True,True,True,False,coverage_exhausted_and_all_detected_cleared,,3804.569862,271.75499014285714,271.75499014285714,5.518283600002178,141,0,157,14532.84931,2906.569862,123.0,705.0,42.0,28.0,f4db40ec59f1d40eb75ac981b5a6735156277c65d7a41a3d0a3cdf2d9d2b8884,19,112,2,5.407670500004315,{},a992364574222dde1e104801aa8c1e9c8f7a6b335929593413153586f65affa3,traces/b84ee8b7a607c48496a7807d5384bdb66fc01d94b002701a72f291128e42521c.json.gz,3830.163931,25.594069000000218,True,True
3,q3-hard-minimum_radius,hard,200001,rollout_p4_c5,14,14,1.0,True,True,True,True,False,coverage_exhausted_and_all_detected_cleared,,3804.569862,271.75499014285714,271.75499014285714,11.68016340000031,141,0,157,14532.84931,2906.569862,123.0,705.0,42.0,28.0,f4db40ec59f1d40eb75ac981b5a6735156277c65d7a41a3d0a3cdf2d9d2b8884,19,356,2,11.594663899988518,{},3988a223c591958b26fbad41ea18e70c9312a74e5f3eff9836ddb3ddcc57446e,traces/3e193354ab28df86fb3e40ef2b7221245ea723d17eee155405c79f34df336be5.json.gz,3830.163931,25.594069000000218,True,True
3,q3-hard-minimum_radius,hard,200001,rollout_p4_c5_cautious,14,14,1.0,True,True,True,True,False,coverage_exhausted_and_all_detected_cleared,,3830.163931,273.58313792857143,273.58313792857143,10.3815198999946,145,0,161,14590.819655,2918.163931,117.0,725.0,42.0,28.0,f4db40ec59f1d40eb75ac981b5a6735156277c65d7a41a3d0a3cdf2d9d2b8884,18,320,0,10.297315299991169,{},f36a710933a1254038136f3a5e05ae423656e13a4ce0aaef5bd06a54a9644309,traces/1da99dc6037eea266939181cc44cc7b5f30e600df9fe77a04e199b214f10a45a.json.gz,3830.163931,0.0,False,True
3,q3-hard-positive_error,hard,200002,baseline_efficient,14,14,1.0,True,True,True,True,False,coverage_exhausted_and_all_detected_cleared,,3815.753673,272.5538337857143,272.5538337857143,0.0798473999966518,142,0,158,14618.768365,2923.753673,112.0,710.0,42.0,28.0,de1667bff766c0c75e39ecc02e52cc21b5aa791a3fbb7ec8ff6aa3f45ecef0a8,0,0,0,0.0,{},74234e98afe7498fb5daf1f36ac2d78acc339464f950703b8c019892f982b90b,traces/48d0064b666bf49a53727103278548fc8b4078b7b44bc2ea2c259a65efa1e6c1.json.gz,3815.753673,0.0,False,True
3,q3-hard-positive_error,hard,200002,rollout_p2_c3,14,14,1.0,True,True,True,True,False,coverage_exhausted_and_all_detected_cleared,,3795.245337,271.0889526428571,271.0889526428571,3.24018430000433,151,0,167,14231.226685,2846.245337,124.0,755.0,42.0,28.0,de1667bff766c0c75e39ecc02e52cc21b5aa791a3fbb7ec8ff6aa3f45ecef0a8,19,112,1,3.1655486000090605,{},a992364574222dde1e104801aa8c1e9c8f7a6b335929593413153586f65affa3,traces/2d36bf7ae8b7a19678b395050cc6170c38698a769c1a4f879c1987a2f5ec5cc2.json.gz,3815.753673,20.508336000000327,True,True
3,q3-hard-positive_error,hard,200002,rollout_p4_c5,14,14,1.0,True,True,True,True,False,coverage_exhausted_and_all_detected_cleared,,3795.245337,271.0889526428571,271.0889526428571,10.24928920000093,151,0,167,14231.226685,2846.245337,124.0,755.0,42.0,28.0,de1667bff766c0c75e39ecc02e52cc21b5aa791a3fbb7ec8ff6aa3f45ecef0a8,19,340,1,10.168665099983627,{},3988a223c591958b26fbad41ea18e70c9312a74e5f3eff9836ddb3ddcc57446e,traces/35bc1c231e9923d2be05d7a64173a6b8f0788597867da5f0394eb6feda2a562e.json.gz,3815.753673,20.508336000000327,True,True
3,q3-hard-positive_error,hard,200002,rollout_p4_c5_cautious,14,14,1.0,True,True,True,True,False,coverage_exhausted_and_all_detected_cleared,,3402.091869,243.00656207142856,243.00656207142856,10.218408100001398,134,0,150,12760.459345,2552.091869,110.0,670.0,42.0,28.0,de1667bff766c0c75e39ecc02e52cc21b5aa791a3fbb7ec8ff6aa3f45ecef0a8,19,344,2,10.145426000002772,{},f36a710933a1254038136f3a5e05ae423656e13a4ce0aaef5bd06a54a9644309,traces/b4e5a06f945b32b143c2bd2e85c93421a5ffc20bf7ecdce045189fa18a7007f7.json.gz,3815.753673,413.6618040000003,True,True
3,q3-hard-negative_error,hard,200003,baseline_efficient,14,14,1.0,True,True,True,True,False,coverage_exhausted_and_all_detected_cleared,,3761.398494,268.671321,268.671321,0.0664591999957338,143,0,159,14296.992470000001,2859.398494,117.0,715.0,42.0,28.0,06bf6cf9e6d52406e720cc504c11c0e958f77aa226f894b6be81ec77115b78b6,0,0,0,0.0,{},74234e98afe7498fb5daf1f36ac2d78acc339464f950703b8c019892f982b90b,traces/7b04080391e589f4633dc09484c5204257c827f37c7cd560984f6b500c501a13.json.gz,3761.398494,0.0,False,True
3,q3-hard-negative_error,hard,200003,rollout_p2_c3,14,14,1.0,True,True,True,True,False,coverage_exhausted_and_all_detected_cleared,,3761.398494,268.671321,268.671321,2.8456494999991264,143,0,159,14296.992470000001,2859.398494,117.0,715.0,42.0,28.0,06bf6cf9e6d52406e720cc504c11c0e958f77aa226f894b6be81ec77115b78b6,18,106,0,2.775494000008621,{},a992364574222dde1e104801aa8c1e9c8f7a6b335929593413153586f65affa3,traces/0fac98274ad055c1aa2024763dd683d9bf8141a676a0942fd7cafb6072fc2307.json.gz,3761.398494,0.0,False,True
3,q3-hard-negative_error,hard,200003,rollout_p4_c5,14,14,1.0,True,True,True,True,False,coverage_exhausted_and_all_detected_cleared,,3761.398494,268.671321,268.671321,8.48867379999865,143,0,159,14296.992470000001,2859.398494,117.0,715.0,42.0,28.0,06bf6cf9e6d52406e720cc504c11c0e958f77aa226f894b6be81ec77115b78b6,18,320,0,8.417740400000184,{},3988a223c591958b26fbad41ea18e70c9312a74e5f3eff9836ddb3ddcc57446e,traces/0a8324a0760367529a933501a7aa8bd5f902abb7ea50b1083a939051753a2279.json.gz,3761.398494,0.0,False,True
3,q3-hard-negative_error,hard,200003,rollout_p4_c5_cautious,14,14,1.0,True,True,True,True,False,coverage_exhausted_and_all_detected_cleared,,3761.398494,268.671321,268.671321,8.764413699995202,143,0,159,14296.992470000001,2859.398494,117.0,715.0,42.0,28.0,06bf6cf9e6d52406e720cc504c11c0e958f77aa226f894b6be81ec77115b78b6,18,320,0,8.69236209999508,{},f36a710933a1254038136f3a5e05ae423656e13a4ce0aaef5bd06a54a9644309,traces/e145507537a02dc9b910652a574f323b2d554898fa25e1bbd205e07919b890b8.json.gz,3761.398494,0.0,False,True
3,q3-hard-alternating_error,hard,200004,baseline_efficient,14,14,1.0,True,True,True,True,False,coverage_exhausted_and_all_detected_cleared,,3478.69812,248.47843714285713,248.47843714285713,0.08054220000485657,138,0,154,13008.490600000001,2601.69812,117.0,690.0,42.0,28.0,089c00b8bcce125f97ded73da8e89b3161dff20c1881cc8c9162a77fa070570e,0,0,0,0.0,{},74234e98afe7498fb5daf1f36ac2d78acc339464f950703b8c019892f982b90b,traces/90aded52ec4c74788295c98b724217268cc9a985e4de362b5e375d4e718fd9bf.json.gz,3478.69812,0.0,False,True
3,q3-hard-alternating_error,hard,200004,rollout_p2_c3,14,14,1.0,True,True,True,True,False,coverage_exhausted_and_all_detected_cleared,,3478.69812,248.47843714285713,248.47843714285713,3.281028500001412,138,0,154,13008.490600000001,2601.69812,117.0,690.0,42.0,28.0,089c00b8bcce125f97ded73da8e89b3161dff20c1881cc8c9162a77fa070570e,18,106,0,3.213896900000691,{},a992364574222dde1e104801aa8c1e9c8f7a6b335929593413153586f65affa3,traces/d2d65e3842b2fafdf21701e8849c7ae663ed1e857c832291e39cfbf03631f97b.json.gz,3478.69812,0.0,False,True
3,q3-hard-alternating_error,hard,200004,rollout_p4_c5,14,14,1.0,True,True,True,True,False,coverage_exhausted_and_all_detected_cleared,,3478.69812,248.47843714285713,248.47843714285713,15.01766409999982,138,0,154,13008.490600000001,2601.69812,117.0,690.0,42.0,28.0,089c00b8bcce125f97ded73da8e89b3161dff20c1881cc8c9162a77fa070570e,18,320,0,14.910833600006299,{},3988a223c591958b26fbad41ea18e70c9312a74e5f3eff9836ddb3ddcc57446e,traces/be47dd3a85753d6a997aa48782576c650d59db8600883b7c6214643da6232266.json.gz,3478.69812,0.0,False,True
3,q3-hard-alternating_error,hard,200004,rollout_p4_c5_cautious,14,14,1.0,True,True,True,True,False,coverage_exhausted_and_all_detected_cleared,,3478.69812,248.47843714285713,248.47843714285713,17.094725399998424,138,0,154,13008.490600000001,2601.69812,117.0,690.0,42.0,28.0,089c00b8bcce125f97ded73da8e89b3161dff20c1881cc8c9162a77fa070570e,18,320,0,16.962550699987332,{},f36a710933a1254038136f3a5e05ae423656e13a4ce0aaef5bd06a54a9644309,traces/1a71135063cec40addd227a10bcbd209edf806ec819880ddc1d6e6645fb27b2d.json.gz,3478.69812,0.0,False,True
3,q3-hard-close_targets,hard,200005,baseline_efficient,14,14,1.0,True,True,True,True,False,coverage_exhausted_and_all_detected_cleared,,2295.170388,163.940742,163.940742,0.13190000000031432,140,0,156,6955.8519400000005,1391.170388,134.0,700.0,42.0,28.0,c512b6f68567f325c72a0445fd900a89c19e388cccd858c02b4c2f4779deb1e8,0,0,0,0.0,{},74234e98afe7498fb5daf1f36ac2d78acc339464f950703b8c019892f982b90b,traces/79ce83fbde98f7acd8efeee83fae52952f835f876455dafa1d4c43d0469ee331.json.gz,2295.170388,0.0,False,True
3,q3-hard-close_targets,hard,200005,rollout_p2_c3,14,14,1.0,True,True,True,True,False,coverage_exhausted_and_all_detected_cleared,,2045.78713,146.12765214285713,146.12765214285713,5.118222599994624,98,0,114,6968.935649999999,1393.78713,92.0,490.0,42.0,28.0,c512b6f68567f325c72a0445fd900a89c19e388cccd858c02b4c2f4779deb1e8,19,112,1,4.996351200010395,{},a992364574222dde1e104801aa8c1e9c8f7a6b335929593413153586f65affa3,traces/75fe60c2f5b7cfc8a491d1cf792146cc550dcb1a91739f9330307081eaa66451.json.gz,2295.170388,249.38325800000007,True,True
3,q3-hard-close_targets,hard,200005,rollout_p4_c5,14,14,1.0,True,True,True,True,False,coverage_exhausted_and_all_detected_cleared,,2045.78713,146.12765214285713,146.12765214285713,9.8649946000005,98,0,114,6968.935649999999,1393.78713,92.0,490.0,42.0,28.0,c512b6f68567f325c72a0445fd900a89c19e388cccd858c02b4c2f4779deb1e8,19,356,1,9.770829799985222,{},3988a223c591958b26fbad41ea18e70c9312a74e5f3eff9836ddb3ddcc57446e,traces/86cc9bcccbd42dbcac12828ebaae977a570e064a597865725d15c00e7d0124e0.json.gz,2295.170388,249.38325800000007,True,True
3,q3-hard-close_targets,hard,200005,rollout_p4_c5_cautious,14,14,1.0,True,True,True,True,False,coverage_exhausted_and_all_detected_cleared,,2045.78713,146.12765214285713,146.12765214285713,7.542308099997172,98,0,114,6968.935649999999,1393.78713,92.0,490.0,42.0,28.0,c512b6f68567f325c72a0445fd900a89c19e388cccd858c02b4c2f4779deb1e8,19,356,1,7.480934199986223,{},f36a710933a1254038136f3a5e05ae423656e13a4ce0aaef5bd06a54a9644309,traces/286dc34b455a6c2301f6342f3b745ed05fa42da20c1e683c7ae32931f72679dc.json.gz,2295.170388,249.38325800000007,True,True
3,q3-hard-near_parallel,hard,200006,baseline_efficient,14,14,1.0,True,True,True,True,False,coverage_exhausted_and_all_detected_cleared,,3489.378101,249.24129292857143,249.24129292857143,0.08945130000211066,149,0,165,12846.890505,2569.378101,105.0,745.0,42.0,28.0,a590b42740983fe9210079e89c590e6da56965d424cb8b9d6a6209065d31afdd,0,0,0,0.0,{},74234e98afe7498fb5daf1f36ac2d78acc339464f950703b8c019892f982b90b,traces/5977878a2dcf4bae5fac03d75ccfe1c920dde6f3ed95f6164de3d87a4a375af3.json.gz,3489.378101,0.0,False,True
3,q3-hard-near_parallel,hard,200006,rollout_p2_c3,14,14,1.0,True,True,True,True,False,coverage_exhausted_and_all_detected_cleared,,3489.378101,249.24129292857143,249.24129292857143,4.47756689999369,149,0,165,12846.890505,2569.378101,105.0,745.0,42.0,28.0,a590b42740983fe9210079e89c590e6da56965d424cb8b9d6a6209065d31afdd,19,112,0,4.39875500000926,{},a992364574222dde1e104801aa8c1e9c8f7a6b335929593413153586f65affa3,traces/3d4ca73d1d95f3443798948803155642dea84437ddafbcdc2eec893e6a6a76cc.json.gz,3489.378101,0.0,False,True
3,q3-hard-near_parallel,hard,200006,rollout_p4_c5,14,14,1.0,True,True,True,True,False,coverage_exhausted_and_all_detected_cleared,,3406.378101,243.31272149999998,243.31272149999998,12.340118299995083,135,0,151,12846.890505,2569.378101,92.0,675.0,42.0,28.0,a590b42740983fe9210079e89c590e6da56965d424cb8b9d6a6209065d31afdd,19,356,1,12.257219499988423,{},3988a223c591958b26fbad41ea18e70c9312a74e5f3eff9836ddb3ddcc57446e,traces/7673fc6c67e254fd50f01b96a09362882633a8bebc69f12314ab0e216c49cd26.json.gz,3489.378101,83.0,True,True
3,q3-hard-near_parallel,hard,200006,rollout_p4_c5_cautious,14,14,1.0,True,True,True,True,False,coverage_exhausted_and_all_detected_cleared,,3489.378101,249.24129292857143,249.24129292857143,12.664675600004557,149,0,165,12846.890505,2569.378101,105.0,745.0,42.0,28.0,a590b42740983fe9210079e89c590e6da56965d424cb8b9d6a6209065d31afdd,19,352,0,12.58407100000477,{},f36a710933a1254038136f3a5e05ae423656e13a4ce0aaef5bd06a54a9644309,traces/2f189d72afde61b8f1c735820517b13726d768972b33eedd4f77dec1013fafce.json.gz,3489.378101,0.0,False,True
