mode,virtual_seconds,seconds_per_source,movement_metres,detects,switches,local_runtime_seconds
baseline,3480.734017104018,262.56961191186826,13158.92008552009,132.75,117.45,0.03782292615001093
combined,3180.2674049198617,240.9223503623494,11518.46202459931,134.6,135.825,0.2957503148249827
combined_no_info,3220.146047767515,243.541176547362,11557.105238837577,139.9,141.475,0.39908301322499823
combined_no_lateral,3236.7450590023773,245.19718152872315,11578.600295011885,142.3,141.775,0.3800939620499832
combined_no_relocate,3230.37216557704,244.50158287767422,11782.4858278852,134.15,135.375,0.2474732625000058
exact_clear,3296.506530610598,249.17176505107778,12096.28265305299,134.8,135.5,0.17810153004999163
full,3296.4734315381393,249.1463883542205,12090.617157690696,134.925,135.975,0.16448707345000452
lateral_only,3334.3139842588,251.7761067295402,12682.569921294,122.425,117.925,0.1439755201750074
negative_info,3481.634496998106,262.3093730091928,13214.797484990533,130.925,116.3,0.045804080900001
opportunity_only,3417.9138837199557,258.0453352930526,12221.444418599776,150.9,151.375,0.06416253567500685
relocate6,3295.5133406503455,248.867481263203,12327.191703251727,126.975,127.45,0.251091349450013
relocate7,3266.723785969317,246.796503515108,11945.118929846583,134.775,136.075,0.25783066087498124
route,3240.6167617712836,245.24352848149798,11773.458808856418,136.075,137.8,0.2575723016250037
selective,3293.5368534521067,248.75348899914366,12146.434267260533,132.625,133.375,0.20022774115000738
six_1300,3296.2959303788753,248.73511884672303,12366.604651894379,125.9,125.725,0.16422611525000544
six_1450,3407.291643487423,257.3714283980912,13001.583217437113,123.375,122.35,0.1573216095249847
six_1600,3591.1825199173463,271.3805472435805,13997.662599586733,120.875,119.525,0.16193890120000556
six_1730,3826.7325491034508,289.51339629949706,15159.537745517251,121.575,119.2,0.19925313940002523
