seed,mode,noise,stress,true_sources,cleared,virtual_seconds,seconds_per_source,movement_metres,detects,switches,failed_clears,local_runtime_seconds,pruned_covers,extra_full_scans,lateral_steps
0,baseline,hash,False,15,15,3414.445574710916,227.62970498072767,12887.22787355458,129,117,0,0.0695215069999903,0,0,0
0,combined,hash,False,15,15,3078.841177878341,205.25607852522276,10779.205889391706,141,143,0,0.3608424859999104,1,1,8
0,combined_no_info,hash,False,15,15,3204.893737391455,213.6595824927637,10994.468686957274,155,156,0,0.4898295130001315,1,1,11
0,combined_no_lateral,hash,False,15,15,3107.9150045803485,207.1943336386899,10634.575022901745,151,151,0,0.2004783180000231,1,1,0
0,combined_no_relocate,hash,False,15,15,3160.4432449802803,210.69621633201868,11167.216224901402,142,142,0,0.3164981859999898,1,1,10
0,exact_clear,hash,False,15,15,2979.584427039269,198.63896180261796,10462.922135196344,135,137,0,0.1219567099999494,2,2,9
0,full,hash,False,15,15,2990.590713000003,199.3727142000002,10487.953565000014,136,138,0,0.2395799810001335,2,2,9
0,lateral_only,hash,False,15,15,3126.5610373826707,208.43740249217805,11632.805186913354,121,120,0,0.1508200089999718,0,0,17
0,negative_info,hash,False,15,15,3555.1648767717224,237.0109917847815,13520.824383858611,133,111,0,0.0789280439998947,0,0,0
0,opportunity_only,hash,False,15,15,3115.176105953158,207.6784070635439,10720.880529765793,149,151,0,0.1108825720000368,0,0,0
0,relocate6,hash,False,15,15,3285.066992920688,219.0044661947125,11850.334964603438,140,140,0,0.2369739270000082,1,1,9
0,relocate7,hash,False,15,15,3071.1571795068544,204.74381196712363,10875.785897534271,136,141,0,0.296469524000031,1,1,9
0,route,hash,False,15,15,3159.265418714292,210.6176945809528,11096.32709357146,144,145,0,0.2991107340001235,1,1,8
0,selective,hash,False,15,15,2984.693597990396,198.97957319935972,10488.46798995198,135,137,0,0.1192920350001713,2,2,9
0,six_1300,hash,False,15,15,3096.767998088875,206.45119987259167,10978.839990444376,138,136,0,0.2831080989999464,1,1,12
0,six_1450,hash,False,15,15,3145.141122186164,209.67607481241092,11285.70561093082,136,133,0,0.2409443219999048,1,1,12
0,six_1600,hash,False,15,15,3602.7201987588496,240.1813465839233,13683.600993794247,133,126,0,0.1449285819999204,0,0,13
0,six_1730,hash,False,15,15,3848.4902270822895,256.5660151388193,15037.451135411451,128,126,0,0.1406536870001673,0,0,13
1,baseline,hash,False,13,13,3356.225468099501,258.1711898538078,12721.127340497507,127,112,0,0.034116036000114,0,0,0
1,combined,hash,False,13,13,3487.2165011640705,268.24742316646694,12841.082505820352,142,144,0,0.2980643329999566,1,1,8
1,combined_no_info,hash,False,13,13,3470.867510151277,266.9898084731752,12674.337550756383,145,146,0,0.4000390129999687,0,0,10
1,combined_no_lateral,hash,False,13,13,3462.1243497093737,266.3172576699518,12615.621748546868,146,144,0,0.3522483980000288,0,0,0
1,combined_no_relocate,hash,False,13,13,3464.0497446539894,266.46536497338377,12725.248723269946,142,144,0,0.1426466030000028,1,1,8
1,exact_clear,hash,False,13,13,3379.595479362493,259.9688830278841,12607.977396812465,132,133,0,0.181892186999903,0,0,7
1,full,hash,False,13,13,3381.224762259249,260.09421248148067,12616.123811296246,132,133,0,0.0990192530000513,0,0,7
1,lateral_only,hash,False,13,13,3350.06558643076,257.69735280236614,12925.3279321538,118,110,0,0.2382615240001087,0,0,17
1,negative_info,hash,False,13,13,3439.5071445562053,264.57747265816965,13087.535722781027,129,112,0,0.0364987279999695,0,0,0
1,opportunity_only,hash,False,13,13,3511.831218074334,270.14086292879495,12689.156090371673,152,149,0,0.0744656420001774,0,0,0
1,relocate6,hash,False,13,13,3220.3066407197634,247.7158954399818,11971.533203598818,127,126,0,0.2326881680000951,0,0,10
1,relocate7,hash,False,13,13,3383.107727675502,260.2390559750386,12575.53863837751,134,133,0,0.1649178989998745,0,0,8
1,route,hash,False,13,13,3382.920977895,260.2246906073077,12259.604889475,144,146,0,0.1498959470000045,1,1,9
1,selective,hash,False,13,13,3357.224762259249,258.24805863532686,12616.123811296246,128,129,0,0.1769626699999662,0,0,7
1,six_1300,hash,False,13,13,3605.3359516705978,277.33353474389213,13801.679758352988,130,130,0,0.2412085110001953,0,0,11
1,six_1450,hash,False,13,13,3614.9189362732654,278.07068740563585,14279.594681366332,116,114,0,0.1368900309998935,0,0,13
1,six_1600,hash,False,13,13,3667.290218511709,282.0992475778238,14516.451092558544,117,114,0,0.2561530800001037,0,0,14
1,six_1730,hash,False,13,13,3956.9139093685744,304.37799302835185,15849.569546842871,121,117,0,0.2806149949999508,0,0,15
2,baseline,hash,False,15,15,3737.7830767728537,249.1855384515236,13993.915383864269,148,124,0,0.0289074490001439,0,0,0
2,combined,hash,False,15,15,3160.1143907593314,210.67429271728875,11245.571953796658,140,136,0,0.2041139929999644,0,0,9
2,combined_no_info,hash,False,15,15,3176.9978334584257,211.79985556389505,11234.98916729213,143,140,0,0.3755387819999214,0,0,9
2,combined_no_lateral,hash,False,15,15,3255.3713591888827,217.02475727925884,11466.856795944414,148,147,0,0.2749711909998495,0,0,0
2,combined_no_relocate,hash,False,15,15,3335.648635661907,222.37657571079384,12153.243178309536,139,135,0,0.2919203609999385,0,0,10
2,exact_clear,hash,False,15,15,3527.546996189052,235.1697997459368,13052.73498094526,141,137,0,0.2702367370000047,1,1,12
2,full,hash,False,15,15,3620.613065800893,241.37420438672612,13538.06532900446,140,138,0,0.2064802909999343,0,0,12
2,lateral_only,hash,False,15,15,3583.631437275545,238.9087624850364,13638.157186377728,132,121,0,0.1619759229999999,0,0,21
2,negative_info,hash,False,15,15,3936.123206392445,262.4082137594963,15085.61603196222,144,124,0,0.0426618789999793,0,0,0
2,opportunity_only,hash,False,15,15,3622.982460287687,241.53216401917916,12799.912301438437,165,163,0,0.0597636109998802,0,0,0
2,relocate6,hash,False,15,15,3449.829352875668,229.9886235250445,12784.146764378338,137,133,0,0.2072729279998384,0,0,16
2,relocate7,hash,False,15,15,3515.18239571291,234.34549304752733,12995.91197856455,141,136,0,0.2520540660000279,1,1,10
2,route,hash,False,15,15,3352.193584916108,223.47957232774053,12140.967924580538,142,139,0,0.2938370090000717,0,0,9
2,selective,hash,False,15,15,3542.432307791915,236.16215385279432,13157.161538959574,140,136,0,0.2206094220000523,1,1,13
2,six_1300,hash,False,15,15,3541.175929792512,236.0783953195008,13185.87964896256,139,134,0,0.1557320770000387,0,0,16
2,six_1450,hash,False,15,15,3340.386543715048,222.69243624766983,12346.93271857524,133,131,0,0.2942518100001052,0,0,15
2,six_1600,hash,False,15,15,3505.447543613524,233.69650290756823,13252.23771806762,131,125,0,0.2401247509999393,0,0,12
2,six_1730,hash,False,15,15,3751.200032741476,250.08000218276507,14386.000163707382,134,129,0,0.1519273020001037,0,0,14
3,baseline,hash,False,15,15,3497.2789261465505,233.15192840977,13206.394630732751,133,116,0,0.0305948010000065,0,0,0
3,combined,hash,False,15,15,3344.1545182923987,222.94363455282655,12030.772591461991,144,143,0,0.3212720389999504,1,1,11
3,combined_no_info,hash,False,15,15,3441.731699073432,229.4487799382288,12003.65849536716,161,161,0,0.4775880490001327,1,1,12
3,combined_no_lateral,hash,False,15,15,3389.1812248953047,225.9454149930203,12005.906124476523,153,148,0,0.4431789860000208,1,1,0
3,combined_no_relocate,hash,False,15,15,3334.6426382536447,222.30950921690965,11983.213191268223,144,143,0,0.1767823200000293,1,1,12
3,exact_clear,hash,False,15,15,3501.371803833574,233.42478692223827,13176.85901916787,132,131,0,0.2686839049999889,2,2,12
3,full,hash,False,15,15,3318.1810670353107,221.21207113568735,12305.905335176552,130,132,0,0.171926115000133,2,2,11
3,lateral_only,hash,False,15,15,3568.24841341285,237.88322756085665,13871.24206706425,121,114,0,0.1260123420001946,0,0,19
3,negative_info,hash,False,15,15,3507.539216941103,233.83594779607355,13302.696084705514,131,117,0,0.0416500500000438,0,0,0
3,opportunity_only,hash,False,15,15,3463.6826569058253,230.91217712705503,12648.413284529126,143,144,0,0.0528145529999619,0,0,0
3,relocate6,hash,False,15,15,3434.363560280696,228.95757068537972,12761.81780140348,135,132,0,0.353066076999994,0,0,14
3,relocate7,hash,False,15,15,3333.1555991960404,222.210373279736,12375.7779959802,130,133,0,0.1844070199999805,0,0,11
3,route,hash,False,15,15,3331.194267433608,222.07961782890715,11935.971337168035,145,144,0,0.241499474999955,1,1,12
3,selective,hash,False,15,15,3367.9357048136158,224.5290469875744,12434.678524068077,134,136,0,0.1590269519999765,2,2,12
3,six_1300,hash,False,15,15,3488.8026274145327,232.5868418276355,13539.013137072665,118,116,0,0.2455002629999398,0,0,13
3,six_1450,hash,False,15,15,3766.6857385244975,251.11238256829984,14108.428692622489,145,145,0,0.1660141499999099,0,0,15
3,six_1600,hash,False,15,15,3900.527967081005,260.03519780540034,15622.639835405023,117,116,0,0.264280613999972,0,0,15
3,six_1730,hash,False,15,15,3919.70980732126,261.3139871547507,15678.5490366063,119,114,0,0.1214725990000715,0,0,11
4,baseline,hash,False,15,15,3389.3768855866724,225.9584590391115,12701.884427933364,131,119,0,0.0305493800001386,0,0,0
4,combined,hash,False,15,15,3131.186887813542,208.7457925209028,11185.93443906771,136,139,0,0.3865222439999343,0,0,9
4,combined_no_info,hash,False,15,15,3138.850414511625,209.256694300775,10959.252072558123,145,147,0,0.3440721320000648,0,0,9
4,combined_no_lateral,hash,False,15,15,3185.642101769902,212.3761401179935,11333.210508849512,140,144,0,0.4394452869998986,0,0,0
4,combined_no_relocate,hash,False,15,15,3134.879396898016,208.9919597932011,11224.396984490082,135,140,0,0.2083525079999617,1,1,9
4,exact_clear,hash,False,15,15,3318.549240801911,221.23661605346072,12042.746204009554,139,140,0,0.122969638999848,1,1,6
4,full,hash,False,15,15,3311.8446722462227,220.78964481641484,12009.223361231114,139,140,0,0.1096864769999683,1,1,7
4,lateral_only,hash,False,15,15,3327.1405626269666,221.80937084179777,12540.702813134832,125,119,0,0.1051660470000115,0,0,13
4,negative_info,hash,False,15,15,3373.735619793205,224.91570798621368,12653.678098966026,130,118,0,0.0387751539999499,0,0,0
4,opportunity_only,hash,False,15,15,3478.2796540820104,231.88531027213403,12291.398270410053,157,160,0,0.0626987940001981,0,0,0
4,relocate6,hash,False,15,15,3164.298612907636,210.95324086050903,11661.49306453818,126,127,0,0.1630361570000786,1,1,10
4,relocate7,hash,False,15,15,3275.865785220665,218.39105234804435,11814.328926103326,140,138,0,0.304357581999966,2,2,8
4,route,hash,False,15,15,3155.1630839316267,210.3442055954418,11265.815419658133,137,142,0,0.1920254090000526,1,1,9
4,selective,hash,False,15,15,3299.7225030103523,219.98150020069016,12013.612515051762,137,137,0,0.234242833000053,1,1,8
4,six_1300,hash,False,15,15,3436.2850095284625,229.0856673018975,12991.425047642311,127,128,0,0.128038270000161,0,0,10
4,six_1450,hash,False,15,15,3253.797240129095,216.91981600860632,11968.986200645477,131,130,0,0.1374422599999434,0,0,11
4,six_1600,hash,False,15,15,3593.116922160035,239.54112814400236,13725.584610800172,128,133,0,0.1626738370000566,0,0,13
4,six_1730,hash,False,15,15,3710.671953874675,247.37813025831167,14398.359769373375,126,126,0,0.2447512120002102,0,0,12
5,baseline,hash,False,14,14,3469.3107387572486,247.80790991123203,13061.553693786243,133,122,0,0.0508029019999867,0,0,0
5,combined,hash,False,14,14,3045.114622834539,217.50818734532425,10805.573114172696,135,139,0,0.2768176470001435,0,0,8
5,combined_no_info,hash,False,14,14,3122.639092195604,223.04564944254312,11018.19546097802,141,144,0,0.5746986159999778,1,1,9
5,combined_no_lateral,hash,False,14,14,3172.059711161591,226.57569365439937,11125.298555807956,146,147,0,0.2695013899999594,0,0,0
5,combined_no_relocate,hash,False,14,14,3045.613709404601,217.54383638604293,10808.068547023006,135,139,0,0.1646873180000057,1,1,8
5,exact_clear,hash,False,14,14,3076.071521261683,219.7193943758345,10930.357606308417,136,140,0,0.1492976540000654,1,1,11
5,full,hash,False,14,14,3078.241200491685,219.87437146369183,10916.206002458428,137,140,0,0.2345147599999109,1,1,10
5,lateral_only,hash,False,14,14,3387.036471493018,241.9311765352156,12860.18235746509,125,120,0,0.1364092059998256,0,0,17
5,negative_info,hash,False,14,14,3415.119506435873,243.93710760256235,12875.597532179365,130,120,0,0.054197244000079,0,0,0
5,opportunity_only,hash,False,14,14,3462.39547554884,247.31396253920283,11876.9773777442,169,172,0,0.0547913430000335,0,0,0
5,relocate6,hash,False,14,14,3092.3243615894758,220.88031154210535,11356.621807947377,125,126,0,0.2270119060001434,0,0,7
5,relocate7,hash,False,14,14,3079.815601012198,219.9868286437284,10899.07800506099,138,140,0,0.3078097969998907,0,0,9
5,route,hash,False,14,14,3054.8678165546244,218.20484403961603,10789.339082773122,137,142,0,0.166984229000036,1,1,9
5,selective,hash,False,14,14,3058.443072017989,218.46021942985635,10907.215360089944,134,137,0,0.2305644670000219,1,1,10
5,six_1300,hash,False,14,14,3216.104071094816,229.7217193639154,12115.52035547408,121,118,0,0.1322730350000256,1,1,14
5,six_1450,hash,False,14,14,3206.255971963135,229.0182837116525,12116.279859815677,118,123,0,0.1108687259998078,0,0,10
5,six_1600,hash,False,14,14,3770.2842601931175,269.30601858522266,14731.421300965589,126,124,0,0.1540239670000573,0,0,15
5,six_1730,hash,False,14,14,3993.382925586465,285.2416375418904,15811.914627932329,127,126,0,0.1492334730000948,0,0,15
6,baseline,hash,False,13,13,3280.310009529062,252.33153919454324,12061.550047645307,136,123,0,0.0619484699998338,0,0,0
6,combined,hash,False,13,13,3145.4216670741207,241.95551285185545,10992.108335370604,147,147,0,0.3417821489999824,0,0,14
6,combined_no_info,hash,False,13,13,3197.997578025664,245.99981369428184,10864.98789012832,160,160,0,0.3368658920001053,0,0,14
6,combined_no_lateral,hash,False,13,13,3257.3685222588742,250.5668094045288,11181.84261129437,159,161,0,0.5024148170000444,0,0,0
6,combined_no_relocate,hash,False,13,13,3286.810236582811,252.83155666021625,11724.051182914054,146,147,0,0.4443333879999045,0,0,13
6,exact_clear,hash,False,13,13,3292.829497734612,253.29457674881627,11719.147488673056,147,149,0,0.1860210199999983,0,0,12
6,full,hash,False,13,13,3289.7470231540274,253.05746331954057,11733.735115770136,146,148,0,0.1507732759998816,0,0,12
6,lateral_only,hash,False,13,13,3237.7005670416056,249.0538897724312,12078.502835208028,127,122,0,0.1319093510001039,0,0,17
6,negative_info,hash,False,13,13,3371.7889434327176,259.3683802640552,12443.944717163587,139,123,0,0.0748067340000488,0,0,0
6,opportunity_only,hash,False,13,13,3475.5423609989666,267.34941238453587,11572.711804994831,183,181,0,0.2132904089999101,0,0,0
6,relocate6,hash,False,13,13,3263.891272888842,251.0685594529879,12159.456364444211,128,127,0,0.4314733720000276,0,0,14
6,relocate7,hash,False,13,13,3146.7706415497914,242.05928011921472,10998.853207748958,147,147,0,0.2076231160001498,0,0,12
6,route,hash,False,13,13,3289.7470231540274,253.05746331954057,11733.735115770136,146,148,0,0.5257512719999795,0,0,12
6,selective,hash,False,13,13,3282.118964370337,252.470689566949,11730.594821851684,145,146,0,0.3782387530000051,0,0,14
6,six_1300,hash,False,13,13,3222.3468527720665,247.8728348286205,12071.734263860331,124,123,0,0.2956827559999055,0,0,11
6,six_1450,hash,False,13,13,3334.7552382053955,256.51963370810734,12863.776191026978,117,112,0,0.2570009910000408,0,0,12
6,six_1600,hash,False,13,13,3281.1587292967256,252.39682533051732,12530.793646483628,118,120,0,0.1439983140001004,0,0,13
6,six_1730,hash,False,13,13,3722.94841825586,286.38064755814304,14669.742091279297,121,119,0,0.3246400100001665,0,0,16
7,baseline,hash,False,16,16,3362.3446852074144,210.1465428254634,12626.723426037071,128,117,0,0.0383509490000051,0,0,0
7,combined,hash,False,16,16,3193.8774474858405,199.61734046786503,12054.387237429202,117,118,0,0.3267391259998931,0,0,9
7,combined_no_info,hash,False,16,16,3214.083469940401,200.88021687127505,12010.417349702004,122,122,0,0.2524045629997999,0,0,10
7,combined_no_lateral,hash,False,16,16,3236.666406456778,202.29165040354863,12008.33203228389,126,125,0,0.5068863670001065,0,0,0
7,combined_no_relocate,hash,False,16,16,3165.433398352884,197.83958739705523,12002.16699176442,114,115,0,0.3910264900000584,0,0,9
7,exact_clear,hash,False,16,16,3165.3662250410302,197.8353890650644,11841.831125205152,119,122,0,0.1624074220001148,0,0,12
7,full,hash,False,16,16,3169.589452728958,198.09934079555987,11892.94726364479,118,121,0,0.1433878110001387,0,0,12
7,lateral_only,hash,False,16,16,3146.568404555115,196.6605252846947,11912.842022775576,114,114,0,0.1638216670000929,0,0,20
7,negative_info,hash,False,16,16,3190.7920977186486,199.42450610741557,11883.960488593242,124,114,0,0.042918955999994,0,0,0
7,opportunity_only,hash,False,16,16,3299.652334745974,206.22827092162336,12073.261673729869,135,130,0,0.0994370519999847,0,0,0
7,relocate6,hash,False,16,16,3252.300508016785,203.26878175104903,12301.502540083924,118,122,0,0.3887488610000673,0,0,11
7,relocate7,hash,False,16,16,3155.1120262766385,197.1945016422899,11845.560131383192,117,121,0,0.3852396679999401,0,0,11
7,route,hash,False,16,16,3183.1270805760696,198.94544253600435,12005.635402880347,117,117,0,0.1800525119999747,0,0,8
7,selective,hash,False,16,16,3157.7036919481734,197.35648074676084,11893.518459740866,116,119,0,0.2043973740001092,0,0,13
7,six_1300,hash,False,16,16,3117.823823810107,194.8639889881317,11879.119119050536,110,112,0,0.1209810579998702,0,0,11
7,six_1450,hash,False,16,16,3282.9682644000413,205.18551652500255,12499.841322000208,117,118,0,0.2303664160001517,0,0,9
7,six_1600,hash,False,16,16,3163.1069327751875,197.6941832984492,12535.534663875937,96,96,0,0.1605443819998981,0,0,12
7,six_1730,hash,False,16,16,3578.2154967235065,223.63846854521915,14586.077483617531,97,96,0,0.1528663159999723,0,0,14
8,baseline,hash,False,15,15,3372.8658713851114,224.85772475900745,12774.329356925557,127,108,0,0.0367571470001166,0,0,0
8,combined,hash,False,15,15,3244.2692657850907,216.28461771900604,11361.346328925454,149,152,0,0.3100474519999352,2,2,11
8,combined_no_info,hash,False,15,15,3245.243041169899,216.3495360779933,11471.215205849494,146,146,0,0.2604841109998688,3,3,12
8,combined_no_lateral,hash,False,15,15,3263.8739733943125,217.59159822628752,11289.369866971563,155,156,0,0.42983702000015,2,2,0
8,combined_no_relocate,hash,False,15,15,3279.822996250772,218.6548664167181,11639.11498125386,146,147,0,0.3946367490000284,2,2,11
8,exact_clear,hash,False,15,15,3292.1339107201998,219.47559404801328,11640.669553600996,148,149,0,0.2934715629999118,2,2,11
8,full,hash,False,15,15,3261.7166387350394,217.4477759156693,11463.583193675197,149,149,0,0.2773739750000459,2,2,11
8,lateral_only,hash,False,15,15,3217.55208029182,214.50347201945468,11632.7604014591,137,131,0,0.1342167499999504,0,0,18
8,negative_info,hash,False,15,15,3391.525739607431,226.1017159738288,12777.628698037155,131,106,0,0.0442843829998764,0,0,0
8,opportunity_only,hash,False,15,15,3182.2066974972413,212.14711316648277,10956.033487486207,152,156,0,0.0524629940000522,0,0,0
8,relocate6,hash,False,15,15,3313.0191901291378,220.8679460086092,12685.09595064569,116,121,0,0.512380850999989,0,0,10
8,relocate7,hash,False,15,15,3274.2598373262613,218.28398915508407,11446.299186631306,151,155,0,0.6523322099999405,2,2,10
8,route,hash,False,15,15,3261.7166387350394,217.4477759156693,11463.583193675197,149,149,0,0.6859495440000956,2,2,11
8,selective,hash,False,15,15,3242.4201240219013,216.1613416014601,11457.100620109506,146,146,0,0.1395063499999196,2,2,11
8,six_1300,hash,False,15,15,3263.070360539527,217.53802403596848,12015.351802697634,130,135,0,0.1269113810001272,0,0,9
8,six_1450,hash,False,15,15,3359.8585795511003,223.99057197007332,12454.292897755502,132,134,0,0.1440499430000272,0,0,10
8,six_1600,hash,False,15,15,3535.89489137263,235.72632609150867,13434.474456863149,128,134,0,0.1125618559999566,0,0,7
8,six_1730,hash,False,15,15,3943.723377154004,262.9148918102669,15473.616885770018,129,129,0,0.3486031649999859,0,0,11
9,baseline,hash,False,12,12,3349.4291735255583,279.1190977937965,12062.14586762779,149,132,0,0.0351430820001041,0,0,0
9,combined,hash,False,12,12,3227.0300159384965,268.9191679948747,11620.150079692485,140,143,0,0.5278834020000431,0,0,7
9,combined_no_info,hash,False,12,12,3115.0415011908544,259.58679176590454,11050.207505954271,141,140,0,0.2625862279999182,0,0,7
9,combined_no_lateral,hash,False,12,12,3156.62542487838,263.05211873986497,11033.127124391898,149,145,0,0.3815034790000027,1,1,0
9,combined_no_relocate,hash,False,12,12,3224.17413536477,268.68117794706416,11605.87067682385,140,143,0,0.2042244579999987,1,1,8
9,exact_clear,hash,False,12,12,3156.172718443914,263.0143932036595,11255.86359221957,141,140,0,0.0891454560000966,0,0,5
9,full,hash,False,12,12,3170.539180236775,264.2115983530646,11327.695901183875,141,140,0,0.0796041359999435,0,0,5
9,lateral_only,hash,False,12,12,3201.3224888966374,266.7768740747198,11646.612444483188,136,132,0,0.1324437779999243,0,0,14
9,negative_info,hash,False,12,12,3296.6541942336644,274.7211828528054,11873.270971168322,146,132,0,0.0348911490000318,0,0,0
9,opportunity_only,hash,False,12,12,3178.338418441689,264.8615348701408,11216.692092208446,146,145,0,0.0413786409999374,0,0,0
9,relocate6,hash,False,12,12,3224.955247464952,268.7462706220793,12029.77623732476,127,124,0,0.1723365689999809,0,0,12
9,relocate7,hash,False,12,12,3202.079518364718,266.8399598637265,11455.39759182359,142,141,0,0.1364726050001081,0,0,6
9,route,hash,False,12,12,3196.3671105213225,266.3639258767769,11701.835552606612,133,131,0,0.3368901780002034,1,1,7
9,selective,hash,False,12,12,3166.1727243167616,263.8477270263968,11365.863621583809,139,138,0,0.0918591800000285,0,0,5
9,six_1300,hash,False,12,12,3221.964705419271,268.49705878493927,12024.823527096356,126,127,0,0.1970222120000926,0,0,10
9,six_1450,hash,False,12,12,3243.460193955153,270.28834949626275,12217.300969775766,124,120,0,0.1124993640000866,0,0,11
9,six_1600,hash,False,12,12,3593.685338490118,299.47377820750984,13933.42669245059,125,122,0,0.1087755070000184,0,0,12
9,six_1730,hash,False,12,12,4085.030228940333,340.41918574502773,16345.151144701664,127,121,0,0.2155201069999748,0,0,13
10,baseline,hash,False,15,15,3379.166444484446,225.27776296562973,12900.83222242223,122,114,0,0.0323267950000172,0,0,0
10,combined,hash,False,15,15,3021.298258289292,201.4198838859528,10921.49129144646,126,132,0,0.3423382539999693,0,0,6
10,combined_no_info,hash,False,15,15,3185.651687730186,212.3767791820124,11418.25843865093,137,142,0,1.0131204819999766,1,1,10
10,combined_no_lateral,hash,False,15,15,3235.382895110831,215.69219300738877,11546.914475554157,141,146,0,1.0652490949998992,1,1,0
10,combined_no_relocate,hash,False,15,15,3088.772582171443,205.91817214476288,11238.862910857217,127,131,0,0.2799404830000185,0,0,10
10,exact_clear,hash,False,15,15,3490.992534104815,232.7328356069877,12454.962670524075,154,155,0,0.3438154780001241,0,0,9
10,full,hash,False,15,15,3475.720979232584,231.71473194883893,12463.60489616292,151,153,0,0.1597986550000314,0,0,8
10,lateral_only,hash,False,15,15,3283.5747218899546,218.90498145933032,12597.873609449773,115,114,0,0.1202699250000023,0,0,12
10,negative_info,hash,False,15,15,3491.756854471644,232.7837902981096,13338.784272358222,127,114,0,0.0473277169999164,0,0,0
10,opportunity_only,hash,False,15,15,3580.259091113331,238.6839394075554,12236.295455566657,176,178,0,0.0651452070001141,0,0,0
10,relocate6,hash,False,15,15,3342.7124801999958,222.8474986799997,11933.562400999976,146,151,0,0.2187398400001257,0,0,10
10,relocate7,hash,False,15,15,3482.39167019414,232.1594446796093,12521.958350970695,150,153,0,0.1841391579998799,0,0,7
10,route,hash,False,15,15,3086.4889962751035,205.7659330850069,11227.444981375518,127,131,0,0.2436980140000741,0,0,8
10,selective,hash,False,15,15,3433.6621909008254,228.9108127267217,12468.310954504126,144,145,0,0.2927067119999265,0,0,9
10,six_1300,hash,False,15,15,3249.868644676426,216.65790964509503,11829.34322338213,134,139,0,0.1206501379999736,1,1,8
10,six_1450,hash,False,15,15,3381.4093436174344,225.42728957449563,12577.046718087173,131,136,0,0.2424442760000147,0,0,9
10,six_1600,hash,False,15,15,3560.355191952548,237.35701279683653,13821.77595976274,120,121,0,0.1184611450000829,0,0,10
10,six_1730,hash,False,15,15,3633.5131113112216,242.2342074207481,13667.565556556108,137,140,0,0.3123770439999589,2,2,12
11,baseline,hash,False,10,10,3164.040719144335,316.4040719144336,11520.203595721676,137,125,0,0.0238566269999864,0,0,0
11,combined,hash,False,10,10,3023.597932173737,302.3597932173737,10332.989660868683,151,152,0,0.1938120449999587,0,0,8
11,combined_no_info,hash,False,10,10,3087.020583474585,308.7020583474585,10615.102917372924,152,154,0,0.3132411340000089,0,0,8
11,combined_no_lateral,hash,False,10,10,3189.539493867742,318.9539493867742,10722.69746933871,166,165,0,0.2812358419998872,0,0,0
11,combined_no_relocate,hash,False,10,10,3034.951023957185,303.49510239571856,10414.755119785928,150,152,0,0.1493734139999105,1,1,7
11,exact_clear,hash,False,10,10,3033.878960742325,303.3878960742326,10599.394803711628,144,144,0,0.0980919230000836,0,0,7
11,full,hash,False,10,10,3069.884527072122,306.9884527072122,10774.422635360612,144,145,0,0.1042136000000937,0,0,7
11,lateral_only,hash,False,10,10,2967.60549658528,296.760549658528,10793.0274829264,127,124,0,0.1096062450001227,0,0,11
11,negative_info,hash,False,10,10,2967.440629422176,296.7440629422175,10727.203147110877,130,122,0,0.0234410010000374,0,0,0
11,opportunity_only,hash,False,10,10,3045.218680982457,304.52186809824576,10561.093404912288,147,148,0,0.0331305639999754,0,0,0
11,relocate6,hash,False,10,10,2891.177855986341,289.1177855986341,10605.889279931704,121,115,0,0.4292009260000213,1,1,13
11,relocate7,hash,False,10,10,2966.580528312391,296.6580528312391,10642.902641561956,131,133,0,0.4692370969999047,0,0,9
11,route,hash,False,10,10,3052.682431134765,305.26824311347656,10408.412155673826,153,156,0,0.1228395600001022,1,1,7
11,selective,hash,False,10,10,3053.6761998067223,305.3676199806722,10813.38099903361,140,141,0,0.1838864779999767,0,0,7
11,six_1300,hash,False,10,10,2976.8005788202563,297.6800578820256,11054.002894101282,120,116,0,0.1079701309997744,0,0,11
11,six_1450,hash,False,10,10,2925.4808263924306,292.54808263924303,10827.404131962154,119,115,0,0.0919385049999164,1,1,9
11,six_1600,hash,False,10,10,3395.322118433373,339.5322118433373,13106.610592166864,121,119,0,0.0844239770001422,0,0,9
11,six_1730,hash,False,10,10,3624.536946087815,362.4536946087815,14167.684730439072,124,121,0,0.0865019010000196,0,0,10
12,baseline,hash,False,14,14,3437.5344284632856,245.5381734616633,12932.672142316427,132,121,0,0.0279806769999595,0,0,0
12,combined,hash,False,14,14,3177.4985800748627,226.96418429106163,11392.492900374313,137,144,0,0.2778769980000106,0,0,7
12,combined_no_info,hash,False,14,14,3181.9606678435625,227.28290484596877,11409.803339217811,137,145,0,0.2686868309999681,0,0,6
12,combined_no_lateral,hash,False,14,14,3135.658319772335,223.9755942694525,11018.291598861677,143,147,0,0.5229944969998996,0,0,0
12,combined_no_relocate,hash,False,14,14,3217.6355983223125,229.83111416587943,11568.177991611565,138,144,0,0.3233135830000719,0,0,7
12,exact_clear,hash,False,14,14,3392.729371481665,242.3378122486904,12448.646857408325,139,138,0,0.124223572999881,1,1,9
12,full,hash,False,14,14,3389.386228440054,242.0990163171467,12456.931142200268,138,138,0,0.1154010180000568,1,1,9
12,lateral_only,hash,False,14,14,3398.7700800694097,242.76929143352928,12888.850400347048,126,121,0,0.1179441450001377,0,0,14
12,negative_info,hash,False,14,14,3406.5194501337346,243.3228178666953,12782.597250668672,132,120,0,0.038321488000065,0,0,0
12,opportunity_only,hash,False,14,14,3494.973592166751,249.6409708690537,12469.867960833755,155,156,0,0.0426764999999704,0,0,0
12,relocate6,hash,False,14,14,3333.3876339449084,238.0991167103506,12206.938169724544,136,142,0,0.143868035999958,0,0,9
12,relocate7,hash,False,14,14,3398.3235726338667,242.7373980452762,12436.617863169333,140,141,0,0.3146410919998743,0,0,9
12,route,hash,False,14,14,3263.471384602381,233.1050989001701,11592.356923011906,145,150,0,0.172063074000107,0,0,8
12,selective,hash,False,14,14,3378.3943315984734,241.3138808284624,12456.971657992366,136,137,0,0.2505204779999985,1,1,11
12,six_1300,hash,False,14,14,3195.243189957332,228.2316564255237,12176.21594978666,115,115,0,0.0970993659998384,0,0,9
12,six_1450,hash,False,14,14,3331.067420257456,237.93338716124688,12875.33710128728,115,111,0,0.0991250150000269,0,0,9
12,six_1600,hash,False,14,14,3530.831511686377,252.2022508347412,13864.157558431883,115,113,0,0.2680770689999008,0,0,12
12,six_1730,hash,False,14,14,4067.951139813067,290.5679385580762,16584.755699065336,114,111,0,0.1173604079999677,0,0,9
13,baseline,hash,False,16,16,3302.197004218499,206.38731276365615,12675.985021092494,117,102,0,0.0341328189999785,0,0,0
13,combined,hash,False,16,16,3019.0067034359627,188.68791896474767,11250.033517179814,115,114,0,0.2660032920000503,0,0,11
13,combined_no_info,hash,False,16,16,3060.153064559928,191.2595665349955,11450.765322799642,115,115,0,0.2657397230000242,1,1,11
13,combined_no_lateral,hash,False,16,16,3073.69783497554,192.10611468597125,11408.4891748777,118,122,0,0.4530581559999973,0,0,0
13,combined_no_relocate,hash,False,16,16,3077.557199239613,192.34732495247584,11507.785996198068,116,116,0,0.3551308450000761,1,1,12
13,exact_clear,hash,False,16,16,3083.940925915605,192.74630786972529,11569.704629578022,115,115,0,0.2452769870001248,1,1,11
13,full,hash,False,16,16,3084.58077806387,192.78629862899191,11542.903890319354,116,116,0,0.2414258180001525,2,2,10
13,lateral_only,hash,False,16,16,3160.1792454784068,197.5112028424004,12275.896227392032,105,100,0,0.16456633100006,0,0,19
13,negative_info,hash,False,16,16,3303.4320552153577,206.46450345095985,12772.160276076787,114,99,0,0.0423104579999744,0,0,0
13,opportunity_only,hash,False,16,16,3165.876239407694,197.86726496298087,11704.38119703847,124,125,0,0.0586519010000756,0,0,0
13,relocate6,hash,False,16,16,3358.732500693392,209.920781293337,12838.66250346696,119,116,0,0.1553706740000962,1,2,11
13,relocate7,hash,False,16,16,3105.8559715202928,194.1159982200183,11589.279857601465,118,118,0,0.2968784769998365,1,1,10
13,route,hash,False,16,16,3084.58077806387,192.78629862899191,11542.903890319354,116,116,0,0.1609923739999885,2,2,10
13,selective,hash,False,16,16,3089.91903253902,193.11993953368875,11594.5951626951,115,116,0,0.1299757770000269,1,1,12
13,six_1300,hash,False,16,16,3053.734808944413,190.85842555902585,10793.674044722067,136,135,0,0.1541964489999827,0,0,10
13,six_1450,hash,False,16,16,3538.155236348335,221.13470227177092,13790.776181741676,117,115,0,0.1063506340001367,1,1,8
13,six_1600,hash,False,16,16,3643.658750699815,227.72867191873843,14188.293753499074,121,121,0,0.1072769050001625,1,1,9
13,six_1730,hash,False,16,16,3838.844912036685,239.9278070022928,15169.224560183424,121,120,0,0.1147100270000009,1,1,10
14,baseline,hash,False,11,11,3707.159012876171,337.0144557160156,14105.795064380854,140,131,0,0.0254923669999698,0,0,0
14,combined,hash,False,11,11,3634.198395922911,330.38167235662826,13605.991979614557,143,143,0,0.2435119889998986,0,0,11
14,combined_no_info,hash,False,11,11,3675.795240561005,334.1632036873641,13543.976202805025,152,152,0,0.2220985059998383,0,0,11
14,combined_no_lateral,hash,False,11,11,3635.781926791826,330.5256297083479,13498.909633959132,147,146,0,0.3630844249998972,0,0,0
14,combined_no_relocate,hash,False,11,11,3623.3082001535927,329.39165455941753,13551.541000767964,143,143,0,0.3046992729998692,0,0,11
14,exact_clear,hash,False,11,11,3710.135041704578,337.2850037913252,13975.675208522887,143,145,0,0.1225738180000917,0,0,11
14,full,hash,False,11,11,3711.2470042095,337.38609129177274,13981.235021047502,143,145,0,0.2560719810001046,0,0,11
14,lateral_only,hash,False,11,11,3648.290826607592,331.66280241887193,13986.454133037958,133,131,0,0.1002331619999949,0,0,11
14,negative_info,hash,False,11,11,3622.583524530105,329.32577495728225,13872.917622650522,133,128,0,0.0372182720000182,0,0,0
14,opportunity_only,hash,False,11,11,3884.325025150329,353.1204568318481,14101.625125751643,168,169,0,0.0460727320000842,0,0,0
14,relocate6,hash,False,11,11,3395.5737414791893,308.6885219526536,13072.868707395946,121,121,0,0.1315369359999749,0,0,11
14,relocate7,hash,False,11,11,3656.427922888376,332.4025384443978,13707.13961444188,143,145,0,0.2937755719999586,0,0,11
14,route,hash,False,11,11,3636.299933431762,330.5727212210693,13546.499667158809,145,147,0,0.3068829180001557,0,0,11
14,selective,hash,False,11,11,3697.275848808543,336.11598625532207,13981.379244042711,141,141,0,0.1278574059999755,0,0,11
14,six_1300,hash,False,11,11,3152.990077528427,286.63546159349335,11899.950387642131,120,118,0,0.1220858929998485,0,0,13
14,six_1450,hash,False,11,11,3388.3944258659703,308.0358568969064,13161.972129329852,117,116,0,0.1116731719998824,0,0,12
14,six_1600,hash,False,11,11,3426.7318760045227,311.5210796367748,13353.659380022616,117,116,0,0.1318202679999558,0,0,11
14,six_1730,hash,False,11,11,3543.9334444370097,322.17576767609177,13964.667222185048,116,116,0,0.1035171020000689,0,0,11
15,baseline,hash,False,16,16,2942.4814164824998,183.9050885301562,11427.407082412496,96,97,0,0.0342177559998617,0,0,0
15,combined,hash,False,16,16,2824.28294202749,176.51768387671814,10451.414710137453,108,114,0,0.3293441480000183,0,0,7
15,combined_no_info,hash,False,16,16,2852.025742549253,178.25160890932833,10405.128712746266,114,121,0,0.7029777499999454,0,0,5
15,combined_no_lateral,hash,False,16,16,2817.40191607313,176.08761975457062,10447.00958036565,107,113,0,0.6077602539999134,0,0,0
15,combined_no_relocate,hash,False,16,16,3031.5603154863734,189.47251971789836,11377.801577431866,112,116,0,0.2356955100001414,0,0,7
15,exact_clear,hash,False,16,16,3305.38494859857,206.58655928741064,12221.924742992853,129,136,0,0.1491735289998814,0,0,6
15,full,hash,False,16,16,3298.423150839716,206.15144692748223,12212.11575419858,128,136,0,0.2148970440000539,0,0,6
15,lateral_only,hash,False,16,16,3148.549096919183,196.78431855744893,12577.745484595916,91,98,0,0.0961617400000705,0,0,11
15,negative_info,hash,False,16,16,2922.133615784094,182.6333509865059,11375.668078920473,94,97,0,0.0399154040001121,0,0,0
15,opportunity_only,hash,False,16,16,3068.61761408188,191.78860088011749,11923.0880704094,100,104,0,0.0650099049998971,0,0,0
15,relocate6,hash,False,16,16,2897.1167979847314,181.0697998740457,10480.583989923656,119,126,0,0.3612484489999588,0,0,7
15,relocate7,hash,False,16,16,3261.701040075295,203.85631500470595,12063.505200376476,127,134,0,0.1794472899998709,0,0,6
15,route,hash,False,16,16,2888.8071312158404,180.55044570099,10479.035656079202,117,128,0,0.2322714419999556,0,0,4
15,selective,hash,False,16,16,3280.539141626157,205.0336963516348,12217.695708130785,125,132,0,0.249743017000128,0,0,7
15,six_1300,hash,False,16,16,3056.1783589615616,191.0111474350976,11555.891794807809,109,120,0,0.0912014150001141,0,0,4
15,six_1450,hash,False,16,16,3140.104160685564,196.2565100428477,11870.520803427817,113,121,0,0.1248123509999459,0,0,8
15,six_1600,hash,False,16,16,3411.228778697254,213.2017986685784,13751.143893486267,96,101,0,0.1251098529999126,0,0,7
15,six_1730,hash,False,16,16,3623.1035264261386,226.4439704016337,14810.517632130694,97,96,0,0.2559558430000379,0,0,10
16,baseline,hash,False,13,13,4053.667285627278,311.8205604328675,15453.33642813639,154,128,0,0.0346198290001211,0,0,0
16,combined,hash,False,13,13,3508.0126949449614,269.84713038038166,13305.063474724806,130,132,0,0.2297461739999562,1,1,12
16,combined_no_info,hash,False,13,13,3503.2468087843827,269.48052375264484,13106.234043921912,136,137,0,0.2413861239999732,1,1,15
16,combined_no_lateral,hash,False,13,13,3442.37372124469,264.79797855728384,12691.86860622345,140,139,0,0.3691805790001581,0,0,0
16,combined_no_relocate,hash,False,13,13,3517.892112709076,270.6070855930059,13354.46056354538,130,132,0,0.3025181709999742,1,1,12
16,exact_clear,hash,False,13,13,3871.170914936811,297.7823780720624,14470.854574684055,152,152,0,0.1884615660001145,1,1,13
16,full,hash,False,13,13,3871.7743416114554,297.8287955085734,14473.871708057271,152,152,0,0.1595128999999815,1,1,13
16,lateral_only,hash,False,13,13,3868.523618406705,297.57873987743886,14957.618092033526,137,127,0,0.1645659660000547,0,0,21
16,negative_info,hash,False,13,13,3973.4155939274033,305.647353379031,15152.077969637015,150,128,0,0.0380394349999733,0,0,0
16,opportunity_only,hash,False,13,13,4105.137301477269,315.77979242132835,14915.686507386345,176,177,0,0.0400130650000392,0,0,0
16,relocate6,hash,False,13,13,3622.33284329128,278.6409879454831,13701.664216456402,136,137,0,0.3820290349999595,0,0,15
16,relocate7,hash,False,13,13,3701.1383691649503,284.7029514742269,13595.691845824753,153,152,0,0.2064122929998575,0,0,12
16,route,hash,False,13,13,3526.685447835512,271.28349598734707,13343.42723917756,132,133,0,0.328673229999822,1,1,11
16,selective,hash,False,13,13,3868.467158792911,297.5743968302239,14457.335793964556,152,152,0,0.1633275100000446,1,1,14
16,six_1300,hash,False,13,13,3668.775475846324,282.2134981420249,13878.87737923162,138,138,0,0.156531336999933,0,0,14
16,six_1450,hash,False,13,13,3484.516080270196,268.0396984823228,13362.58040135098,125,122,0,0.1492930970000543,0,0,16
16,six_1600,hash,False,13,13,3802.124351975509,292.47110399811606,14830.621759877546,129,126,0,0.1324519429999782,0,0,11
16,six_1730,hash,False,13,13,3961.019252374561,304.693788644197,15590.096261872804,130,128,0,0.1434177640001053,0,0,13
17,baseline,hash,False,15,15,3843.840815317277,256.2560543544852,14619.204076586386,145,120,0,0.0328726399998231,0,0,0
17,combined,hash,False,15,15,3278.084452379225,218.53896349194832,11695.422261896125,144,144,0,0.328551576000109,0,0,11
17,combined_no_info,hash,False,15,15,3295.549372898747,219.70329152658317,11677.746864493736,147,150,0,0.5544848930001081,0,0,11
17,combined_no_lateral,hash,False,15,15,3464.217406358865,230.94782709059103,12196.087031794326,159,155,0,0.6742214089999834,2,2,0
17,combined_no_relocate,hash,False,15,15,3396.2245441353307,226.41496960902205,12366.122720676653,141,143,0,0.2412133840000478,0,0,11
17,exact_clear,hash,False,15,15,3475.3252949091266,231.68835299394175,12911.626474545632,136,138,0,0.3044018829998549,0,0,12
17,full,hash,False,15,15,3483.791143313684,232.25274288757893,12928.955716568422,137,138,0,0.1699716829998578,0,0,11
17,lateral_only,hash,False,15,15,3484.855491310683,232.32369942071225,13244.277456553416,128,121,0,0.1436388160000206,0,0,19
17,negative_info,hash,False,15,15,3934.771182393061,262.3180788262041,15163.855911965307,141,122,0,0.0383245929999702,0,0,0
17,opportunity_only,hash,False,15,15,3612.154548019632,240.8103032013088,13090.772740098158,153,154,0,0.0538844480001898,0,0,0
17,relocate6,hash,False,15,15,3637.7551033294185,242.5170068886279,13328.775516647092,150,147,0,0.1985195170000224,0,0,11
17,relocate7,hash,False,15,15,3403.189453392473,226.87929689283152,12550.947266962365,136,138,0,0.2063929119999556,0,0,11
17,route,hash,False,15,15,3586.1056862197493,239.07371241464995,13220.528431098746,144,147,0,0.4596898810000311,0,0,12
17,selective,hash,False,15,15,3444.84531322702,229.65635421513463,12944.226566135098,130,131,0,0.1361264909999135,0,0,13
17,six_1300,hash,False,15,15,3431.7444273726783,228.7829618248452,12583.722136863393,140,140,0,0.2899962280000636,1,1,11
17,six_1450,hash,False,15,15,3751.0544646398503,250.07029764265675,14685.272323199251,124,119,0,0.1308520039999621,0,0,12
17,six_1600,hash,False,15,15,3815.0433679722414,254.3362245314828,15055.216839861208,122,119,0,0.2388852480000878,0,0,12
17,six_1730,hash,False,15,15,3906.1974707451295,260.41316471634195,15595.987353725648,119,117,0,0.1173810880000019,0,0,11
18,baseline,hash,False,16,16,3441.1900381826654,215.0743773864166,13750.950190913329,105,86,0,0.0436381150000215,0,0,0
18,combined,hash,False,16,16,3036.602086350522,189.7876303969076,11333.01043175261,114,120,0,0.3139162390000365,0,1,9
18,combined_no_info,hash,False,16,16,3185.694325937876,199.10589537111724,11843.47162968938,122,127,0,0.3299727979999716,0,0,9
18,combined_no_lateral,hash,False,16,16,3093.4852369572773,193.34282730982983,11312.426184786384,125,126,0,0.6503470370000741,0,1,0
18,combined_no_relocate,hash,False,16,16,3152.449984228074,197.02812401425464,11917.24992114037,114,119,0,0.3945273570000154,0,0,9
18,exact_clear,hash,False,16,16,3317.0122203902674,207.3132637743917,13380.061101951336,93,96,0,0.1232812860000649,0,0,8
18,full,hash,False,16,16,3315.3041653584687,207.2065103349043,13396.520826792344,92,96,0,0.1093499659998542,0,0,8
18,lateral_only,hash,False,16,16,3278.8853621692524,204.93033513557828,13289.426810846262,91,86,0,0.1460150699999758,0,0,15
18,negative_info,hash,False,16,16,3886.798783835296,242.924923989706,16158.99391917648,99,80,0,0.0517735079999965,0,0,0
18,opportunity_only,hash,False,16,16,3337.69559282291,208.60597455143187,12868.47796411455,114,114,0,0.0672943109998414,0,0,0
18,relocate6,hash,False,16,16,3577.2934346718284,223.58083966698928,13886.467173359142,119,125,0,0.2573673980000421,0,0,7
18,relocate7,hash,False,16,16,3289.4537694213736,205.59086058883585,13212.268847106869,94,97,0,0.1467369310000776,0,0,6
18,route,hash,False,16,16,3189.139204618089,199.3212002886306,11950.696023090448,119,124,0,0.2096216969998749,0,0,9
18,selective,hash,False,16,16,3612.862041044613,225.80387756528836,15159.310205223066,83,86,0,0.2587794730000041,0,0,10
18,six_1300,hash,False,16,16,3293.3399987449784,205.83374992156115,12756.699993724891,110,112,0,0.1087743100001716,0,0,9
18,six_1450,hash,False,16,16,3525.78337369028,220.3614608556425,13768.9168684514,115,117,0,0.1023458929998923,0,0,8
18,six_1600,hash,False,16,16,3943.687052946928,246.480440809183,15988.43526473464,111,111,0,0.1184413619998849,0,0,9
18,six_1730,hash,False,16,16,4038.604955496048,252.412809718503,16348.02477748024,115,114,0,0.1327071359999081,0,0,12
19,baseline,hash,False,14,14,3647.990241673823,260.57073154813025,13919.951208369115,135,119,0,0.0345746929999677,0,0,0
19,combined,hash,False,14,14,3384.6670240964945,241.7619302926068,12898.335120482472,122,125,0,0.2968533010000556,1,1,12
19,combined_no_info,hash,False,14,14,3336.2887325097413,238.3063380364101,12596.443662548709,124,127,0,0.282870082999807,1,1,12
19,combined_no_lateral,hash,False,14,14,3440.469841620955,245.7478458300682,12752.349208104775,137,135,0,0.364707067999916,0,0,0
19,combined_no_relocate,hash,False,14,14,3336.45264052228,238.3180457515914,12582.2632026114,125,125,0,0.4107928079999965,1,1,13
19,exact_clear,hash,False,14,14,3328.221027293149,237.73007337808207,12551.105136465743,125,123,0,0.1483838109998032,1,1,12
19,full,hash,False,14,14,3184.6142118048247,227.47244370034463,11883.071059024123,123,123,0,0.2260868010000649,0,0,11
19,lateral_only,hash,False,14,14,3477.9682244042588,248.42630174316133,13394.841122021293,122,119,0,0.1241619549998631,0,0,16
19,negative_info,hash,False,14,14,3423.627130381408,244.54479502724345,12838.13565190704,134,116,0,0.0456202319999192,0,0,0
19,opportunity_only,hash,False,14,14,3565.0000950870567,254.64286393478977,12945.000475435285,151,151,0,0.0569476759999361,0,0,0
19,relocate6,hash,False,14,14,3427.197178112162,244.799798436583,13210.985890560807,119,120,0,0.1559197649999077,0,0,13
19,relocate7,hash,False,14,14,3220.8947106909936,230.06390790649957,12139.473553454967,120,123,0,0.2987976209999488,0,0,11
19,route,hash,False,14,14,3308.2756186851925,236.3054013346566,12496.378093425965,123,124,0,0.1878154599999106,1,1,13
19,selective,hash,False,14,14,3283.040479253205,234.50289137522893,12345.202396266024,124,124,0,0.2557506319999447,1,1,12
19,six_1300,hash,False,14,14,3217.173037096788,229.798074078342,11890.86518548394,128,129,0,0.1220712719998573,0,0,12
19,six_1450,hash,False,14,14,3377.1597664594024,241.22569760424304,12670.798832297012,129,128,0,0.1163222819998281,0,0,12
19,six_1600,hash,False,14,14,3691.295223633625,263.6639445452589,14526.476118168126,120,116,0,0.1381967459999487,0,0,14
19,six_1730,hash,False,14,14,3794.7339722334295,271.0524265881021,15153.669861167147,116,114,0,0.1384384699999827,0,0,15
20,baseline,hash,False,16,16,3686.9319079599663,230.4332442474979,14159.659539799832,133,110,0,0.0701553829999284,0,0,0
20,combined,hash,False,16,16,2949.770588465129,184.36066177907057,10643.852942325646,123,126,0,0.2778031670000018,0,0,11
20,combined_no_info,hash,False,16,16,2947.881441726482,184.24259010790516,10599.40720863241,124,128,0,0.4989137229999869,0,0,11
20,combined_no_lateral,hash,False,16,16,3319.973626832028,207.49835167700172,12184.86813416014,134,133,0,0.2644250470000315,1,1,0
20,combined_no_relocate,hash,False,16,16,2933.8583877003875,183.36614923127425,10654.291938501938,120,123,0,0.3487486259998604,1,1,12
20,exact_clear,hash,False,16,16,3144.067872452701,196.50424202829385,11590.339362263505,124,126,0,0.1393100739999226,3,3,9
20,full,hash,False,16,16,3145.2446894475697,196.5777930904731,11516.223447237848,127,127,0,0.1312620160001643,3,3,9
20,lateral_only,hash,False,16,16,3507.5486706621514,219.2217919163845,13677.743353310756,117,107,0,0.2886520299998665,0,0,20
20,negative_info,hash,False,16,16,3689.209939323965,230.57562120774784,14271.049696619826,130,105,0,0.076101767999944,0,0,0
20,opportunity_only,hash,False,16,16,3663.638839241069,228.9774274525668,12893.194196205344,167,170,0,0.0616961319999518,0,0,0
20,relocate6,hash,False,16,16,3037.08013962291,189.81750872643187,11440.400698114549,112,109,0,0.2972535089998018,0,0,11
20,relocate7,hash,False,16,16,3220.0772566544942,201.2548285409059,11770.386283272472,131,131,0,0.3328355250000641,1,1,8
20,route,hash,False,16,16,2967.264303587618,185.45401897422613,10676.32151793809,125,127,0,0.1842029399999774,1,1,11
20,selective,hash,False,16,16,3171.387586968947,198.2117241855592,11606.937934844736,128,130,0,0.142102062000049,3,3,10
20,six_1300,hash,False,16,16,3384.973659051545,211.5608536907216,13024.868295257726,116,120,0,0.2188933350000752,0,0,11
20,six_1450,hash,False,16,16,3294.596531584745,205.91228322404655,12772.982657923729,110,110,0,0.1428822349998881,0,0,15
20,six_1600,hash,False,16,16,3653.062239676082,228.31638997975512,13995.311198380408,130,124,0,0.1495436659999995,0,0,16
20,six_1730,hash,False,16,16,3864.5347759826022,241.53342349891267,15597.673879913014,111,110,0,0.1269936359999519,0,0,15
21,baseline,hash,False,12,12,3211.8751091740487,267.6562590978374,11729.375545870244,137,121,0,0.020894257000009,0,0,0
21,combined,hash,False,12,12,2820.3210347618324,235.02675289681935,9631.605173809165,139,139,0,0.1760062159999051,1,1,9
21,combined_no_info,hash,False,12,12,2820.614262043012,235.0511885035843,9598.071310215058,140,141,0,0.3476561219999894,1,1,8
21,combined_no_lateral,hash,False,12,12,2840.9740399404245,236.74783666170205,9899.870199702124,133,136,0,0.1349324039999828,2,2,0
21,combined_no_relocate,hash,False,12,12,2821.123695815113,235.0936413179261,9635.618479075569,139,139,0,0.2686878399999841,2,2,10
21,exact_clear,hash,False,12,12,2978.9040803653406,248.2420066971117,10414.520401826703,140,136,0,0.1098166010001477,2,2,9
21,full,hash,False,12,12,3024.4864873087727,252.0405406090644,10582.432436543864,142,138,0,0.1101548319998073,2,2,11
21,lateral_only,hash,False,12,12,3069.6079017528077,255.8006584794006,11213.039508764035,129,122,0,0.1144254620000992,0,0,16
21,negative_info,hash,False,12,12,3263.334363528073,271.94453029400614,11961.671817640368,138,121,0,0.0276965509999627,0,0,0
21,opportunity_only,hash,False,12,12,3385.948611822239,282.1623843185199,11504.743059111195,171,170,0,0.0339653389999057,0,0,0
21,relocate6,hash,False,12,12,3109.613910137126,259.13449251142714,10838.06955068563,147,147,0,0.2310432439999203,0,0,8
21,relocate7,hash,False,12,12,2879.8718053926814,239.9893171160568,9944.359026963408,139,136,0,0.2457775429998037,1,1,8
21,route,hash,False,12,12,2821.9942679492856,235.1661889957738,9654.971339746427,138,141,0,0.1348738389999653,2,2,9
21,selective,hash,False,12,12,3003.8847620327447,250.3237301693954,10509.423810163724,141,137,0,0.1037254419998134,2,2,10
21,six_1300,hash,False,12,12,3201.2777519281653,266.77314599401376,11246.388759640828,149,147,0,0.1833178310000676,0,0,7
21,six_1450,hash,False,12,12,3091.148009592149,257.5956674660124,11185.740047960744,133,129,0,0.1010584640000615,1,1,10
21,six_1600,hash,False,12,12,3477.4853613486443,289.7904467790537,13377.426806743222,124,122,0,0.0922990169999593,0,0,9
21,six_1730,hash,False,12,12,3669.27872863916,305.7732273865966,14301.393643195795,125,124,0,0.0985532919999059,0,0,9
22,baseline,hash,False,15,15,3822.0689393847833,254.80459595898557,15060.344696923916,126,105,0,0.0435644540000339,0,0,0
22,combined,hash,False,15,15,3579.17368823002,238.61157921533467,13590.868441150102,131,131,0,0.3336227039999357,1,1,11
22,combined_no_info,hash,False,15,15,3421.2866438007063,228.08577625338043,12436.433219003531,142,149,0,0.5719751920000817,1,1,7
22,combined_no_lateral,hash,False,15,15,3453.680475287091,230.24536501913943,12673.402376435455,141,139,0,0.7045268140000189,1,1,0
22,combined_no_relocate,hash,False,15,15,3633.085195990122,242.2056797326748,13825.42597995061,132,133,0,0.2143789310000556,1,1,11
22,exact_clear,hash,False,15,15,3411.7525923757,227.45017282504665,12673.7629618785,133,137,0,0.2522911779999504,2,2,11
22,full,hash,False,15,15,3432.665716741616,228.8443811161077,12743.328583708078,134,139,0,0.143981500000109,2,2,11
22,lateral_only,hash,False,15,15,3383.258843198319,225.5505895465546,13026.294215991597,117,118,0,0.1434914659998867,0,0,17
22,negative_info,hash,False,15,15,3867.89992969604,257.85999531306936,15284.4996484802,126,106,0,0.0540590200000679,0,0,0
22,opportunity_only,hash,False,15,15,3366.913735888864,224.46091572592425,12264.56867944432,139,144,0,0.0570298350000939,0,0,0
22,relocate6,hash,False,15,15,3597.3359829594456,239.82239886396303,13806.679914797229,126,131,0,0.315590702999998,0,0,10
22,relocate7,hash,False,15,15,3382.8777401943507,225.52518267962336,12469.388700971753,135,139,0,0.1710179010001411,1,1,10
22,route,hash,False,15,15,3636.0219858285823,242.40146572190548,13800.109929142913,133,136,0,0.1875948889999108,1,1,10
22,selective,hash,False,15,15,3432.412745337654,228.8275163558436,12802.06372668827,132,137,0,0.1434234179998839,2,2,12
22,six_1300,hash,False,15,15,3286.6940615469325,219.11293743646215,12203.470307734662,128,131,0,0.2329364370000348,0,0,9
22,six_1450,hash,False,15,15,3360.4342667269734,224.02895111513155,12887.171333634868,118,118,0,0.122646627999984,1,1,10
22,six_1600,hash,False,15,15,3546.892317777455,236.45948785183035,13759.461588887274,120,120,0,0.2118141519999881,1,1,8
22,six_1730,hash,False,15,15,3606.239211461968,240.41594743079784,14356.196057309837,110,110,0,0.1021528280000438,1,1,9
23,baseline,hash,False,10,10,3591.9782758016145,359.19782758016146,13689.891379008071,136,124,0,0.0205529740001111,0,0,0
23,combined,hash,False,10,10,3437.964659190147,343.7964659190147,12659.823295950737,143,141,0,0.360130091999963,0,0,10
23,combined_no_info,hash,False,10,10,3371.943579684032,337.1943579684032,12654.71789842016,132,131,0,0.1794281999998475,0,0,11
23,combined_no_lateral,hash,False,10,10,3516.436300911665,351.64363009116653,12727.181504558324,154,151,0,0.3374756020000404,0,0,0
23,combined_no_relocate,hash,False,10,10,3437.964659190147,343.7964659190147,12659.823295950737,143,141,0,0.1315934199999446,0,0,10
23,exact_clear,hash,False,10,10,3526.177846834439,352.6177846834439,13435.889234172197,132,129,0,0.0911638509999193,0,0,9
23,full,hash,False,10,10,3413.532144098731,341.3532144098731,12587.660720493655,141,141,0,0.0991114379999089,0,0,8
23,lateral_only,hash,False,10,10,3506.1497788513966,350.61497788513964,13460.748894256983,128,124,0,0.0916302220000488,0,0,12
23,negative_info,hash,False,10,10,3608.588134394992,360.8588134394992,13797.94067197496,135,124,0,0.0236275350000596,0,0,0
23,opportunity_only,hash,False,10,10,3434.888199534199,343.4888199534199,12459.440997670994,149,148,0,0.0278980969999338,0,0,0
23,relocate6,hash,False,10,10,3135.725960411922,313.57259604119224,11783.629802059611,122,119,0,0.2194351079999705,0,0,9
23,relocate7,hash,False,10,10,3409.491419691893,340.9491419691893,12567.457098459465,141,141,0,0.1372668019998855,0,0,8
23,route,hash,False,10,10,3446.258267482407,344.6258267482407,12691.291337412036,143,143,0,0.1212262930000633,0,0,10
23,selective,hash,False,10,10,3405.2697774520443,340.5269777452044,12581.34888726022,140,139,0,0.0918584330001976,0,0,8
23,six_1300,hash,False,10,10,3229.5596260306056,322.9559626030606,12367.798130153027,119,111,0,0.1306370419999893,1,1,13
23,six_1450,hash,False,10,10,3431.7725563097247,343.17725563097247,13063.862781548623,129,124,0,0.1390748940000321,0,0,14
23,six_1600,hash,False,10,10,3461.9711247113123,346.1971124711312,13424.85562355656,122,117,0,0.1092591020001236,0,0,12
23,six_1730,hash,False,10,10,3623.098829364009,362.30988293640087,14150.49414682004,125,118,0,0.1010493579999547,0,0,12
24,baseline,hash,False,12,12,3307.836834779236,275.65306956493635,12104.18417389618,141,122,0,0.0251956540000719,0,0,0
24,combined,hash,False,12,12,3015.173775196741,251.2644812663951,10680.868875983706,136,139,0,0.2161888820000967,0,0,8
24,combined_no_info,hash,False,12,12,3018.6180933348696,251.5515077779058,10668.090466674348,137,140,0,0.3543772389998594,0,0,8
24,combined_no_lateral,hash,False,12,12,3063.785980634726,255.3154983862272,10828.92990317363,140,138,0,0.322782511000014,0,0,0
24,combined_no_relocate,hash,False,12,12,3044.892325469776,253.7410271224813,10824.46162734888,136,140,0,0.1417727100001684,0,0,8
24,exact_clear,hash,False,12,12,3053.36220714973,254.4468505958108,10841.81103574865,137,140,0,0.2159542120000424,0,0,8
24,full,hash,False,12,12,3051.5120856896137,254.29267380746785,10832.560428448069,137,140,0,0.1068589790002079,0,0,8
24,lateral_only,hash,False,12,12,3154.9239291181657,262.9103274265138,11629.619645590828,129,124,0,0.1052162959999805,0,0,15
24,negative_info,hash,False,12,12,3385.110226639504,282.0925188866253,12570.55113319752,138,121,0,0.0329753290000098,0,0,0
24,opportunity_only,hash,False,12,12,3159.3961667377216,263.2830138948101,10891.980833688607,153,156,0,0.036664933999873,0,0,0
24,relocate6,hash,False,12,12,3080.639782724463,256.71998189370527,11338.198913622316,126,123,0,0.1327786869999272,0,0,11
24,relocate7,hash,False,12,12,3029.463641874816,252.455303489568,10757.31820937408,136,138,0,0.1341921999999158,0,0,8
24,route,hash,False,12,12,3051.5120856896137,254.29267380746785,10832.560428448069,137,140,0,0.1344538650000686,0,0,8
24,selective,hash,False,12,12,3062.81746015634,255.23478834636165,10889.087300781695,137,140,0,0.2001678510000601,0,0,8
24,six_1300,hash,False,12,12,3042.4543903490094,253.53786586241745,11177.271951745046,125,122,0,0.1128064890001496,0,0,10
24,six_1450,hash,False,12,12,3471.3467339477597,289.2788944956466,13416.733669738796,122,118,0,0.2286061460001747,1,1,14
24,six_1600,hash,False,12,12,3459.2181524411653,288.2681793700972,13301.090762205828,124,119,0,0.1092822089999572,1,1,13
24,six_1730,hash,False,12,12,3585.7078080974925,298.8089840081244,13973.539040487462,123,116,0,0.2110931209999762,1,1,12
25,baseline,hash,False,13,13,3500.191414371901,269.2454934132232,13335.957071859504,130,118,0,0.029442273000086,0,0,0
25,combined,hash,False,13,13,2905.128028850177,223.47138683462904,9715.640144250889,149,152,0,0.2465518149999752,0,0,8
25,combined_no_info,hash,False,13,13,3030.733651571742,233.1333578132109,9863.66825785871,165,168,0,0.5498272940001243,0,0,8
25,combined_no_lateral,hash,False,13,13,2951.602249849383,227.046326911491,9713.011249246914,157,159,0,0.2842076299998552,0,0,0
25,combined_no_relocate,hash,False,13,13,3075.0030006675747,236.5386923590442,10565.015003337874,149,152,0,0.1752801899999667,0,0,7
25,exact_clear,hash,False,13,13,2941.977876613653,226.30599050874247,10424.889383068265,132,132,0,0.1168671580001046,2,2,8
25,full,hash,False,13,13,2928.920060773415,225.3015431364165,10434.600303867075,129,132,0,0.1067784980000396,2,2,8
25,lateral_only,hash,False,13,13,3298.4716295902804,253.72858689156004,12697.3581479514,116,114,0,0.1008618180001121,0,0,16
25,negative_info,hash,False,13,13,3456.3926996904825,265.8763615146525,13166.963498452413,128,118,0,0.0399268809999284,0,0,0
25,opportunity_only,hash,False,13,13,3171.6279068754243,243.9713774519557,11308.139534377122,141,140,0,0.0417402499999752,0,0,0
25,relocate6,hash,False,13,13,3424.403418018724,263.41564753990184,12937.01709009362,128,132,0,0.3015762150000682,0,0,10
25,relocate7,hash,False,13,13,2928.356935538958,225.25822581068908,10396.784677694792,130,134,0,0.1413934440001867,1,1,7
25,route,hash,False,13,13,3034.6290939753803,233.4330072288754,10393.1454698769,148,151,0,0.1661034310000104,1,1,8
25,selective,hash,False,13,13,2917.43814719186,224.4183190147584,10447.190735959295,127,128,0,0.2603383289999783,2,2,10
25,six_1300,hash,False,13,13,3475.7742270812846,267.3672482370219,13073.871135406423,132,136,0,0.1213502549999248,0,0,9
25,six_1450,hash,False,13,13,3514.3236973808034,270.33259210621566,13491.618486904015,125,126,0,0.1057868559998951,0,0,8
25,six_1600,hash,False,13,13,3680.519613878911,283.11689337530083,14422.598069394551,122,121,0,0.1092544860000543,0,0,11
25,six_1730,hash,False,13,13,3901.3028059355865,300.100215841199,15796.514029677932,113,112,0,0.1815543470002012,0,0,9
26,baseline,hash,False,16,16,3510.283927743557,219.3927454839723,13776.419638717784,115,100,0,0.0727627619999111,0,0,0
26,combined,hash,False,16,16,3364.5352241475307,210.28345150922067,12502.676120737651,130,134,0,0.3042274889999135,0,0,8
26,combined_no_info,hash,False,16,16,3513.6473383083803,219.60295864427377,13103.2366915419,135,138,0,0.558121920000076,0,0,10
26,combined_no_lateral,hash,False,16,16,3284.648757123641,205.2905473202276,12388.243785618206,121,122,0,0.2313063369999781,1,1,0
26,combined_no_relocate,hash,False,16,16,3351.9031974170493,209.4939498385656,12759.515987085248,120,120,0,0.2127613709999423,1,1,11
26,exact_clear,hash,False,16,16,3450.3976430807597,215.64985269254743,13151.988215403797,123,125,0,0.2377099289999478,0,0,8
26,full,hash,False,16,16,3459.4410329638904,216.21506456024315,13142.205164819452,125,126,0,0.1269482630000311,0,0,8
26,lateral_only,hash,False,16,16,3464.399483158214,216.5249676973884,13771.997415791073,106,100,0,0.2958785969999553,0,0,17
26,negative_info,hash,False,16,16,3543.163269908836,221.44770436930224,13865.81634954418,118,100,0,0.0565137360001699,0,0,0
26,opportunity_only,hash,False,16,16,3341.873183973601,208.8670739983501,11874.365919868003,147,152,0,0.0697412940000958,0,0,0
26,relocate6,hash,False,16,16,3106.314717962242,194.1446698726401,11961.57358981121,105,109,0,0.2701411709999775,0,0,7
26,relocate7,hash,False,16,16,3769.605839387412,235.60036496171324,14538.02919693706,130,132,0,0.5803278440000668,0,0,7
26,route,hash,False,16,16,3520.04271336835,220.00266958552191,13185.213566841754,133,138,0,0.3784284259998003,1,1,10
26,selective,hash,False,16,16,3508.73974076189,219.29623379761813,13663.69870380945,116,116,0,0.3251659310001287,0,0,11
26,six_1300,hash,False,16,16,3440.9035914118804,215.05647446324247,13319.5179570594,116,117,0,0.12460250800018,0,0,7
26,six_1450,hash,False,16,16,3777.632683635739,236.10204272723368,14998.163418178694,116,118,0,0.1547295160000885,0,0,10
26,six_1600,hash,False,16,16,3930.502501936903,245.6564063710564,15797.512509684511,115,116,0,0.4894132090000767,0,0,12
26,six_1730,hash,False,16,16,3862.7832584612574,241.4239536538286,15333.916292306289,120,116,0,0.1502048929999091,0,0,14
27,baseline,hash,False,10,10,3749.2613687361495,374.92613687361495,14096.306843680748,150,130,0,0.0462171780000062,0,0,0
27,combined,hash,False,10,10,3287.168601733999,328.7168601733999,12110.843008669995,136,135,0,0.1645814779999455,0,0,9
27,combined_no_info,hash,False,10,10,3267.586802415702,326.75868024157023,12037.934012078513,135,135,0,0.2995906090000062,0,0,8
27,combined_no_lateral,hash,False,10,10,3291.8067533679778,329.1806753367978,12029.03376683989,140,136,0,0.2418748039999627,0,0,0
27,combined_no_relocate,hash,False,10,10,3276.260133586285,327.62601335862854,12081.300667931428,135,135,0,0.1222331339999982,1,1,9
27,exact_clear,hash,False,10,10,3314.685031695973,331.46850316959734,12078.425158479868,142,139,0,0.0943437790001553,1,1,9
27,full,hash,False,10,10,3355.2334958169367,335.52334958169365,12281.167479084685,142,139,0,0.1996250919999056,1,1,10
27,lateral_only,hash,False,10,10,3483.801738426877,348.38017384268767,13089.008692134385,137,131,0,0.1172996400000556,0,0,15
27,negative_info,hash,False,10,10,3716.147551585543,371.6147551585543,13980.737757927713,148,130,0,0.0566506089999165,0,0,0
27,opportunity_only,hash,False,10,10,3285.8982024054712,328.5898202405471,11874.491012027356,144,141,0,0.0500970020000295,0,0,0
27,relocate6,hash,False,10,10,3288.515709003452,328.8515709003452,12557.57854501726,122,117,0,0.1233533329998408,0,0,13
27,relocate7,hash,False,10,10,3298.1484966951166,329.81484966951166,12020.742483475582,141,139,0,0.2462416100001974,1,1,9
27,route,hash,False,10,10,3348.1899382993706,334.8189938299371,12250.949691496851,142,138,0,0.2344095219998507,1,1,10
27,selective,hash,False,10,10,3256.840767037482,325.6840767037482,11899.203835187407,138,137,0,0.1112713659999826,1,1,11
27,six_1300,hash,False,10,10,3203.3916195568027,320.33916195568025,12246.958097784014,118,114,0,0.0975506919999134,0,0,14
27,six_1450,hash,False,10,10,3201.3406884477567,320.1340688447757,12296.703442238784,116,112,0,0.0973747269999876,0,0,13
27,six_1600,hash,False,10,10,3270.189012485236,327.0189012485236,12665.94506242618,115,112,0,0.0899831829999584,0,0,12
27,six_1730,hash,False,10,10,3870.3416524502218,387.03416524502217,15546.70826225111,119,116,0,0.0893137430000479,0,0,11
28,baseline,hash,False,14,14,4015.75699319716,286.8397852283686,15453.784965985802,146,125,0,0.0337503620000916,0,0,0
28,combined,hash,False,14,14,3696.0438401561473,264.0031314397248,14060.219200780735,136,134,0,0.5803750370000671,2,2,14
28,combined_no_info,hash,False,14,14,3713.499776174217,265.24998401244403,13992.498880871082,141,140,0,0.5805788180000491,2,2,14
28,combined_no_lateral,hash,False,14,14,3737.528907113573,266.9663505081124,13947.644535567866,147,143,0,0.2685352039998179,1,1,0
28,combined_no_relocate,hash,False,14,14,3885.402921403386,277.5287801002419,14992.014607016932,136,137,0,0.2226656919999641,1,1,14
28,exact_clear,hash,False,14,14,3983.146730001547,284.51048071439624,15165.733650007736,147,145,0,0.152868165999962,0,0,15
28,full,hash,False,14,14,4001.057310656228,285.7898079040163,15190.28655328114,149,148,0,0.1674644810000245,0,0,14
28,lateral_only,hash,False,14,14,3909.499428540676,279.2499591814768,15267.497142703378,132,126,0,0.1313683480000236,0,0,17
28,negative_info,hash,False,14,14,3975.223784400595,283.944556028614,15306.118922002976,144,124,0,0.1010097600001245,0,0,0
28,opportunity_only,hash,False,14,14,4180.230360613299,298.5878829009499,15216.151803066496,178,177,0,0.3057471320000786,0,0,0
28,relocate6,hash,False,14,14,3932.723121900154,280.9087944214396,15223.61560950077,137,133,0,0.1845609140000306,0,0,16
28,relocate7,hash,False,14,14,3832.388624369616,273.7420445978297,14621.94312184808,140,138,0,0.3662511310001264,0,0,13
28,route,hash,False,14,14,3928.7102851116447,280.6221632222603,14958.551425558224,144,147,0,0.4300019170000269,1,1,14
28,selective,hash,False,14,14,3990.075787024297,285.00541335887834,15220.378935121482,146,146,0,0.1602575659999274,0,0,14
28,six_1300,hash,False,14,14,3730.795959303824,266.4854256645588,14293.979796519116,134,132,0,0.3506983479999235,0,0,13
28,six_1450,hash,False,14,14,3694.0792429830863,263.8628030702204,14135.396214915432,133,132,0,0.3704682800000682,0,0,14
28,six_1600,hash,False,14,14,3673.964979563706,262.42606996883615,14324.82489781853,124,119,0,0.2037696519998917,0,0,15
28,six_1730,hash,False,14,14,3901.339501347153,278.6671072390824,15321.697506735763,129,122,0,0.5919311299999208,1,1,16
29,baseline,hash,False,16,16,3968.28445296728,248.017778310455,15486.4222648364,136,111,0,0.032446494999931,0,0,0
29,combined,hash,False,16,16,3431.269550537052,214.45434690856573,13166.347752685258,120,118,0,0.2407821689998854,0,1,14
29,combined_no_info,hash,False,16,16,3435.6349618557915,214.72718511598697,13058.174809278958,124,124,0,0.4641037799999594,0,1,14
29,combined_no_lateral,hash,False,16,16,3458.9201625757883,216.1825101609868,13099.600812878942,127,124,0,0.1918982400000004,0,1,0
29,combined_no_relocate,hash,False,16,16,3431.269550537052,214.45434690856573,13166.347752685258,120,118,0,0.181187680999983,0,1,14
29,exact_clear,hash,False,16,16,3435.465498571738,214.7165936607336,13157.327492858689,121,119,0,0.2697976219999418,0,1,14
29,full,hash,False,16,16,3446.3072853209123,215.39420533255705,13176.536426604562,122,121,0,0.1393470299999535,0,1,14
29,lateral_only,hash,False,16,16,3612.217482396137,225.76359264975855,14361.087411980689,111,105,0,0.1698776520001956,0,0,23
29,negative_info,hash,False,16,16,4058.839619243105,253.67747620269407,15899.198096215525,138,109,0,0.0547942680000232,0,0,0
29,opportunity_only,hash,False,16,16,3609.4722472730223,225.5920154545639,13592.361236365112,135,136,0,0.0487879439999687,0,0,0
29,relocate6,hash,False,16,16,3586.918237880114,224.1823898675071,14084.59118940057,115,115,0,0.1398981840000033,0,0,10
29,relocate7,hash,False,16,16,3446.3072853209123,215.39420533255705,13176.536426604562,122,121,0,0.1786518010001145,0,1,14
29,route,hash,False,16,16,3446.3072853209123,215.39420533255705,13176.536426604562,122,121,0,0.330677261999881,0,1,14
29,selective,hash,False,16,16,3443.362988921046,215.21018680756535,13226.81494460523,120,118,0,0.1351117649999196,0,1,14
29,six_1300,hash,False,16,16,3467.9535218089995,216.74709511306247,13424.767609044997,118,113,0,0.2486437909999495,0,0,15
29,six_1450,hash,False,16,16,3771.52135088413,235.7200844302581,14862.60675442065,120,119,0,0.141413435000004,0,0,16
29,six_1600,hash,False,16,16,3677.501931498492,229.84387071865572,14402.50965749246,120,117,0,0.1552338009998948,0,0,17
29,six_1730,hash,False,16,16,4061.6648565958494,253.8540535372406,16268.324282979249,122,118,0,0.1899105530001179,0,0,10
30,baseline,hash,False,10,10,3202.7351980316407,320.27351980316405,11603.675990158205,141,127,0,0.0409148129999721,0,0,0
30,combined,hash,False,10,10,3250.957879754337,325.09578797543367,11624.789398771683,146,146,0,0.1274411839999629,0,0,8
30,combined_no_info,hash,False,10,10,3104.9345579595306,310.4934557959531,11099.672789797653,139,140,0,0.3163237570001911,0,0,8
30,combined_no_lateral,hash,False,10,10,3264.2619975923394,326.42619975923395,11581.309987961697,150,148,0,0.175334242999952,0,0,0
30,combined_no_relocate,hash,False,10,10,3250.957879754337,325.09578797543367,11624.789398771683,146,146,0,0.0983739569999215,0,0,8
30,exact_clear,hash,False,10,10,3283.5007422765657,328.3500742276566,11957.503711382828,140,142,0,0.0846307859999342,0,0,6
30,full,hash,False,10,10,3275.1311302879512,327.51311302879515,11975.655651439756,138,140,0,0.0882532609998634,0,0,6
30,lateral_only,hash,False,10,10,3160.1771808776043,316.01771808776044,11640.885904388022,131,127,0,0.086019331999978,0,0,11
30,negative_info,hash,False,10,10,3293.1665189707173,329.3166518970717,12195.832594853588,135,129,0,0.0576782489999914,0,0,0
30,opportunity_only,hash,False,10,10,3196.981510925424,319.6981510925424,11059.90755462712,156,155,0,0.072595099999944,0,0,0
30,relocate6,hash,False,10,10,3266.5897813738056,326.6589781373806,12092.948906869027,133,133,0,0.2427377180001713,0,0,8
30,relocate7,hash,False,10,10,3275.1311302879512,327.51311302879515,11975.655651439756,138,140,0,0.113962913000023,0,0,6
30,route,hash,False,10,10,3262.029251573405,326.2029251573405,11620.146257867023,148,148,0,0.0937337430000297,0,0,7
30,selective,hash,False,10,10,3256.1311302879512,325.6131130287951,11975.655651439756,135,136,0,0.1428576209998482,0,0,6
30,six_1300,hash,False,10,10,3258.568282879218,325.85682828792176,12097.841414396087,132,129,0,0.1924276909999207,0,0,9
30,six_1450,hash,False,10,10,3392.384435396204,339.2384435396204,12831.92217698102,130,126,0,0.1234977509998316,0,0,9
30,six_1600,hash,False,10,10,3538.7012731055424,353.87012731055427,13588.506365527712,129,126,0,0.1044400910000149,0,0,9
30,six_1730,hash,False,10,10,3972.4437146757377,397.2443714675738,15557.218573378688,136,131,0,0.1326686690001679,0,0,14
31,baseline,hash,False,13,13,3715.850871778178,285.8346824444752,13904.25435889089,149,125,0,0.0246412800001962,0,0,0
31,combined,hash,False,13,13,2888.779286600678,222.21379127697523,9763.89643300339,146,141,0,0.3787605640000038,1,1,10
31,combined_no_info,hash,False,13,13,3006.571025428551,231.2746942637347,10042.855127142757,156,153,0,0.212769906999938,2,2,12
31,combined_no_lateral,hash,False,13,13,3011.217788343873,231.6321375649133,9961.088941719368,160,154,0,0.3166094929999872,1,1,0
31,combined_no_relocate,hash,False,13,13,3031.022622561989,233.15558635092228,10515.113112809948,144,143,0,0.1867075099999056,0,0,10
31,exact_clear,hash,False,13,13,3074.03098576624,236.4639219820185,10815.1549288312,142,136,0,0.2768450030000622,1,1,13
31,full,hash,False,13,13,3097.0453203316274,238.2342554101252,10935.226601658136,142,135,0,0.1296988809999675,1,1,14
31,lateral_only,hash,False,13,13,3430.338934360589,263.8722257200453,12876.694671802945,133,125,0,0.1253779209998811,0,0,19
31,negative_info,hash,False,13,13,3449.8273924690398,265.3713378822338,12834.136962345196,139,123,0,0.0329021049999482,0,0,0
31,opportunity_only,hash,False,13,13,3453.6218701595844,265.6632207815065,11978.109350797922,166,163,0,0.0326243420001901,0,0,0
31,relocate6,hash,False,13,13,3185.4173392648268,245.0321030203713,11542.086696324131,136,132,0,0.1549145400001634,0,0,12
31,relocate7,hash,False,13,13,2942.558785154737,226.3506757811336,10212.793925773683,139,140,0,0.1507214179998754,1,1,10
31,route,hash,False,13,13,3040.1432600713742,233.85717385164415,10505.716300356871,146,144,0,0.1387469710000459,0,0,10
31,selective,hash,False,13,13,3090.521837044803,237.7324490034464,10927.609185224012,141,135,0,0.1503645430000233,1,1,14
31,six_1300,hash,False,13,13,3534.300253214787,271.8692502472913,13176.501266073936,140,134,0,0.3088216890000694,1,1,18
31,six_1450,hash,False,13,13,3568.7261169754693,274.51739361349763,13438.630584877346,137,131,0,0.1270711280001251,0,0,14
31,six_1600,hash,False,13,13,3601.883758513693,277.0679814241302,13739.418792568466,132,129,0,0.1173490930000298,0,0,13
31,six_1730,hash,False,13,13,3636.525178945737,279.732706072749,13952.625894728684,131,126,0,0.2352083140001468,0,0,14
32,baseline,hash,False,16,16,4181.924876330807,261.37030477067543,16529.624381654034,137,111,0,0.0351773719999073,0,0,0
32,combined,hash,False,16,16,3539.273213081807,221.20457581761292,13071.366065409036,141,140,0,0.3104681939998954,0,0,11
32,combined_no_info,hash,False,16,16,3993.867116639152,249.616694789947,14979.33558319576,153,153,0,0.672459821000075,1,1,14
32,combined_no_lateral,hash,False,16,16,3679.14624273002,229.94664017062627,13400.7312136501,153,154,0,0.2934022789997925,0,0,0
32,combined_no_relocate,hash,False,16,16,3773.6224855594455,235.85140534746532,14083.112427797229,146,147,0,0.4531447100000605,0,0,14
32,exact_clear,hash,False,16,16,3768.222367374056,235.5138979608785,13991.11183687028,148,150,0,0.2513194850000673,0,0,14
32,full,hash,False,16,16,3761.740978810627,235.1088111756642,14123.704894053137,142,147,0,0.324606471999914,0,0,13
32,lateral_only,hash,False,16,16,3770.488984622733,235.6555615389208,14782.444923113662,124,114,0,0.3154850850000912,0,0,22
32,negative_info,hash,False,16,16,4096.964673223759,256.0602920764849,16234.823366118795,132,110,0,0.0535800559998733,0,0,0
32,opportunity_only,hash,False,16,16,4076.583623807109,254.7864764879443,14797.918119035545,173,172,0,0.0560879580000346,0,0,0
32,relocate6,hash,False,16,16,3552.1585415517625,222.0099088469852,13740.792707758812,120,124,0,0.1667001700000128,0,0,12
32,relocate7,hash,False,16,16,3708.590651077958,231.7869156923724,13827.95325538979,144,143,0,0.5396283289999246,1,1,14
32,route,hash,False,16,16,3728.660318378656,233.041269898666,13968.30159189328,142,145,0,0.5712199419999706,0,0,13
32,selective,hash,False,16,16,3709.705283319708,231.85658020748173,13938.526416598535,140,142,0,0.8575255490000018,0,0,17
32,six_1300,hash,False,16,16,3651.04073375031,228.1900458593944,13700.203668751552,138,141,0,0.1666319920000205,0,0,13
32,six_1450,hash,False,16,16,3608.510385883815,225.5318991177384,13712.551929419073,131,131,0,0.277717855000219,1,1,14
32,six_1600,hash,False,16,16,3864.605426682615,241.53783916766344,15063.027133413076,129,127,0,0.1438593600000786,0,0,16
32,six_1730,hash,False,16,16,4267.824354252342,266.7390221407714,17179.12177126171,126,122,0,0.4399865300001693,0,0,15
33,baseline,hash,False,16,16,3404.631733151672,212.78948332197947,12833.158665758358,129,113,0,0.0687895489998027,0,0,0
33,combined,hash,False,16,16,3169.755722446537,198.10973265290855,11438.778612232683,134,132,0,0.4690685929999745,0,0,11
33,combined_no_info,hash,False,16,16,3270.733065002882,204.42081656268013,11473.66532501441,149,151,0,0.2211897080001108,1,1,11
33,combined_no_lateral,hash,False,16,16,3172.9474579858224,198.3092161241139,11319.737289929111,138,139,0,0.4002752589999545,0,0,0
33,combined_no_relocate,hash,False,16,16,3194.139283294176,199.633705205886,11650.69641647088,131,129,0,0.1521976140002152,1,1,10
33,exact_clear,hash,False,16,16,3164.831714653115,197.80198216581968,11449.158573265577,132,135,0,0.1214069220000055,0,0,8
33,full,hash,False,16,16,3345.199347429356,209.07495921433477,12315.99673714678,133,137,0,0.1299799379999058,0,0,8
33,lateral_only,hash,False,16,16,3264.2441528040167,204.01525955025105,12441.220764020083,117,111,0,0.3260055240000383,0,0,22
33,negative_info,hash,False,16,16,3394.56767336376,212.16047958523495,12742.838366818798,131,111,0,0.0438173479999477,0,0,0
33,opportunity_only,hash,False,16,16,3429.3800714140293,214.33625446337683,12531.900357070146,140,143,0,0.0553325579999182,0,0,0
33,relocate6,hash,False,16,16,3438.650816916683,214.9156760572927,12323.254084583416,148,154,0,0.1892932150001343,0,0,10
33,relocate7,hash,False,16,16,3144.103721731651,196.5064826082282,11290.518608658256,133,141,0,0.1806877829999393,0,0,10
33,route,hash,False,16,16,3219.619173468896,201.226198341806,11743.09586734448,132,131,0,0.163251867000099,1,1,10
33,selective,hash,False,16,16,3317.388675210111,207.33679220063195,12331.943376050556,128,131,0,0.2267762290000519,0,0,9
33,six_1300,hash,False,16,16,3412.3689376364914,213.2730586022807,12741.844688182457,131,129,0,0.1879220050000185,0,0,14
33,six_1450,hash,False,16,16,3596.8373191774617,224.80233244859136,13754.186595887308,128,126,0,0.1561419749998549,0,0,16
33,six_1600,hash,False,16,16,3570.57934296278,223.16120893517373,13647.896714813898,127,126,0,0.2888608529999601,0,0,14
33,six_1730,hash,False,16,16,4029.56937994813,251.84808624675813,15852.84689974065,130,129,0,0.2861978420000923,0,0,15
34,baseline,hash,False,10,10,2976.7258822045005,297.67258822045005,10628.629411022504,135,126,0,0.0203611850001834,0,0,0
34,combined,hash,False,10,10,2943.801117084753,294.3801117084753,10564.005585423763,130,131,0,0.1757039869999062,1,1,7
34,combined_no_info,hash,False,10,10,2936.14045290187,293.614045290187,10525.702264509351,130,131,0,0.3123079440001675,1,1,7
34,combined_no_lateral,hash,False,10,10,2991.3241115500155,299.13241115500153,10676.620557750077,135,131,0,0.1507132859999274,1,1,0
34,combined_no_relocate,hash,False,10,10,3078.4951226353487,307.84951226353485,11262.475613176744,129,131,0,0.142878322000115,0,0,7
34,exact_clear,hash,False,10,10,2922.67704562525,292.2677045625249,10208.38522812625,138,141,0,0.0798529959999996,0,0,6
34,full,hash,False,10,10,2934.7157599724574,293.47157599724574,10218.578799862287,140,141,0,0.0960394979999819,0,0,6
34,lateral_only,hash,False,10,10,2899.799062004328,289.9799062004328,10368.99531002164,130,126,0,0.0759945559998414,0,0,10
34,negative_info,hash,False,10,10,2967.989070227597,296.7989070227597,10584.945351137983,135,126,0,0.0284450550000201,0,0,0
34,opportunity_only,hash,False,10,10,3083.22047992637,308.322047992637,10601.10239963185,152,153,0,0.0264457939999829,0,0,0
34,relocate6,hash,False,10,10,3161.4274637085614,316.1427463708561,12087.137318542807,116,114,0,0.1122712189999219,0,0,9
34,relocate7,hash,False,10,10,2931.2261183727323,293.1226118372732,10201.13059186366,140,141,0,0.1152541139999812,0,0,6
34,route,hash,False,10,10,3072.596937760426,307.2596937760426,11262.984688802131,128,130,0,0.2048141299999315,0,0,7
34,selective,hash,False,10,10,2929.852832449889,292.98528324498886,10224.264162249445,139,140,0,0.181593600000042,0,0,6
34,six_1300,hash,False,10,10,3061.562234859957,306.1562234859957,11537.811174299786,117,119,0,0.0769504600000345,0,0,9
34,six_1450,hash,False,10,10,3439.630442251126,343.96304422511264,13408.15221125563,118,118,0,0.1059287640000548,0,0,11
34,six_1600,hash,False,10,10,3435.475250076777,343.5475250076777,13397.376250383884,118,116,0,0.0836384910001015,0,0,9
34,six_1730,hash,False,10,10,3475.949260300905,347.5949260300905,13499.746301504523,122,116,0,0.1780984749998424,0,0,11
35,baseline,hash,False,10,10,3137.9835203371968,313.79835203371965,11379.917601685984,137,127,0,0.0458255949999966,0,0,0
35,combined,hash,False,10,10,3009.9926121797694,300.99926121797694,10244.963060898846,152,151,0,0.2248528879999867,0,0,10
35,combined_no_info,hash,False,10,10,3094.3786024379324,309.43786024379324,10276.893012189665,165,164,0,0.428594645999965,0,0,9
35,combined_no_lateral,hash,False,10,10,3143.153633401106,314.3153633401106,10820.768167005532,155,154,0,0.2446716960000685,0,0,0
35,combined_no_relocate,hash,False,10,10,3021.3915719140336,302.13915719140334,10331.957859570168,151,150,0,0.2948435800001334,0,0,9
35,exact_clear,hash,False,10,10,3080.589268173213,308.0589268173213,10932.946340866063,141,139,0,0.1619887709998693,0,0,7
35,full,hash,False,10,10,3080.4456836638483,308.04456836638485,10932.228418319242,141,139,0,0.0877444230000037,0,0,7
35,lateral_only,hash,False,10,10,3043.937280284522,304.3937280284522,11059.68640142261,131,127,0,0.1362612989998979,0,0,9
35,negative_info,hash,False,10,10,3073.442070300552,307.34420703005514,11172.21035150276,133,124,0,0.0257345300001361,0,0,0
35,opportunity_only,hash,False,10,10,3189.1280038904547,318.91280038904546,11295.640019452274,147,145,0,0.0278869999999642,0,0,0
35,relocate6,hash,False,10,10,3153.315985085697,315.3315985085697,11731.579925428485,126,127,0,0.2070629510001254,0,0,7
35,relocate7,hash,False,10,10,3052.462132469275,305.2462132469275,10782.310662346374,141,141,0,0.1219509479999487,0,0,8
35,route,hash,False,10,10,3020.271352470646,302.0271352470646,10326.356762353227,151,150,0,0.1532255009999517,0,0,9
35,selective,hash,False,10,10,3080.4456836638483,308.04456836638485,10932.228418319242,141,139,0,0.1279344960000799,0,0,7
35,six_1300,hash,False,10,10,3004.3662180632423,300.43662180632424,11001.831090316213,126,124,0,0.1000670809999064,0,0,9
35,six_1450,hash,False,10,10,3081.909934413038,308.1909934413038,11609.549672065192,119,115,0,0.0973823349997928,1,1,10
35,six_1600,hash,False,10,10,3344.998190030062,334.49981900300617,12884.990950150308,120,118,0,0.1766222819999257,0,0,9
35,six_1730,hash,False,10,10,3806.890125973826,380.6890125973826,14924.450629869129,129,127,0,0.0853060550000464,0,0,8
36,baseline,hash,False,12,12,3135.517045770704,261.29308714755865,11662.58522885352,124,123,0,0.035225144999913,0,0,0
36,combined,hash,False,12,12,2951.130326435069,245.9275272029224,10295.651632175344,138,142,0,0.2162286299999323,0,0,9
36,combined_no_info,hash,False,12,12,3015.167032928793,251.2639194107328,10425.835164643966,145,145,0,0.4970999350000511,1,1,11
36,combined_no_lateral,hash,False,12,12,3111.6570902874632,259.3047575239553,10578.285451437316,156,156,0,0.4838838580001265,1,1,0
36,combined_no_relocate,hash,False,12,12,3009.199364375013,250.76661369791773,10630.996821875066,137,138,0,0.152918007999915,0,0,10
36,exact_clear,hash,False,12,12,3132.316684885393,261.0263904071161,11196.583424426964,138,143,0,0.1291663709998829,1,1,7
36,full,hash,False,12,12,3126.948031719107,260.5790026432589,11179.740158595534,138,141,0,0.205082012000048,1,1,7
36,lateral_only,hash,False,12,12,3052.0043832612537,254.33369860510447,11320.021916306268,121,123,0,0.0704653509999388,0,0,8
36,negative_info,hash,False,12,12,3032.627175651226,252.71893130426884,11258.135878256133,120,121,0,0.0284065470000314,0,0,0
36,opportunity_only,hash,False,12,12,3127.8814849078685,260.656790408989,11184.407424539342,138,141,0,0.0357607739999821,0,0,0
36,relocate6,hash,False,12,12,2920.981750370289,243.41514586419075,10329.908751851444,132,135,0,0.3128609519999372,0,0,7
36,relocate7,hash,False,12,12,3103.495621639834,258.62463513665284,11062.47810819917,138,141,0,0.1966338820000146,1,1,7
36,route,hash,False,12,12,3019.0998477055914,251.591653975466,10625.499238527957,139,139,0,0.1875444899999365,0,0,10
36,selective,hash,False,12,12,3096.3580275633667,258.02983563028056,11181.790137816834,133,135,0,0.2029659909999281,1,1,7
36,six_1300,hash,False,12,12,3039.100758163329,253.25839651361076,11165.503790816643,124,126,0,0.0852250450000156,0,0,4
36,six_1450,hash,False,12,12,3426.212309680989,285.51769247341576,13161.061548404949,122,124,0,0.1166155399998842,1,1,10
36,six_1600,hash,False,12,12,3456.9465646943268,288.0788803911939,13369.732823471631,120,123,0,0.1342509240000708,1,1,8
36,six_1730,hash,False,12,12,3627.79537507882,302.3162812565683,14228.9768753941,120,122,0,0.2674807729999884,1,1,9
37,baseline,hash,False,11,11,3423.1305452116817,311.1936859283347,12915.652726058408,133,120,0,0.0238489900000331,0,0,0
37,combined,hash,False,11,11,3238.736433222872,294.4305848384429,11818.68216611436,136,140,0,0.3689890850000665,0,0,10
37,combined_no_info,hash,False,11,11,3255.0671891013144,295.9151990092104,11900.335945506573,136,140,0,0.2606892629999038,0,0,10
37,combined_no_lateral,hash,False,11,11,3256.794698194705,296.0722452904277,11783.973490973523,141,140,0,0.4087389379999422,0,0,0
37,combined_no_relocate,hash,False,11,11,3244.468526402973,294.9516842184521,11847.342632014865,136,140,0,0.3305279749999954,0,0,10
37,exact_clear,hash,False,11,11,3308.061591624694,300.73287196588126,12425.307958123469,128,128,0,0.2724252929999693,1,1,10
37,full,hash,False,11,11,3307.820004280828,300.71090948007526,12454.100021404138,127,127,0,0.1003187300000263,1,1,10
37,lateral_only,hash,False,11,11,3319.602019538044,301.7820017761858,12648.010097690216,123,120,0,0.094034135999891,0,0,12
37,negative_info,hash,False,11,11,3430.95411881933,311.9049198926663,13104.770594096648,127,120,0,0.0275816529999701,0,0,0
37,opportunity_only,hash,False,11,11,3395.015495342032,308.63777230382107,12655.07747671016,136,129,0,0.0319887709999875,0,0,0
37,relocate6,hash,False,11,11,3266.072127823826,296.9156479839842,12405.360639119132,121,125,0,0.2224829100000533,0,0,6
37,relocate7,hash,False,11,11,3345.167695020424,304.1061540927658,12555.83847510212,130,129,0,0.1761954250000599,0,0,9
37,route,hash,False,11,11,3242.6946349800887,294.79042136182625,11838.473174900444,136,140,0,0.1692586630001642,0,0,10
37,selective,hash,False,11,11,3303.8120766589327,300.3465524235393,12434.060383294664,127,127,0,0.1330796090001058,1,1,10
37,six_1300,hash,False,11,11,3355.5392848347283,305.04902589406623,12962.696424173642,118,118,0,0.1257054970001263,0,0,9
37,six_1450,hash,False,11,11,3431.014303629712,311.91039123906467,13325.071518148556,118,121,0,0.1368063620000157,0,0,8
37,six_1600,hash,False,11,11,3951.693990678443,359.2449082434948,15898.469953392214,119,122,0,0.1229068420000203,0,0,8
37,six_1730,hash,False,11,11,4147.581923890391,377.0529021718537,16902.90961945195,118,122,0,0.0870473160000528,0,0,7
38,baseline,hash,False,11,11,2716.5244326190564,246.9567666017324,9677.622163095282,121,121,0,0.0431461190000845,0,0,0
38,combined,hash,False,11,11,2593.249796550273,235.7499815045703,8771.248982751365,131,129,0,0.1627212079999935,0,0,5
38,combined_no_info,hash,False,11,11,2670.839703333969,242.8036093939972,8914.198516669845,139,138,0,0.3273930249999921,0,0,7
38,combined_no_lateral,hash,False,11,11,2690.996209905093,244.6360190822812,9119.981049525466,136,132,0,0.3153179290000025,0,0,0
38,combined_no_relocate,hash,False,11,11,2614.6148384471444,237.69225804064948,8878.074192235721,131,129,0,0.1228664990001107,0,0,6
38,exact_clear,hash,False,11,11,2696.9695196521943,245.17904724110855,9379.847598260973,127,131,0,0.1062811959998271,0,0,6
38,full,hash,False,11,11,2717.829444818054,247.07540407436852,9424.147224090271,129,133,0,0.4776013529999545,0,0,6
38,lateral_only,hash,False,11,11,2666.1558224691908,242.3778020426537,9475.779112345954,119,121,0,0.0691916030000356,0,0,8
38,negative_info,hash,False,11,11,2757.1205673774703,250.64732430704277,9830.602836887352,123,121,0,0.0751859439999407,0,0,0
38,opportunity_only,hash,False,11,11,2819.116221092817,256.28329282661974,9660.581105464084,138,142,0,0.0825821180001185,0,0,0
38,relocate6,hash,False,11,11,2936.040671787195,266.91278834429045,10630.203358935976,126,125,0,0.6536073960000977,0,0,9
38,relocate7,hash,False,11,11,2717.829444818054,247.07540407436852,9424.147224090271,129,133,0,0.4909218499999497,0,0,6
38,route,hash,False,11,11,2618.538738399104,238.0489762181004,8882.69369199552,131,132,0,0.4079791550000209,0,0,6
38,selective,hash,False,11,11,2697.78766529431,245.2534241176645,9383.93832647155,127,131,0,0.1664575479999257,0,0,6
38,six_1300,hash,False,11,11,2720.6621588051325,247.33292352773933,9643.310794025663,123,122,0,0.0763300129999606,0,0,5
38,six_1450,hash,False,11,11,3127.6195939311456,284.3290539937405,11873.097969655728,116,118,0,0.2040521490000628,0,0,6
38,six_1600,hash,False,11,11,3427.58730556257,311.59884596023363,13287.936527812848,119,120,0,0.1414279260000057,0,0,9
38,six_1730,hash,False,11,11,3545.675469605692,322.3341336005174,13908.37734802846,118,119,0,0.6255815499998789,0,0,8
39,baseline,hash,False,16,16,3821.229538418421,238.8268461511513,14926.147692092103,130,106,0,0.0396011650000218,0,0,0
39,combined,hash,False,16,16,3173.9952534483723,198.37470334052327,12279.976267241862,106,108,0,0.3194703240001217,0,0,12
39,combined_no_info,hash,False,16,16,3224.9645100937787,201.5602818808612,12284.822550468894,114,118,0,0.341234403000044,0,0,12
39,combined_no_lateral,hash,False,16,16,3214.1092054014034,200.8818253375877,12120.546027007018,118,120,0,0.2805432930001643,0,0,0
39,combined_no_relocate,hash,False,16,16,3197.889523031301,199.8680951894563,12399.447615156503,106,108,0,0.2128495209999528,0,0,12
39,exact_clear,hash,False,16,16,3491.1108647469746,218.1944290466859,13245.554323734872,127,127,0,0.2662556620000487,1,1,11
39,full,hash,False,16,16,3476.6469457595813,217.29043410997383,13173.234728797906,127,127,0,0.1395506999999725,1,1,11
39,lateral_only,hash,False,16,16,3512.9034511869786,219.55646569918616,13749.517255934894,115,108,0,0.1332845169999927,0,0,18
39,negative_info,hash,False,16,16,3794.381735132369,237.14885844577307,14841.908675661844,128,106,0,0.0435718630001247,0,0,0
39,opportunity_only,hash,False,16,16,3696.393970122577,231.02462313266108,13551.969850612886,151,151,0,0.0610171329999502,0,0,0
39,relocate6,hash,False,16,16,3456.9728580237297,216.0608036264831,13404.864290118649,116,116,0,0.2073024470000746,0,0,10
39,relocate7,hash,False,16,16,3329.3337729440664,208.08336080900412,12466.668864720332,126,126,0,0.2051720419999583,1,2,12
39,route,hash,False,16,16,3210.9871149160067,200.6866946822504,12344.935574580031,110,112,0,0.4146012599999267,0,0,12
39,selective,hash,False,16,16,3465.6919735688625,216.6057483480539,13178.459867844313,125,125,0,0.142758287000106,1,1,12
39,six_1300,hash,False,16,16,3845.024016798832,240.314001049927,15235.12008399416,119,123,0,0.1304922080000778,0,0,10
39,six_1450,hash,False,16,16,3619.2722095352647,226.20451309595404,14106.361047676322,120,118,0,0.2381240989998332,0,0,12
39,six_1600,hash,False,16,16,3790.01123281406,236.8757020508788,15105.056164070302,115,114,0,0.2331383030000324,0,0,11
39,six_1730,hash,False,16,16,4070.030645121587,254.3769153200992,16440.153225607937,118,112,0,0.1371435019998443,0,0,12
