seed,mode,noise,stress,true_sources,cleared,virtual_seconds,seconds_per_source,movement_metres,detects,switches,failed_clears,local_runtime_seconds,pruned_covers,extra_full_scans,lateral_steps,case_type
20000,combined,alternating,True,15,15,4341.341221776484,289.42274811843225,16856.70610888242,150,145,0,0.1995079939999868,0,0,15,
20000,combined,hash,True,15,15,4036.557447723141,269.1038298482094,15627.787238615703,140,136,0,0.370303154000112,0,0,13,
20000,combined,minus,True,15,15,4320.473215295349,288.03154768635665,16802.36607647675,148,145,0,0.2096224750000601,0,0,13,
20000,combined,plus,True,15,15,4035.366280296351,269.0244186864234,15611.831401481752,140,138,0,0.2697297170000183,0,0,14,
20000,combined,smooth,True,15,15,4363.275615908278,290.8850410605519,16811.37807954139,155,151,0,0.4449075329998777,0,0,17,
20001,combined,alternating,True,14,14,3961.276286413068,282.94830617236204,14866.38143206534,154,148,0,0.2748931950000042,0,0,14,
20001,combined,hash,True,14,14,3946.7185201834927,281.90846572739235,14868.592600917464,151,148,0,0.2572855319999689,0,0,15,
20001,combined,minus,True,14,14,3948.7932378386495,282.05665984561784,14878.966189193246,151,148,0,0.3620354069998939,0,0,15,
20001,combined,plus,True,14,14,4109.342145070027,293.5244389335734,15991.710725350134,141,136,0,0.1884916399999383,0,0,14,
20001,combined,smooth,True,14,14,3938.075963082098,281.2911402201499,14855.37981541049,150,147,0,0.3387812019998364,0,0,14,
20002,combined,alternating,True,13,13,4325.294285112947,332.71494500868823,16951.471425564738,146,140,0,0.3758672420001403,0,0,14,
20002,combined,hash,True,13,13,4369.98176119656,336.15244316896616,17364.9088059828,139,137,0,0.1895923659999425,0,0,17,
20002,combined,minus,True,13,13,4319.907805600917,332.3006004308397,16924.539028004583,146,140,0,0.279864790999909,0,0,15,
20002,combined,plus,True,13,13,4389.567269866449,337.65902075895764,17387.836349332247,142,137,0,0.2153426080001281,0,0,19,
20002,combined,smooth,True,13,13,4395.530584021245,338.11773723240344,17382.652920106226,143,139,0,0.4090679690000343,0,0,18,
20003,combined,alternating,True,13,13,3977.76514062942,305.9819338945708,15038.825703147098,152,145,0,0.1635266479997881,0,0,13,
20003,combined,hash,True,13,13,4005.286161994154,308.09893553801186,15051.43080997077,156,150,0,0.2029641259998698,0,0,14,
20003,combined,minus,True,13,13,3973.757403187312,305.67364639902394,15043.787015936558,151,145,0,0.3306122089998098,0,0,14,
20003,combined,plus,True,13,13,3937.540329305562,302.8877176388894,15177.70164652781,140,137,0,0.3425804429998607,0,0,13,
20003,combined,smooth,True,13,13,4034.1339784512975,310.3179983424075,15100.669892256488,159,154,0,0.2605848460000288,0,0,14,
20004,combined,alternating,True,12,12,3681.244905578504,306.7704087982086,13841.224527892518,143,138,0,0.2081562099999701,0,0,12,
20004,combined,hash,True,12,12,3667.370850972756,305.614237581063,13796.854254863778,142,138,0,0.2027566550000301,0,0,11,
20004,combined,minus,True,12,12,4028.70107008947,335.7250891741225,15488.505350447347,146,141,0,0.3162085810001827,0,0,15,
20004,combined,plus,True,12,12,3670.362492948411,305.86354107903423,13811.812464742054,142,138,0,0.3116884879998451,0,0,11,
20004,combined,smooth,True,12,12,4023.571294249603,335.2976078541336,15482.856471248017,145,142,0,0.1833621109999512,0,0,15,
20005,combined,alternating,True,11,11,3855.218220613408,350.474383692128,14606.09110306704,147,144,0,0.3520802219998131,0,0,15,
20005,combined,hash,True,11,11,3874.938616389207,352.2671469444733,14609.693081946034,150,148,0,0.170104935999916,0,0,13,
20005,combined,minus,True,11,11,3856.606568531771,350.6005971392519,14613.032842658851,147,144,0,0.3584813340000892,0,0,15,
20005,combined,plus,True,11,11,3803.7369105895623,345.79426459905113,14318.684552947814,148,145,0,0.2215777129999878,0,0,15,
20005,combined,smooth,True,11,11,3814.2250284981137,346.7477298634649,14311.12514249057,150,147,0,0.1738274479998836,0,0,15,
20006,combined,alternating,True,11,11,3796.541191661107,345.1401083328279,14322.705958305534,147,142,0,0.339571775999957,0,0,14,
20006,combined,hash,True,11,11,3791.211425143493,344.6555841039539,14286.057125717463,147,144,0,0.1827326260001882,0,0,14,
20006,combined,minus,True,11,11,3771.796846595789,342.890622417799,14283.984232978946,144,140,0,0.3016290460000164,0,0,12,
20006,combined,plus,True,11,11,3897.4502651238954,354.3136604658086,14677.251325619472,152,147,0,0.1628458049999608,0,0,11,
20006,combined,smooth,True,11,11,3803.498584754621,345.7725986140564,14297.4929237731,149,144,0,0.2500822890001473,0,0,14,
20007,combined,alternating,True,13,13,3782.116896652042,290.93206897323404,14520.584483260214,136,133,0,0.327925728000082,0,0,11,
20007,combined,hash,True,13,13,3986.933394873604,306.68718422104644,15084.66697436802,151,150,0,0.1894867580001573,0,0,13,
20007,combined,minus,True,13,13,3780.1714040122256,290.78241569324814,14510.857020061128,136,133,0,0.2450050550000924,0,0,13,
20007,combined,plus,True,13,13,4002.5416717706903,307.88782090543776,15167.708358853452,151,149,0,0.154394338999964,0,0,13,
20007,combined,smooth,True,13,13,3780.222242843,290.78632637253844,14501.111214214998,136,135,0,0.1584199690000787,0,0,11,
20008,combined,alternating,True,11,11,4114.102145467969,374.0092859516336,16055.510727339846,143,133,0,0.3169228229999135,0,0,14,
20008,combined,hash,True,11,11,3799.537864816381,345.4125331651255,14432.689324081904,144,138,0,0.3168319279998286,0,0,13,
20008,combined,minus,True,11,11,4120.327682534035,374.5752438667305,16001.638412670176,146,135,0,0.1919648170000982,0,0,16,
20008,combined,plus,True,11,11,3802.352541859653,345.6684128963321,14471.762709298266,143,138,0,0.2034451020001597,0,0,14,
20008,combined,smooth,True,11,11,4113.861417667391,373.98740160612647,15994.307088336956,145,135,0,0.1831016940000154,0,0,16,
20009,combined,alternating,True,10,10,3935.767856432728,393.5767856432728,15083.83928216364,146,139,0,0.1680200680000325,0,0,12,
20009,combined,hash,True,10,10,3946.122489222416,394.6122489222416,15075.61244611208,148,141,0,0.3286741370000072,0,0,13,
20009,combined,minus,True,10,10,3928.736531119104,392.8736531119104,15048.68265559552,146,139,0,0.1922558399999161,0,0,13,
20009,combined,plus,True,10,10,3593.840742037522,359.3840742037522,13184.20371018761,152,147,0,0.1510945709999305,0,0,13,
20009,combined,smooth,True,10,10,3605.089991622237,360.5089991622236,13190.449958111183,154,147,0,0.1909346919999279,0,0,13,
20010,combined,alternating,True,16,16,3925.6443670176486,245.35277293860304,15108.221835088243,138,134,0,0.2896798770000259,0,0,15,
20010,combined,hash,True,16,16,3928.7481850826944,245.5467615676684,15083.740925413473,139,137,0,0.4084492079998654,0,0,14,
20010,combined,minus,True,16,16,4180.854257324041,261.30339108275257,16319.271286620204,140,137,0,0.2213328519999322,0,0,17,
20010,combined,plus,True,16,16,3928.016844949108,245.5010528093192,15215.084224745538,135,130,0,0.2185432240000864,0,0,13,
20010,combined,smooth,True,16,16,3904.813782452435,244.0508614032772,15079.068912262175,135,134,0,0.3949814289999267,0,0,15,
20011,combined,alternating,True,13,13,4204.151764730684,323.396289594668,16665.758823653417,135,131,0,0.2335067120000076,0,0,14,
20011,combined,hash,True,13,13,4251.087186713428,327.0067066702637,16555.435933567143,147,140,0,0.204366759000095,0,0,16,
20011,combined,minus,True,13,13,4209.3815419148605,323.79858014729695,16666.9077095743,136,131,0,0.2018945239999539,0,0,15,
20011,combined,plus,True,13,13,4258.970389622878,327.6131068940676,16584.851948114392,148,137,0,0.4264696539999022,0,0,18,
20011,combined,smooth,True,13,13,4242.992311917789,326.3840239936761,16554.961559588948,146,137,0,0.3869903649999742,0,0,18,
20012,combined,alternating,True,14,14,3994.814367729035,285.3438834092168,15469.071838645175,139,136,0,0.1998314540001047,0,0,12,
20012,combined,hash,True,14,14,3991.009392601746,285.0720994715533,15410.046963008732,140,139,0,0.198495413000046,0,0,14,
20012,combined,minus,True,14,14,3986.2607972941873,284.73291409244194,15451.303986470935,138,136,0,0.3765622939999957,0,0,12,
20012,combined,plus,True,14,14,4079.814883405622,291.41534881468726,15639.07441702811,147,147,0,0.2156293099999402,0,0,14,
20012,combined,smooth,True,14,14,3988.837484440056,284.9169631742897,15464.18742220028,138,136,0,0.3846506510001291,0,0,14,
20013,combined,alternating,True,13,13,3943.544371981825,303.349567075525,15027.721859909125,146,143,0,0.1768277759999819,0,0,13,
20013,combined,hash,True,13,13,3958.7104861045946,304.51619123881494,15033.552430522972,148,147,0,0.2384141150000687,0,0,16,
20013,combined,minus,True,13,13,3948.721420726597,303.7478015943536,15043.607103632983,146,145,0,0.3431266750001214,0,0,13,
20013,combined,plus,True,13,13,4303.524168869548,331.0403206822729,16902.620844347737,144,138,0,0.3975247509999917,0,0,15,
20013,combined,smooth,True,13,13,3954.904037717845,304.22338751675727,15049.520188589224,147,145,0,0.1543723219999719,0,0,12,
20014,combined,alternating,True,14,14,4352.406440149674,310.88617429640533,17147.03220074837,143,138,0,0.3965604610000355,0,0,14,
20014,combined,hash,True,14,14,4128.112491740967,294.86517798149765,16025.562458704831,143,138,0,0.2770266919999358,0,0,15,
20014,combined,minus,True,14,14,4357.74266040524,311.2673328860886,17153.7133020262,144,137,0,0.298743566999974,0,0,16,
20014,combined,plus,True,14,14,4124.666746621932,294.619053330138,16008.333733109665,143,138,0,0.4143285079999259,0,0,16,
20014,combined,smooth,True,14,14,4114.563144911979,293.8973674937128,15972.815724559894,142,140,0,0.1916818069998953,0,0,12,
20015,combined,alternating,True,10,10,3920.9920198249006,392.09920198249006,14924.960099124502,149,141,0,0.3201594680001562,0,0,12,
20015,combined,hash,True,10,10,3627.4290809216272,362.74290809216274,13532.145404608136,146,141,0,0.1521801579999646,0,0,12,
20015,combined,minus,True,10,10,3897.066616675201,389.7066616675201,14860.333083376006,147,140,0,0.1662579659998755,0,0,11,
20015,combined,plus,True,10,10,3807.444998429969,380.7444998429969,14527.224992149842,143,137,0,0.2333687149998695,0,0,11,
20015,combined,smooth,True,10,10,3902.864555855449,390.2864555855449,14859.322779277243,148,141,0,0.1611750800000209,0,0,13,
20016,combined,alternating,True,12,12,3843.023167035686,320.2519305863072,14330.11583517843,154,147,0,0.1903438529998311,0,0,16,
20016,combined,hash,True,12,12,3860.61702657754,321.7180855481283,14328.085132887698,157,150,0,0.3470337379999364,0,0,14,
20016,combined,minus,True,12,12,3841.185015355518,320.09875127962647,14345.92507677759,153,147,0,0.3459731139998894,0,0,16,
20016,combined,plus,True,12,12,3948.641148071674,329.0534290059729,15088.205740358371,146,141,0,0.1759648770000694,0,0,14,
20016,combined,smooth,True,12,12,3880.743056487351,323.39525470727926,14373.715282436757,159,151,0,0.2704934209998555,0,0,16,
20017,combined,alternating,True,11,11,3873.202718677536,352.1093380615942,14951.01359338768,139,133,0,0.2356372169999758,0,0,13,
20017,combined,hash,True,11,11,3861.096363132726,351.00876028479325,14785.48181566363,143,134,0,0.35276979199989,0,0,15,
20017,combined,minus,True,11,11,3870.6981694318697,351.8816517665336,14838.490847159348,143,133,0,0.3617944960001296,0,0,14,
20017,combined,plus,True,11,11,3875.775016761306,352.3431833419369,14963.87508380653,139,133,0,0.1817521130001296,0,0,13,
20017,combined,smooth,True,11,11,3858.874487512585,350.8067715920532,14894.372437562924,138,135,0,0.2948684310001681,0,0,14,
20018,combined,alternating,True,10,10,3729.312644621107,372.93126446211073,13996.563223105535,148,140,0,0.3087313660000745,0,0,11,
20018,combined,hash,True,10,10,3719.3346766565737,371.93346766565736,13941.673383282869,148,141,0,0.2968241329999728,0,0,12,
20018,combined,minus,True,10,10,3721.053197349629,372.1053197349629,14005.265986748143,146,140,0,0.229776720000018,0,0,12,
20018,combined,plus,True,10,10,3600.1157566960383,360.0115756696038,13365.578783480192,147,142,0,0.1811212549998799,0,0,13,
20018,combined,smooth,True,10,10,3738.810103097036,373.8810103097036,13919.05051548518,152,145,0,0.1665371750000304,0,0,13,
20019,combined,alternating,True,10,10,3708.7333709503314,370.8733370950332,13638.666854751657,156,151,0,0.19419807700001,0,0,15,
20019,combined,hash,True,10,10,3974.6365190984543,397.4636519098455,15103.182595492272,152,144,0,0.3226763459999802,0,0,12,
20019,combined,minus,True,10,10,3947.500753380886,394.7500753380886,15142.50376690443,146,139,0,0.1607750900000155,0,0,14,
20019,combined,plus,True,10,10,3722.5478417926993,372.2547841792699,13737.739208963496,155,150,0,0.2323484949999965,0,0,15,
20019,combined,smooth,True,10,10,3948.960851516307,394.8960851516307,15149.804257581534,146,139,0,0.1707190689999151,0,0,13,
90000,combined,plus,False,10,10,1885.252694563256,188.5252694563256,6206.263472816281,100,94,0,0.0502126989999851,0,0,1,colocated_origin_and_nearby
90000,combined,minus,False,10,10,1885.252694563256,188.5252694563256,6206.263472816281,100,94,0,0.0401745260001007,0,0,1,colocated_origin_and_nearby
90001,combined,plus,False,16,16,175.0,10.9375,0.0,16,15,0,0.0009078280002086,0,0,0,sixteen_at_origin
90001,combined,minus,False,16,16,175.0,10.9375,0.0,16,15,0,8.731000002626388e-05,0,0,0,sixteen_at_origin
90002,combined,plus,False,10,10,2533.942186934517,253.3942186934517,7309.710934672585,170,172,0,0.065408970999897,0,0,2,ten_at_outer_boundary
90002,combined,minus,False,10,10,2532.3689407758134,253.23689407758133,7301.844703879066,170,172,0,0.0693556510000235,0,0,2,ten_at_outer_boundary
90003,combined,plus,False,16,16,2264.153125521588,141.50957034509926,8085.765627607941,94,97,0,0.2157601979999981,1,1,5,sixteen_collinear
90003,combined,minus,False,16,16,2264.153125559757,141.5095703474848,8085.765627798784,94,97,0,0.255096113000036,1,1,5,sixteen_collinear
90004,combined,plus,False,10,10,2297.116426134173,229.71164261341727,7305.582130670863,131,131,0,0.1131838989999778,0,0,4,ten_in_small_outer_cluster
90004,combined,minus,False,10,10,2247.776928807817,224.7776928807817,7083.884644039086,131,126,0,0.1215393300001324,0,0,2,ten_in_small_outer_cluster
