seed,action_seed,case_sha256,successful,all_cleared,failed_clear_count,source_total,accepted_exit,physical_audit_pass,full_reward_accounting_pass,gae1_telescoping_pass,transitions,completion_reason,virtual_time_s,lower_bound_s,time_over_lower_bound,fixed_tail_s,all_reported_fallback_s,sign_disagreements,sign_disagreement_fraction,opposite_nonzero_signs,gae95_positive,gae1_positive,gae95_mean_s,gae1_mean_s,gae95_variance_s2,gae1_variance_s2,value_error_bias_s,value_error_mae_s,value_error_rmse_s
3000001,9114100,31f54ced771f01a6e22cb8498f05727a92c7870ee250e09c022c867230b32425,True,True,0,12,True,True,True,True,146,coverage_exhausted_and_all_detected_cleared,3274.645114,1361.9343447311858,2.404407471379495,0.0,36.69194500000003,46,0.3150684931506849,46,66,30,-22.41045215684198,-118.46731225826625,4514.289576021087,10982.317761332475,-118.46731225826862,142.8186194508648,158.1670693761215
3000002,9114101,4a5fd4bde835d2b4eae5b6121255731a1b5e1304a97803e6679278c5bf9ae4b0,True,True,0,13,True,True,True,True,130,coverage_exhausted_and_all_detected_cleared,3593.923383,2028.1626020911597,1.772009492382142,0.0,42.41356099999996,4,0.03076923076923077,4,18,14,-66.13097209118727,-231.74304643615977,5142.2567691686545,29722.842312714463,-231.74304643616287,245.51995425789622,288.8385048504253
3000003,9114102,1bb0258a8a761f64eea5d48d147ec9421c4d447a1e75fd1aa056e3fb8d3bbde6,True,True,0,11,True,True,True,True,140,coverage_exhausted_and_all_detected_cleared,2988.83634,1683.64069237041,1.775222203611624,0.0,0.0,37,0.2642857142857143,37,103,140,18.793068097548154,113.72947065844808,948.1734649443056,1450.9057929328887,113.72947065844572,113.72947065844572,119.93872722846055
3000004,9114103,f21071d490de1062c85959758238f193184650c881a89a4b0cb8d332bc369afc,True,True,0,12,True,True,True,True,126,coverage_exhausted_and_all_detected_cleared,2820.951134,1291.908942356475,2.1835526030607952,0.0,52.823252000000025,31,0.24603174603174602,31,95,126,41.45790592871711,214.5362076967724,3102.886868600221,5924.39975669774,214.53620769676982,214.53620769676982,227.9258304133367
3000005,9114104,a334f534cd1695788117062661544f4399d7c447bba81350e0fb56a5c68c0aa6,True,True,0,14,True,True,True,True,132,coverage_exhausted_and_all_detected_cleared,3223.21019,1724.827560126366,1.8687144526864226,0.0,0.0,36,0.2727272727272727,36,60,34,-17.61979624508895,-66.91441120052664,2915.296085647382,7848.239324751173,-66.91441120052943,100.09359935683514,111.0215193152438
3000006,9114105,7d56225d11666db4698f1f24e300ad013511cd380fd638be86232559aeb565d8,True,True,0,12,True,True,True,True,126,coverage_exhausted_and_all_detected_cleared,3032.167597,1577.529486172584,1.9220988409900799,0.0,0.0,68,0.5396825396825397,68,43,111,17.126639389116153,154.73389249686724,11335.50442791214,17075.93106050452,154.73389249686468,167.82259426660232,202.53026575733324
3000007,9114106,eb43d23c954a31ae86830394bc22ff54e65c08da55414e858c65089c76639cd2,True,True,0,16,True,True,True,True,138,source_count_upper_bound_reached,3441.991509,2106.7651847198727,1.6337803253843244,0.0,53.086488000000145,15,0.10869565217391304,15,43,28,-43.169082722387415,-168.35241839133474,4757.197598623075,20272.106719090127,-168.35241839133735,185.7401021429097,220.48728647543993
3000008,9114107,62e2c752abe6ec1693f77ef6afa0e41e7f0b2ab39f40f95f7812ccf3fc41cb46,True,True,0,13,True,True,True,True,136,coverage_exhausted_and_all_detected_cleared,3069.909294,1837.2811875334257,1.6708979087307771,0.0,0.0,57,0.41911764705882354,57,55,100,9.290101601199646,51.5258336086889,6133.545601173239,8424.362302418236,51.52583360868681,85.14859177186602,105.25812952683617
3000009,9114108,fefb2afff4cef9b2680ab7680fad5fad5b1520ce1f5183fa9b22fd46c778ef7f,True,True,0,16,True,True,True,True,116,source_count_upper_bound_reached,2899.780802,1655.1867268003211,1.7519357514457792,0.0,0.0,9,0.07758620689655173,9,78,71,26.58078076552877,41.00648974854726,4086.7269171611683,9513.569902560586,41.006489748544844,79.62776143871545,105.8069095289035
3000010,9114109,f8a9c80fca190528ef5a0358e1b9506aa0697deafb406e172c2b6af7bb9b9d23,True,True,0,13,True,True,True,True,136,coverage_exhausted_and_all_detected_cleared,3391.654899,2020.5924887877468,1.678544742604097,0.0,0.0,46,0.3382352941176471,46,49,5,-33.63222119635012,-159.16289325367808,4173.925866004112,5873.53043300731,-159.16289325368072,160.90702104671035,176.65321118476766
3000011,9114110,9d9e55d72882bef0ce9734000f39ad474924ff9585de354b3a0784a516d151c7,True,True,0,12,True,True,True,True,135,coverage_exhausted_and_all_detected_cleared,3471.212939,1738.0282139541268,1.997213227685623,0.0,0.0,4,0.02962962962962963,4,30,28,-48.04237130364538,-181.97130231668262,3752.3282968480853,21145.967162403347,-181.97130231668564,196.99578959977012,232.93673396275395
3000012,9114111,e800ded577a3050225693fcedabc0373d4e372807bd30405ceb9385dfed4fdcd,True,True,0,15,True,True,True,True,138,coverage_exhausted_and_all_detected_cleared,3206.032517,1884.6875503959811,1.7010949726528404,0.0,0.0,62,0.4492753623188406,62,67,5,-16.49376606214535,-152.43921044894728,6076.167707768871,7181.488815769863,-152.43921044894984,154.29036450523233,174.41101369486063
3000013,9114112,3b57d1610b4091835255b3d73dbc4e617112dc14a6eb4f0ff5ac8ed1ce722109,True,True,0,10,True,True,True,True,133,coverage_exhausted_and_all_detected_cleared,2615.917509,1068.615199744671,2.4479508710198328,0.0,66.72030100000006,2,0.015037593984962405,2,127,127,68.31506053401425,309.8025539634107,1771.987600614825,22090.13703590992,309.8025539634075,310.6351969847257,343.6098943251766
3000014,9114113,0d0bfa8fcc2228e083284e89e0314a1f6ee19423d210f53205500970bfe96269,True,True,0,13,True,True,True,True,128,coverage_exhausted_and_all_detected_cleared,3007.24524,1731.6704831907114,1.7366151754570318,0.0,0.0,54,0.421875,54,73,127,22.40917129686561,162.9400116569495,3523.4127992397925,5163.099427906719,162.94001165694667,163.62735940661753,178.08016966151146
3000015,9114114,d78307f0a0c82a16b17f00543468313ff4a5c9e77dcb4b90a6ff69449d86be93,True,True,0,13,True,True,True,True,124,coverage_exhausted_and_all_detected_cleared,2988.80909,1522.1706147499413,1.9635177955994079,0.0,17.136109000000033,37,0.29838709677419356,37,84,121,18.431220136086896,115.43781730684697,3066.155999134949,3294.7652759054363,115.43781730684475,116.69872595248056,128.92111906306863
3000016,9114115,c95f053c81c2d68636007e06239607755d04bf354d6749de6f4a886f3dc2726b,True,True,0,10,True,True,True,True,140,coverage_exhausted_and_all_detected_cleared,2900.269687,1632.675753671603,1.7763904930160195,0.0,0.0,47,0.3357142857142857,47,92,139,35.856696279366446,229.32086297784556,4558.450070555585,8663.403181067073,229.32086297784244,229.72776426247106,247.49032582702952
